===VAL===
2026-06-09T04:57:02+00:00,63261.3,sell,118.098888599672,62731.1,63371.2,63567.5,63171.2,63402.83065,63147.42966,63119.76935,62907.473375,swing,default_1r
2026-06-09T05:58:38+00:00,63389.4,sell,95.8572068849153,63334.0,63499.7,63400.7,63171.2,63531.3947,63275.29908,63247.4053,63034.41325,swing,default_1r
2026-06-09T09:37:23+00:00,62781.4,sell,81.8413691807514,62680.0,62922.5,62846.6,62506.8,62953.8907,62668.39348,62608.9093,62350.17325,swing,default_1r
2026-06-09T13:39:02+00:00,62222.7,sell,108.57088853167,62234.5,62717.7,62802.9,,62385.5563327975,62110.69914,62059.8436672025,61815.5591680062,atr_fallback,default_1r
2026-06-09T18:33:02+00:00,61664.8,sell,135.097855076193,61580.2,61939.0,61857.3,61099.2,61969.8324,61512.2838,61359.7676,60902.219,swing,default_1r
2026-06-09T19:45:04+00:00,61857.3,sell,108.724614475736,61746.0,62022.9,61857.3,61568.5,62053.82865,61745.95686,61660.77135,61365.978375,swing,default_1r
2026-06-09T20:21:02+00:00,62015.1,sell,115.832479530673,61921.0,62099.9,62717.7,61568.5,62130.90755,61903.47282,61899.29245,61725.581125,swing,default_1r
2026-06-09T21:18:02+00:00,62006.5,sell,77.4664367607219,62007.9,62149.8,62250.0,61568.5,62180.80325,61894.8883,61832.19675,61570.741875,swing,default_1r
2026-06-09T22:01:45+00:00,61742.3,sell,79.0828639977469,61744.1,61880.9,61857.3,61568.5,61911.77115,61631.16386,61599.37115,61318.622125,swing,snap_support
2026-06-09T22:55:37+00:00,61731.5,sell,89.5864661873054,61747.5,61945.4,61680.9,61631.0,61865.879699281,61620.3833,61597.120300719,61395.5507517976,atr_fallback,default_1r
2026-06-09T23:34:05+00:00,61657.6,sell,97.9231883316049,61616.2,61850.0,61680.9,61631.0,61880.8288,61545.9856,61434.3712,61099.528,swing,default_1r
2026-06-10T00:37:01+00:00,61675.8,sell,99.7680476708519,61689.1,61864.0,61680.9,61519.0,61894.8379,61564.78356,61549.8379,61128.20525,swing,snap_support
2026-06-10T02:12:58+00:00,61650.0,sell,108.423389881066,61544.2,61808.0,61850.0,61519.0,61838.825,61539.03,61461.175,61177.9375,swing,default_1r
2026-06-10T02:45:04+00:00,61345.5,sell,121.648147977897,61262.0,61522.3,61850.0,,61552.97275,61235.0781,61138.02725,60826.818125,swing,default_1r
2026-06-10T03:30:06+00:00,61541.6,sell,92.0259199079392,61306.0,61458.4,61850.0,,61679.6388798619,61430.82512,61403.5611201381,61196.5028003452,atr_fallback,default_1r
2026-06-10T09:12:01+00:00,61110.0,sell,92.9637875010412,61128.7,61288.0,61565.1,61108.8,61318.555,61000.002,60901.445,60588.6125,swing,default_1r
2026-06-10T11:07:21+00:00,61069.1,sell,120.641631530746,61230.2,61426.7,61396.4,61045.7,61250.0624472961,60959.17562,60888.1375527039,60616.6938817597,atr_fallback,default_1r
2026-06-10T14:01:39+00:00,62120.8,sell,164.948992168226,61407.4,62421.6,,61113.3,62452.6604,61954.8698,61788.9396,61291.149,swing,default_1r
2026-06-10T15:33:46+00:00,62235.4,sell,174.804873426453,61814.7,62397.1,62421.6,61782.0,62428.2177,62123.37628,62042.5823,61753.35575,swing,default_1r
2026-06-10T17:33:57+00:00,61693.3,sell,155.477671463084,61979.0,62169.5,61918.0,61407.4,61926.5165071946,61576.6917464027,61438.24665,61110.2587320134,atr_fallback,snap_support
2026-06-10T18:51:49+00:00,61641.2,sell,133.667536590045,61810.3,61993.8,61918.0,61616.0,61841.7013048851,61530.24584,61440.6986951149,61139.9467377873,atr_fallback,default_1r
2026-06-10T20:14:23+00:00,61769.6,sell,124.045678311212,61815.8,62014.7,61918.0,61616.0,62045.5848,61631.6076,61493.6152,61079.638,swing,default_1r
2026-06-10T21:07:25+00:00,61649.7,sell,96.9054778487574,61673.9,61780.4,61918.0,61645.0,61811.22485,61538.73054,61488.17515,61245.887875,swing,default_1r
2026-06-10T21:52:30+00:00,61337.3,sell,111.893644733309,61570.9,61697.7,61918.0,,61505.1404671,61226.89286,61169.4595329,60917.6988322501,atr_fallback,default_1r
2026-06-11T01:01:02+00:00,61792.7,sell,93.3101653158486,61740.9,61906.3,62038.0,61645.0,61937.19635,61681.47314,61675.89635,61431.459125,swing,snap_support
2026-06-11T02:24:04+00:00,62058.3,sell,93.3118806593104,62080.0,62253.8,62342.8,61645.0,62284.82915,61945.035425,61831.77085,61491.977125,swing,default_1r
2026-06-11T03:22:26+00:00,62042.5,sell,85.1537990909968,61975.7,62200.0,62038.0,61911.5,62231.02125,61930.8235,61853.97875,61571.196875,swing,default_1r
2026-06-11T12:25:19+00:00,62940.1,sell,110.513183596891,62973.8,63173.7,62827.0,62580.0,63205.17005,62807.564975,62675.02995,62277.424875,swing,default_1r
2026-06-11T13:34:45+00:00,62819.0,sell,108.012349752516,62828.1,63021.0,62827.0,62580.0,63052.4095,62702.29525,62611.4095,62235.47625,swing,snap_support
2026-06-11T14:15:03+00:00,62765.9,sell,140.929560666444,62686.0,63200.0,62827.0,62771.0,62977.2943409997,62652.92138,62554.5056590003,62237.4141475008,atr_fallback,default_1r
2026-06-11T15:01:09+00:00,62700.6,sell,128.570000573404,62812.1,62982.0,62970.7,62644.8,63013.3503,62544.22485,62387.8497,61918.72425,swing,default_1r
2026-06-11T16:04:39+00:00,62724.0,sell,115.088186618478,62540.0,62855.8,62970.7,62697.1,62887.162,62611.0968,62560.838,62316.095,swing,default_1r
2026-06-11T16:54:00+00:00,62631.8,sell,100.294386649362,62520.0,62780.0,62855.8,62496.5,62811.3159,62519.06276,62452.2841,62183.01025,swing,default_1r
2026-06-11T20:31:18+00:00,63352.5,sell,95.6755967523868,63452.8,63516.3,63767.5,62697.1,63547.97625,63238.4655,63157.02375,62863.809375,swing,default_1r
2026-06-11T21:58:50+00:00,63439.7,sell,60.581207405582,63408.7,63549.0,63565.8,63235.8,63580.71985,63325.50854,63298.68015,63087.150375,swing,default_1r
2026-06-12T06:42:01+00:00,62916.8,sell,81.8855282025322,63062.8,63178.5,63565.8,,63039.6282923038,62803.54976,62793.9717076962,62609.7292692405,atr_fallback,default_1r
2026-06-12T08:27:02+00:00,63465.8,sell,82.0558045459216,62974.6,63179.8,63620.1,63393.2,63588.8837068189,63351.56156,63342.7162931811,63158.0907329528,atr_fallback,default_1r
2026-06-12T11:44:55+00:00,63751.1,sell,70.1245392296274,63650.0,63846.9,63758.6,63549.9,63878.77555,63636.34802,63623.42445,63431.911125,swing,default_1r
2026-06-12T13:34:46+00:00,63385.5,sell,85.9576102216146,63330.2,63507.9,63587.0,62802.8,63539.59275,63271.4061,63231.40725,63000.268125,swing,default_1r
2026-06-12T17:07:29+00:00,63816.6,sell,121.49497358275,63841.3,63957.1,64362.6,63549.9,63989.0083,63701.73012,63644.1917,63385.57925,swing,default_1r
2026-06-12T18:10:22+00:00,63711.0,sell,87.9553260481631,63770.2,63855.1,63853.9,63708.0,63886.9555,63596.3202,63535.0445,63271.11125,swing,default_1r
2026-06-12T19:45:07+00:00,63612.5,sell,76.9549377996086,63600.5,63755.8,63853.9,63549.9,63787.60625,63497.9975,63437.39375,63174.734375,swing,default_1r
2026-06-14T18:24:04+00:00,63679.4,sell,60.8669173083326,63667.2,63773.5,64183.4,,63805.3397,63564.77708,63553.4603,63364.55075,swing,default_1r
===DECL===
2026-06-09T04:54:01+00:00,63303.2,sell,117.714188914629,62731.1,63371.2,63567.5,63171.2,STANDARD,mc_a_red_diamond
2026-06-09T10:48:48+00:00,62674.3,sell,70.6572354283044,62602.0,62922.5,62846.6,62664.3,STANDARD,mc_a_red_diamond
2026-06-09T21:16:30+00:00,62113.1,sell,77.4664367607219,62007.9,62149.8,62250.0,61568.5,STANDARD,mc_a_red_diamond
2026-06-11T22:46:13+00:00,63539.2,sell,60.8273087985656,63465.2,63609.1,63565.8,63235.8,PREMIUM,mc_a_redx
2026-06-11T23:04:14+00:00,63415.5,sell,62.0589376532332,63425.1,63550.0,63565.8,63235.8,STANDARD,mc_a_red_diamond
2026-06-12T01:08:15+00:00,63448.7,sell,75.1817171486981,63610.4,63699.0,63565.8,63328.1,STANDARD,cvd_bear_flip
2026-06-12T01:16:16+00:00,63458.6,sell,70.8631283008849,63443.5,63699.0,63565.8,63328.1,STANDARD,mc_a_red_diamond
2026-06-12T01:30:02+00:00,63327.2,sell,72.5021744574553,63443.5,63519.3,63565.8,63235.8,STANDARD,mc_a_red_diamond
2026-06-12T01:30:03+00:00,63327.2,sell,72.5021744574553,63443.5,63519.3,63565.8,63235.8,STANDARD,mc_a_redx
2026-06-12T03:29:56+00:00,63539.2,sell,61.1243880337046,63524.0,63620.1,63565.8,63328.1,PREMIUM,mc_a_redx
2026-06-12T03:30:01+00:00,63411.0,sell,61.1243880337046,63524.0,63620.1,63565.8,63328.1,STANDARD,mc_a_redx
2026-06-12T03:30:02+00:00,63411.0,sell,61.1243880337046,63524.0,63620.1,63565.8,63328.1,STANDARD,mc_a_blood_diamond
2026-06-12T03:30:02+00:00,63411.0,sell,61.1243880337046,63524.0,63620.1,63565.8,63328.1,STANDARD,mc_a_red_diamond
2026-06-12T03:30:03+00:00,63411.0,sell,61.1243880337046,63524.0,63620.1,63565.8,63328.1,STANDARD,mc_a_red_diamond
2026-06-12T03:33:02+00:00,63437.4,sell,60.6440514263303,63524.0,63620.1,63565.8,63328.1,STANDARD,mc_b_buy_circle
2026-06-12T04:06:03+00:00,63469.9,sell,52.0011644507875,63410.8,63498.9,63565.8,63328.1,PREMIUM,mc_a_red_diamond
2026-06-12T04:12:03+00:00,63507.7,sell,53.3545748047535,63410.8,63498.9,63565.8,63328.1,STANDARD,mc_a_bluetriangle
2026-06-12T05:13:38+00:00,63426.5,sell,69.6838377062942,63658.9,63695.4,63565.8,63393.2,STANDARD,cvd_bear_flip
2026-06-12T05:15:02+00:00,63414.5,sell,69.6838377062942,63658.9,63695.4,63565.8,63393.2,STANDARD,mc_a_red_diamond
2026-06-12T07:15:03+00:00,62954.6,sell,73.090775886436,62802.8,62987.0,63620.1,,STANDARD,mc_a_blood_diamond
2026-06-12T07:15:04+00:00,62954.6,sell,73.090775886436,62802.8,62987.0,63620.1,,STANDARD,mc_a_red_diamond
2026-06-12T07:15:04+00:00,62954.6,sell,73.090775886436,62802.8,62987.0,63620.1,,PREMIUM,cvd_bear_flip
2026-06-12T20:49:05+00:00,63420.0,sell,58.6698579661053,63480.0,63545.1,63790.8,63021.6,STANDARD,mc_a_red_diamond
2026-06-12T20:54:02+00:00,63404.4,sell,57.5934421373491,63480.0,63545.1,63790.8,63021.6,STANDARD,cvd_bull_flip
2026-06-12T21:55:00+00:00,63433.3,sell,55.2395070412423,63471.6,63550.0,63790.8,63362.8,PREMIUM,cvd_bear_flip
2026-06-12T23:32:58+00:00,63405.3,sell,41.817223218369,63394.3,63475.4,63603.4,63413.5,STANDARD,cvd_bear_flip
2026-06-13T00:06:01+00:00,63539.4,sell,42.2433106835718,63394.3,63547.5,63603.4,63477.5,STANDARD,mc_b_sell_circle
2026-06-13T01:15:04+00:00,63629.2,sell,44.1355353414866,63525.2,63621.2,63633.3,63477.5,STANDARD,mc_b_sell_circle
2026-06-13T02:30:56+00:00,63685.7,sell,46.7631771458681,63575.1,63775.1,63790.8,63480.0,STANDARD,mc_a_red_diamond
2026-06-13T03:30:02+00:00,63482.1,sell,43.1746607316872,63517.8,63695.0,63603.4,63480.0,STANDARD,mc_a_blood_diamond
2026-06-13T03:30:02+00:00,63482.1,sell,43.1746607316872,63517.8,63695.0,63603.4,63480.0,STANDARD,mc_a_redx
2026-06-13T03:57:06+00:00,63529.1,sell,42.2530409820071,63369.9,63484.8,63603.4,63480.0,STANDARD,otter_buy
2026-06-13T04:13:19+00:00,63457.2,sell,43.1211577194845,63369.9,63538.5,63603.4,63413.5,STANDARD,mc_a_red_diamond
2026-06-13T04:37:04+00:00,63543.3,sell,39.8293933023878,63444.9,63557.9,63603.4,63480.0,STANDARD,mc_a_bluetriangle
2026-06-13T05:01:43+00:00,63475.3,sell,38.5441200650724,63497.7,63597.9,63603.4,63444.9,PREMIUM,mc_a_redx
2026-06-13T05:30:24+00:00,63530.3,sell,36.6375532871967,63506.9,63564.3,63603.4,63480.0,PREMIUM,mc_a_red_diamond
2026-06-13T05:33:08+00:00,63540.4,sell,36.6375532871967,63506.9,63564.3,63603.4,63480.0,STANDARD,mc_a_bluetriangle
2026-06-13T05:36:08+00:00,63524.6,sell,36.7205875233265,63508.0,63564.3,63603.4,63480.0,STANDARD,mc_a_red_diamond
2026-06-13T05:46:05+00:00,63557.0,sell,36.7610730684814,63508.0,63563.7,63603.4,63480.0,STANDARD,mc_a_bluetriangle
2026-06-13T05:48:02+00:00,63493.7,sell,36.7610730684814,63508.0,63563.7,63603.4,63480.0,STANDARD,mc_a_blood_diamond
2026-06-13T05:48:03+00:00,63493.7,sell,36.7610730684814,63508.0,63563.7,63603.4,63480.0,STANDARD,mc_a_redx
2026-06-13T05:48:04+00:00,63493.7,sell,36.7610730684814,63508.0,63563.7,63603.4,63480.0,STANDARD,mc_a_red_diamond
2026-06-13T06:12:27+00:00,63541.0,sell,39.541563134188,63466.6,63583.3,63603.4,63480.0,STANDARD,mc_a_bluetriangle
2026-06-13T07:06:01+00:00,63675.2,sell,32.4617325626239,63516.3,63666.0,63818.9,63480.0,STANDARD,mc_b_sell_circle_div
2026-06-13T07:48:02+00:00,63815.6,sell,35.9746150440526,63713.3,63794.6,63818.9,63480.0,STANDARD,cvd_bear_flip
2026-06-13T07:51:01+00:00,63832.2,sell,38.4192849563613,63713.3,63794.6,63818.9,63480.0,STANDARD,mc_b_sell_circle
2026-06-13T07:51:02+00:00,63832.2,sell,38.4192849563613,63713.3,63794.6,63818.9,63480.0,STANDARD,mc_a_red_diamond
2026-06-13T18:11:18+00:00,63943.0,sell,51.7904488076862,63905.3,64086.0,64131.4,64026.6,STANDARD,mc_a_red_diamond
2026-06-13T20:04:35+00:00,64294.1,sell,44.72041585873,64113.5,64298.7,64247.8,64026.6,STANDARD,mc_a_red_diamond
2026-06-13T20:43:41+00:00,64215.6,sell,34.2316053770095,64205.5,64298.7,64217.0,64026.6,STANDARD,mc_a_red_diamond
2026-06-13T20:45:14+00:00,64219.8,sell,34.2316053770095,64205.5,64298.7,64217.0,64026.6,STANDARD,mc_a_red_diamond
2026-06-13T21:16:05+00:00,64210.6,sell,32.1342644792784,64205.5,64285.7,64217.0,64026.6,STANDARD,mc_a_redx
2026-06-13T23:19:12+00:00,64495.8,sell,44.1729324963517,64404.2,64495.2,64529.0,64190.0,STANDARD,mc_a_bluetriangle
2026-06-13T23:30:09+00:00,64419.7,sell,49.1439291952085,64404.2,64569.8,64529.0,64190.0,STANDARD,mc_a_redx
2026-06-13T23:30:11+00:00,64419.7,sell,49.1439291952085,64404.2,64569.8,64529.0,64190.0,STANDARD,mc_b_sell_circle
2026-06-13T23:51:51+00:00,64414.3,sell,42.6458776860709,64407.6,64462.9,64529.0,64190.0,STANDARD,mc_a_red_diamond
2026-06-14T00:00:03+00:00,64416.6,sell,40.345681140389,64350.5,64462.9,64529.0,64404.2,STANDARD,mc_a_red_diamond
2026-06-14T00:12:34+00:00,64377.2,sell,45.8209080978732,64338.7,64462.9,64529.0,64190.0,STANDARD,mc_a_red_diamond
2026-06-14T01:39:41+00:00,64533.0,sell,48.970347146459,64466.4,64682.2,64569.8,64404.2,PREMIUM,mc_a_redx
2026-06-14T02:46:56+00:00,64506.6,sell,32.4623890875796,64479.8,64525.5,64529.0,64404.2,PREMIUM,mc_b_sell_circle
2026-06-14T03:13:03+00:00,64451.2,sell,31.3539101980292,64431.2,64481.1,64529.0,64404.2,PREMIUM,mc_a_redx
2026-06-14T03:31:18+00:00,64495.2,sell,26.6193101688954,64442.9,64510.3,64529.0,64404.2,PREMIUM,mc_b_sell_circle_div
2026-06-14T03:33:13+00:00,64473.2,sell,26.6193101688954,64442.9,64510.3,64529.0,64404.2,PREMIUM,mc_a_red_diamond
2026-06-14T03:53:35+00:00,64475.8,sell,29.2939906206738,64421.7,64500.0,64529.0,64404.2,PREMIUM,cvd_bull_flip
2026-06-14T04:00:04+00:00,64508.8,sell,28.7290010343757,64421.7,64500.0,64529.0,64404.2,STANDARD,mc_a_bluetriangle
2026-06-14T04:43:31+00:00,64466.0,sell,22.9706299069187,64450.1,64489.0,64529.0,64338.7,PREMIUM,mc_a_red_diamond
2026-06-14T04:45:05+00:00,64353.6,sell,22.9706299069187,64450.1,64489.0,64529.0,64338.7,PREMIUM,cvd_bear_flip
2026-06-14T04:48:09+00:00,64344.9,sell,23.4941565235767,64450.1,64489.0,64529.0,64338.7,STANDARD,cvd_bull_flip
2026-06-14T05:27:31+00:00,64288.9,sell,30.7638937779502,64290.8,64357.8,64298.7,64190.0,STANDARD,mc_a_red_diamond
2026-06-14T06:45:01+00:00,64224.7,sell,41.5791960389727,64302.9,64358.3,64529.0,64190.0,STANDARD,mc_a_red_diamond
2026-06-14T07:26:03+00:00,64304.8,sell,35.757341546881,64189.7,64268.7,64450.1,64260.0,STANDARD,spoon_bull
2026-06-14T09:04:48+00:00,64430.6,sell,32.2328476241211,64407.8,64477.1,64450.1,64338.7,STANDARD,mc_a_redx
2026-06-14T09:16:52+00:00,64420.7,sell,30.2360473213477,64380.2,64439.1,64450.1,64338.7,STANDARD,mc_a_red_diamond
2026-06-14T10:16:50+00:00,64495.8,sell,41.0914900133967,64281.2,64590.7,64532.8,64421.7,STANDARD,mc_b_sell_circle_div
2026-06-14T10:18:01+00:00,64527.3,sell,41.0914900133967,64281.2,64590.7,64532.8,64421.7,PREMIUM,cvd_bear_flip
2026-06-14T10:25:51+00:00,64593.4,sell,41.9475193950354,64457.8,64590.7,64682.2,64421.7,STANDARD,cvd_bull_flip
2026-06-14T11:01:37+00:00,64514.0,sell,38.6376580552969,64553.8,64640.6,64486.9,64421.7,STANDARD,mc_a_redx
2026-06-14T11:04:36+00:00,64489.2,sell,37.7992555397283,64553.8,64640.6,64486.9,64421.7,STANDARD,mc_a_red_diamond
2026-06-14T12:13:26+00:00,64518.0,sell,34.7428511861629,64504.8,64606.5,64486.9,64421.7,PREMIUM,spoon_bear
2026-06-14T12:34:26+00:00,64432.6,sell,35.1564648712507,64434.7,64480.9,64450.1,64281.2,STANDARD,mc_a_red_diamond
2026-06-14T12:45:03+00:00,64333.4,sell,37.3112077205828,64434.7,64480.9,64450.1,64281.2,STANDARD,mc_b_buy_circle
2026-06-14T13:04:27+00:00,64300.6,sell,38.8598685610726,64255.9,64342.6,64450.1,64281.2,STANDARD,mc_a_redx
2026-06-14T13:31:44+00:00,64251.5,sell,43.9058654318454,64273.6,64368.9,64450.1,64189.7,STANDARD,spoon_bear
2026-06-14T13:40:45+00:00,64266.0,sell,48.1096160132698,64273.6,64368.9,64450.1,64260.0,STANDARD,mc_b_buy_circle
2026-06-14T14:06:45+00:00,64252.8,sell,47.6305931689755,64207.3,64358.0,64368.9,64281.2,STANDARD,mc_a_red_diamond
2026-06-14T14:19:23+00:00,64278.2,sell,48.9078854383709,64230.2,64313.1,64368.9,64207.3,STANDARD,mc_a_red_diamond
2026-06-14T16:03:41+00:00,63991.6,sell,56.641545043397,63972.3,64053.5,64368.9,63829.9,STANDARD,mc_a_red_diamond
2026-06-14T16:51:03+00:00,63975.5,sell,49.3312173183177,64101.0,64168.5,64368.9,63970.7,STANDARD,mc_a_redx
===BARS3M===
1780000020000,73570.1,73639.7,73570.0,73620.0
1780000200000,73620.0,73650.0,73584.2,73629.1
1780000380000,73629.1,73644.0,73592.7,73605.1
1780000560000,73605.1,73643.5,73605.0,73643.5
1780000740000,73643.5,73675.0,73643.0,73653.7
1780000920000,73653.7,73696.7,73643.0,73669.7
1780001100000,73669.7,73669.7,73612.0,73636.1
1780001280000,73636.1,73660.9,73636.0,73659.7
1780001460000,73659.7,73659.7,73630.0,73639.9
1780001640000,73639.9,73644.7,73545.0,73565.2
1780001820000,73565.2,73565.4,73549.2,73553.5
1780002000000,73553.5,73591.1,73553.4,73561.3
1780002180000,73561.3,73573.8,73535.0,73551.2
1780002360000,73551.2,73622.9,73551.2,73617.3
1780002540000,73617.3,73639.3,73612.4,73630.0
1780002720000,73630.0,73690.3,73607.0,73669.6
1780002900000,73669.6,73712.0,73656.8,73692.1
1780003080000,73692.1,73705.5,73650.9,73676.5
1780003260000,73676.5,73695.0,73676.5,73688.6
1780003440000,73688.6,73732.8,73688.7,73723.8
1780003620000,73723.8,73723.8,73665.7,73669.7
1780003800000,73669.7,73676.1,73665.0,73674.1
1780003980000,73674.1,73706.4,73674.0,73700.0
1780004160000,73700.0,73783.7,73691.2,73771.8
1780004340000,73771.8,73851.7,73744.6,73813.4
1780004520000,73813.4,73900.0,73800.0,73889.8
1780004700000,73889.8,73877.8,73800.0,73824.1
1780004880000,73824.1,73824.2,73765.3,73784.3
1780005060000,73784.3,73860.2,73784.3,73830.6
1780005240000,73830.6,73830.7,73810.0,73823.9
1780005420000,73823.9,73838.8,73796.3,73796.4
1780005600000,73796.4,73931.2,73790.0,73793.5
1780005780000,73793.5,73793.5,73718.4,73733.9
1780005960000,73733.9,73759.9,73675.1,73691.4
1780006140000,73691.4,73733.3,73675.7,73692.5
1780006320000,73692.5,73699.7,73670.7,73687.5
1780006500000,73687.5,73694.9,73665.0,73665.1
1780006680000,73665.1,73669.7,73645.0,73645.0
1780006860000,73645.0,73651.8,73618.2,73643.5
1780007040000,73643.5,73677.4,73633.1,73633.1
1780007220000,73633.1,73633.2,73572.8,73584.1
1780007400000,73584.1,73592.3,73550.3,73552.4
1780007580000,73552.4,73557.0,73528.8,73531.6
1780007760000,73531.6,73553.0,73530.3,73546.0
1780007940000,73546.0,73546.0,73468.4,73483.3
1780008120000,73483.3,73490.0,73472.0,73472.1
1780008300000,73472.1,73511.5,73472.0,73508.7
1780008480000,73508.7,73568.9,73508.6,73568.8
1780008660000,73568.8,73568.9,73489.0,73489.9
1780008840000,73489.9,73500.0,73474.4,73500.0
1780009020000,73500.0,73500.0,73423.4,73448.8
1780009200000,73448.8,73524.8,73448.7,73507.9
1780009380000,73507.9,73543.4,73504.1,73525.5
1780009560000,73525.5,73551.0,73515.4,73549.0
1780009740000,73549.0,73553.4,73528.0,73528.0
1780009920000,73528.0,73572.6,73528.0,73572.5
1780010100000,73572.5,73582.0,73563.5,73563.6
1780010280000,73563.6,73592.0,73553.7,73574.9
1780010460000,73574.9,73575.0,73538.0,73545.8
1780010640000,73545.8,73576.4,73545.7,73574.9
1780010820000,73574.9,73673.7,73574.8,73661.6
1780011000000,73661.6,73680.0,73646.9,73679.9
1780011180000,73679.9,73695.0,73641.8,73642.5
1780011360000,73642.5,73642.6,73603.1,73617.9
1780011540000,73617.9,73618.0,73512.9,73544.7
1780011720000,73544.7,73577.7,73544.6,73577.7
1780011900000,73577.7,73577.7,73508.5,73517.6
1780012080000,73517.6,73520.2,73500.4,73518.3
1780012260000,73518.3,73547.5,73518.2,73533.9
1780012440000,73533.9,73599.1,73533.9,73583.0
1780012620000,73583.0,73618.8,73583.0,73591.4
1780012800000,73591.4,73725.9,73591.4,73626.8
1780012980000,73626.8,73660.0,73607.7,73653.1
1780013160000,73653.1,73667.3,73604.0,73645.9
1780013340000,73645.9,73768.2,73642.2,73711.9
1780013520000,73711.9,73725.3,73701.3,73724.3
1780013700000,73724.3,73806.9,73656.2,73799.9
1780013880000,73799.9,73820.3,73741.8,73788.6
1780014060000,73788.6,73834.6,73731.0,73816.6
1780014240000,73816.6,73830.0,73793.2,73793.2
1780014420000,73793.2,73793.3,73733.1,73751.7
1780014600000,73751.7,73774.8,73727.9,73737.4
1780014780000,73737.4,73767.1,73719.1,73760.0
1780014960000,73760.0,73827.6,73753.3,73813.1
1780015140000,73813.1,73821.1,73775.6,73775.7
1780015320000,73775.7,73828.9,73760.3,73825.7
1780015500000,73825.7,73825.8,73734.9,73758.2
1780015680000,73758.2,73772.8,73724.7,73770.9
1780015860000,73770.9,73770.9,73700.3,73707.0
1780016040000,73707.0,73707.0,73651.7,73676.1
1780016220000,73676.1,73697.9,73672.3,73693.9
1780016400000,73693.9,73783.8,73693.8,73743.9
1780016580000,73743.9,73802.0,73711.1,73797.7
1780016760000,73797.7,73827.0,73785.0,73816.5
1780016940000,73816.5,73844.0,73774.3,73777.9
1780017120000,73777.9,73790.8,73724.7,73754.0
1780017300000,73754.0,73758.6,73711.9,73752.3
1780017480000,73752.3,73779.1,73573.8,73579.9
1780017660000,73579.9,73616.5,73579.4,73589.9
1780017840000,73589.9,73613.5,73576.0,73576.0
1780018020000,73576.0,73600.0,73538.6,73569.0
1780018200000,73569.0,73569.1,73503.2,73512.3
1780018380000,73512.3,73557.1,73499.0,73523.2
1780018560000,73523.2,73539.9,73450.0,73451.5
1780018740000,73451.5,73490.1,73451.5,73483.1
1780018920000,73483.1,73500.4,73471.5,73499.9
1780019100000,73499.9,73566.0,73499.9,73520.0
1780019280000,73520.0,73534.9,73430.5,73488.8
1780019460000,73488.8,73499.0,73476.5,73476.6
1780019640000,73476.6,73600.1,73476.5,73565.9
1780019820000,73565.9,73583.9,73541.1,73558.5
1780020000000,73558.5,73585.5,73520.7,73577.8
1780020180000,73577.8,73614.9,73563.4,73573.0
1780020360000,73573.0,73580.1,73522.7,73541.1
1780020540000,73541.1,73596.8,73531.4,73566.0
1780020720000,73566.0,73608.1,73565.9,73599.9
1780020900000,73599.9,73616.9,73548.6,73584.5
1780021080000,73584.5,73612.9,73531.5,73531.5
1780021260000,73531.5,73551.7,73463.2,73474.1
1780021440000,73474.1,73474.0,73411.0,73420.0
1780021620000,73420.0,73428.1,73334.2,73359.2
1780021800000,73359.2,73396.4,73328.7,73389.3
1780021980000,73389.3,73458.6,73389.2,73451.3
1780022160000,73451.3,73451.4,73407.7,73429.0
1780022340000,73429.0,73436.7,73395.0,73406.5
1780022520000,73406.5,73406.5,73300.0,73316.0
1780022700000,73316.0,73378.5,73315.9,73356.2
1780022880000,73356.2,73356.3,73325.7,73327.5
1780023060000,73327.5,73338.7,73259.5,73271.7
1780023240000,73271.7,73279.0,73184.4,73235.0
1780023420000,73235.0,73249.4,73158.8,73201.8
1780023600000,73201.8,73267.7,73201.8,73228.3
1780023780000,73228.3,73290.6,73224.0,73290.6
1780023960000,73290.6,73379.8,73290.8,73379.7
1780024140000,73379.7,73432.9,73379.7,73416.6
1780024320000,73416.6,73434.2,73407.6,73422.4
1780024500000,73422.4,73422.4,73355.5,73391.6
1780024680000,73391.6,73408.1,73378.0,73406.9
1780024860000,73406.9,73407.0,73369.4,73380.9
1780025040000,73380.9,73389.3,73364.9,73383.7
1780025220000,73383.7,73383.7,73363.1,73363.1
1780025400000,73363.1,73392.9,73333.0,73392.8
1780025580000,73392.8,73418.0,73350.8,73350.9
1780025760000,73350.9,73350.9,73296.7,73296.7
1780025940000,73296.7,73340.2,73281.7,73338.9
1780026120000,73338.9,73338.9,73324.4,73332.1
1780026300000,73332.1,73335.6,73313.0,73316.1
1780026480000,73316.1,73334.7,73310.5,73334.7
1780026660000,73334.7,73334.7,73230.9,73265.8
1780026840000,73265.8,73303.5,73254.9,73274.6
1780027020000,73274.6,73274.6,73256.3,73269.2
1780027200000,73269.2,73325.9,73269.2,73300.0
1780027380000,73300.0,73343.7,73300.0,73300.2
1780027560000,73300.2,73300.2,73224.5,73250.4
1780027740000,73250.4,73246.2,73171.8,73200.0
1780027920000,73200.0,73229.2,73190.2,73197.6
1780028100000,73197.6,73239.4,73197.7,73222.4
1780028280000,73222.4,73236.9,73216.9,73217.0
1780028460000,73217.0,73277.0,73216.9,73277.0
1780028640000,73277.0,73320.0,73274.4,73306.8
1780028820000,73306.8,73348.7,73303.1,73331.6
1780029000000,73331.6,73391.0,73318.3,73328.4
1780029180000,73328.4,73367.4,73328.3,73367.4
1780029360000,73367.4,73412.9,73367.3,73379.9
1780029540000,73379.9,73379.9,73355.5,73355.6
1780029720000,73355.6,73391.4,73355.5,73380.4
1780029900000,73380.4,73417.7,73380.5,73397.4
1780030080000,73397.4,73411.9,73379.5,73396.8
1780030260000,73396.8,73396.8,73370.4,73385.0
1780030440000,73385.0,73475.0,73375.2,73438.9
1780030620000,73438.9,73480.9,73434.7,73466.4
1780030800000,73466.4,73515.7,73459.1,73515.6
1780030980000,73515.6,73570.0,73495.3,73563.2
1780031160000,73563.2,73581.9,73515.7,73570.8
1780031340000,73570.8,73609.8,73570.7,73584.8
1780031520000,73584.8,73607.4,73553.8,73570.9
1780031700000,73570.9,73580.4,73546.7,73550.4
1780031880000,73550.4,73574.5,73510.8,73518.5
1780032060000,73518.5,73538.8,73501.1,73512.0
1780032240000,73512.0,73538.6,73511.9,73534.6
1780032420000,73534.6,73554.2,73534.5,73546.4
1780032600000,73546.4,73546.4,73480.2,73482.7
1780032780000,73482.7,73491.7,73470.0,73481.9
1780032960000,73481.9,73485.0,73460.8,73481.9
1780033140000,73481.9,73485.0,73461.7,73467.8
1780033320000,73467.8,73493.3,73467.8,73481.5
1780033500000,73481.5,73652.2,73473.4,73623.5
1780033680000,73623.5,73663.3,73600.1,73622.3
1780033860000,73622.3,73660.1,73622.2,73651.5
1780034040000,73651.5,73657.6,73616.2,73616.3
1780034220000,73616.3,73682.3,73616.2,73663.0
1780034400000,73663.0,73683.0,73634.3,73677.4
1780034580000,73677.4,73677.4,73623.8,73635.4
1780034760000,73635.4,73648.1,73599.6,73599.6
1780034940000,73599.6,73655.4,73599.6,73653.0
1780035120000,73653.0,73667.5,73642.7,73663.4
1780035300000,73663.4,73728.5,73663.4,73713.4
1780035480000,73713.4,73748.4,73713.0,73743.1
1780035660000,73743.1,73908.6,73735.7,73829.8
1780035840000,73829.8,73829.8,73720.1,73741.7
1780036020000,73741.7,73773.0,73733.1,73733.1
1780036200000,73733.1,73738.7,73704.0,73734.3
1780036380000,73734.3,73734.4,73670.6,73671.3
1780036560000,73671.3,73680.0,73630.8,73630.9
1780036740000,73630.9,73662.1,73630.8,73658.9
1780036920000,73658.9,73670.0,73658.8,73669.9
1780037100000,73669.9,73715.3,73669.9,73715.2
1780037280000,73715.2,73722.9,73694.4,73711.3
1780037460000,73711.3,73782.2,73713.0,73752.6
1780037640000,73752.6,73760.6,73738.4,73760.6
1780037820000,73760.6,73768.8,73740.2,73752.5
1780038000000,73752.5,73764.4,73724.5,73724.5
1780038180000,73724.5,73756.4,73724.5,73740.6
1780038360000,73740.6,73760.2,73736.9,73760.1
1780038540000,73760.1,73788.0,73737.0,73778.7
1780038720000,73778.7,73792.9,73778.0,73786.4
1780038900000,73786.4,73795.4,73762.8,73786.8
1780039080000,73786.8,73790.3,73762.6,73775.6
1780039260000,73775.6,73797.3,73775.6,73790.2
1780039440000,73790.2,73790.3,73714.2,73719.8
1780039620000,73719.8,73734.7,73719.7,73734.7
1780039800000,73734.7,73734.7,73526.0,73526.1
1780039980000,73526.1,73542.6,73454.3,73455.1
1780040160000,73455.1,73462.7,73409.9,73446.3
1780040340000,73446.3,73464.2,73382.5,73382.6
1780040520000,73382.6,73402.2,73351.8,73366.7
1780040700000,73366.7,73380.4,73333.0,73355.3
1780040880000,73355.3,73378.3,73355.3,73378.2
1780041060000,73378.2,73402.3,73376.1,73376.2
1780041240000,73376.2,73396.0,73354.9,73396.0
1780041420000,73396.0,73500.1,73395.9,73488.1
1780041600000,73488.1,73688.9,73480.2,73649.8
1780041780000,73649.8,73666.5,73624.6,73624.6
1780041960000,73624.6,73674.9,73583.7,73674.9
1780042140000,73674.9,73694.2,73662.1,73670.7
1780042320000,73670.7,73681.6,73629.1,73681.6
1780042500000,73681.6,73701.9,73661.9,73680.6
1780042680000,73680.6,73700.0,73664.3,73699.1
1780042860000,73699.1,73786.2,73699.0,73780.9
1780043040000,73780.9,73794.8,73740.2,73760.1
1780043220000,73760.1,73799.8,73737.2,73747.3
1780043400000,73747.3,73747.4,73678.7,73682.8
1780043580000,73682.8,73781.6,73682.7,73781.6
1780043760000,73781.6,73796.8,73761.6,73765.9
1780043940000,73765.9,73793.7,73765.9,73778.9
1780044120000,73778.9,73778.9,73726.1,73774.8
1780044300000,73774.8,73783.9,73723.2,73723.3
1780044480000,73723.3,73727.2,73679.5,73701.2
1780044660000,73701.2,73700.1,73650.4,73662.9
1780044840000,73662.9,73670.0,73606.9,73625.7
1780045020000,73625.7,73640.4,73600.1,73625.1
1780045200000,73625.1,73645.7,73614.9,73645.7
1780045380000,73645.7,73674.0,73631.6,73674.0
1780045560000,73674.0,73691.9,73663.1,73687.1
1780045740000,73687.1,73812.5,73687.1,73801.9
1780045920000,73801.9,73833.3,73779.1,73784.8
1780046100000,73784.8,73827.1,73770.6,73819.9
1780046280000,73819.9,73844.8,73806.5,73844.7
1780046460000,73844.7,73846.1,73808.8,73808.9
1780046640000,73808.9,73866.8,73803.5,73821.7
1780046820000,73821.7,73862.3,73810.2,73849.3
1780047000000,73849.3,73854.5,73789.4,73799.0
1780047180000,73799.0,73820.0,73786.6,73786.6
1780047360000,73786.6,73816.9,73786.6,73805.1
1780047540000,73805.1,73821.1,73805.1,73821.1
1780047720000,73821.1,73821.1,73789.8,73796.1
1780047900000,73796.1,73798.4,73773.5,73796.4
1780048080000,73796.4,73796.4,73711.2,73721.4
1780048260000,73721.4,73723.8,73696.6,73696.7
1780048440000,73696.7,73712.7,73696.6,73696.6
1780048620000,73696.6,73718.2,73680.6,73707.9
1780048800000,73707.9,73707.9,73674.7,73674.7
1780048980000,73674.7,73684.4,73636.5,73684.4
1780049160000,73684.4,73684.4,73645.5,73682.6
1780049340000,73682.6,73682.7,73638.0,73659.8
1780049520000,73659.8,73684.4,73659.8,73672.5
1780049700000,73672.5,73672.5,73610.7,73610.7
1780049880000,73610.7,73655.9,73610.2,73651.8
1780050060000,73651.8,73651.9,73615.2,73615.2
1780050240000,73615.2,73625.2,73584.6,73609.1
1780050420000,73609.1,73608.4,73581.5,73599.1
1780050600000,73599.1,73599.2,73566.5,73566.6
1780050780000,73566.6,73648.3,73556.1,73648.2
1780050960000,73648.2,73709.3,73648.2,73675.1
1780051140000,73675.1,73675.1,73607.1,73607.1
1780051320000,73607.1,73620.0,73576.5,73576.5
1780051500000,73576.5,73592.2,73561.4,73584.3
1780051680000,73584.3,73620.9,73573.2,73620.1
1780051860000,73620.1,73620.1,73608.4,73619.9
1780052040000,73619.9,73655.4,73609.8,73644.2
1780052220000,73644.2,73658.8,73601.9,73602.0
1780052400000,73602.0,73601.9,73560.6,73597.1
1780052580000,73597.1,73634.3,73594.0,73634.3
1780052760000,73634.3,73634.3,73610.5,73618.1
1780052940000,73618.1,73618.1,73592.4,73604.2
1780053120000,73604.2,73649.7,73600.0,73612.4
1780053300000,73612.4,73635.5,73612.3,73626.9
1780053480000,73626.9,73645.0,73620.6,73645.0
1780053660000,73645.0,73662.5,73610.2,73618.9
1780053840000,73618.9,73648.4,73557.8,73557.8
1780054020000,73557.8,73579.3,73527.5,73540.6
1780054200000,73540.6,73545.7,73485.0,73507.2
1780054380000,73507.2,73554.0,73506.8,73542.2
1780054560000,73542.2,73542.3,73459.1,73487.7
1780054740000,73487.7,73487.7,73447.0,73458.0
1780054920000,73458.0,73500.0,73448.7,73455.0
1780055100000,73455.0,73488.7,73455.0,73475.9
1780055280000,73475.9,73483.1,73410.0,73434.3
1780055460000,73434.3,73435.6,73305.1,73399.3
1780055640000,73399.3,73434.1,73381.6,73429.0
1780055820000,73429.0,73448.4,73424.8,73447.6
1780056000000,73447.6,73447.6,73365.2,73388.1
1780056180000,73388.1,73424.1,73340.5,73353.8
1780056360000,73353.8,73366.3,73332.0,73365.3
1780056540000,73365.3,73365.4,73335.0,73348.1
1780056720000,73348.1,73354.6,73299.7,73335.0
1780056900000,73335.0,73384.0,73285.8,73371.1
1780057080000,73371.1,73371.1,73320.0,73353.4
1780057260000,73353.4,73353.5,73282.5,73282.6
1780057440000,73282.6,73309.5,73280.0,73280.1
1780057620000,73280.1,73294.0,73272.8,73293.9
1780057800000,73293.9,73306.4,73273.6,73295.6
1780057980000,73295.6,73297.3,73192.7,73209.7
1780058160000,73209.7,73281.0,73195.0,73241.2
1780058340000,73241.2,73246.0,73189.5,73234.4
1780058520000,73234.4,73246.1,73210.0,73246.1
1780058700000,73246.1,73258.3,73165.9,73217.7
1780058880000,73217.7,73271.3,73201.5,73271.3
1780059060000,73271.3,73345.7,73271.1,73333.7
1780059240000,73333.7,73333.8,73251.4,73251.5
1780059420000,73251.5,73281.6,73251.4,73260.1
1780059600000,73260.1,73267.6,73160.0,73193.5
1780059780000,73193.5,73223.3,73193.6,73212.7
1780059960000,73212.7,73222.9,73129.9,73167.6
1780060140000,73167.6,73194.1,73124.8,73131.5
1780060320000,73131.5,73142.9,73050.0,73099.3
1780060500000,73099.3,73110.7,73075.0,73103.5
1780060680000,73103.5,73111.2,73080.3,73088.6
1780060860000,73088.6,73097.7,73010.3,73014.9
1780061040000,73014.9,73019.9,72932.0,72976.1
1780061220000,72976.1,73060.7,72976.0,73038.7
1780061400000,73038.7,73041.2,72870.3,72929.0
1780061580000,72929.0,73034.2,72866.0,73026.2
1780061760000,73026.2,73280.5,73012.9,73195.1
1780061940000,73195.1,73195.2,73079.6,73082.9
1780062120000,73082.9,73235.1,73077.7,73235.0
1780062300000,73235.0,73320.0,73200.7,73275.0
1780062480000,73275.0,73275.0,73161.4,73174.9
1780062660000,73174.9,73189.2,73032.5,73073.1
1780062840000,73073.1,73178.1,73058.6,73157.7
1780063020000,73157.7,73207.1,73100.0,73114.7
1780063200000,73114.7,73176.5,73072.3,73147.4
1780063380000,73147.4,73168.2,73052.1,73052.1
1780063560000,73052.1,73074.5,72861.7,72864.6
1780063740000,72864.6,72958.9,72863.8,72953.1
1780063920000,72953.1,73005.8,72916.7,72982.4
1780064100000,72982.4,73047.3,72858.3,72865.8
1780064280000,72865.8,72879.0,72720.0,72779.2
1780064460000,72779.2,72818.7,72696.0,72718.4
1780064640000,72718.4,72721.4,72444.3,72535.5
1780064820000,72535.5,72733.0,72494.9,72690.4
1780065000000,72690.4,72745.4,72620.0,72705.1
1780065180000,72705.1,72859.9,72695.6,72820.2
1780065360000,72820.2,72820.2,72676.8,72721.2
1780065540000,72721.2,72732.6,72658.9,72707.0
1780065720000,72707.0,72707.1,72536.8,72615.6
1780065900000,72615.6,72739.3,72576.0,72734.4
1780066080000,72734.4,72829.3,72710.0,72828.9
1780066260000,72828.9,73099.8,72783.9,73000.8
1780066440000,73000.8,73034.9,72880.0,73019.9
1780066620000,73019.9,73201.0,73019.9,73065.8
1780066800000,73065.8,73129.0,72970.1,73095.5
1780066980000,73095.5,73359.6,73083.5,73289.9
1780067160000,73289.9,73554.3,73276.4,73518.0
1780067340000,73518.0,73716.8,73518.0,73675.1
1780067520000,73675.1,73732.6,73623.3,73664.7
1780067700000,73664.7,73724.9,73538.4,73562.9
1780067880000,73562.9,73612.2,73498.1,73507.7
1780068060000,73507.7,73574.5,73499.9,73565.9
1780068240000,73565.9,73577.3,73436.4,73525.7
1780068420000,73525.7,73736.5,73510.7,73636.0
1780068600000,73636.0,73875.1,73631.9,73869.6
1780068780000,73869.6,74127.4,73866.4,74124.5
1780068960000,74124.5,74166.3,73940.5,74089.8
1780069140000,74089.8,74177.0,73959.4,73964.9
1780069320000,73964.9,73991.4,73702.2,73793.1
1780069500000,73793.1,73835.4,73705.0,73737.0
1780069680000,73737.0,73855.5,73737.0,73788.2
1780069860000,73788.2,73799.9,73672.1,73694.1
1780070040000,73694.1,73820.1,73694.0,73817.9
1780070220000,73817.9,73839.4,73753.4,73775.4
1780070400000,73775.4,73840.0,73750.3,73792.4
1780070580000,73792.4,73852.3,73761.3,73807.1
1780070760000,73807.1,73867.9,73780.5,73862.8
1780070940000,73862.8,73973.1,73842.5,73951.9
1780071120000,73951.9,73988.3,73882.3,73921.9
1780071300000,73921.9,73938.9,73799.9,73805.4
1780071480000,73805.4,73815.9,73687.0,73694.5
1780071660000,73694.5,73753.7,73671.9,73675.4
1780071840000,73675.4,73684.2,73533.0,73588.6
1780072020000,73588.6,73643.8,73580.0,73617.0
1780072200000,73617.0,73895.7,73610.7,73879.3
1780072380000,73879.3,74053.5,73864.0,74030.3
1780072560000,74030.3,74063.9,73886.1,73932.9
1780072740000,73932.9,74078.9,73900.5,74035.0
1780072920000,74035.0,74047.7,73989.7,74047.7
1780073100000,74047.7,74048.8,73953.1,74032.9
1780073280000,74032.9,74036.7,73940.8,73957.5
1780073460000,73957.5,73988.9,73888.0,73954.2
1780073640000,73954.2,74036.5,73926.0,73979.5
1780073820000,73979.5,74092.5,73942.8,74022.0
1780074000000,74022.0,74119.3,73983.2,74001.7
1780074180000,74001.7,74008.9,73900.9,73918.4
1780074360000,73918.4,74043.4,73899.9,74038.8
1780074540000,74038.8,74145.4,74030.6,74124.4
1780074720000,74124.4,74263.9,74124.4,74211.7
1780074900000,74211.7,74282.2,74124.8,74264.6
1780075080000,74264.6,74264.6,74174.3,74229.7
1780075260000,74229.7,74229.8,74167.2,74199.6
1780075440000,74199.6,74293.0,74141.2,74148.0
1780075620000,74148.0,74215.0,74148.0,74189.9
1780075800000,74189.9,74264.8,74184.5,74261.7
1780075980000,74261.7,74287.3,74179.7,74179.7
1780076160000,74179.7,74289.1,74175.3,74289.0
1780076340000,74289.0,74292.3,74215.9,74233.8
1780076520000,74233.8,74263.5,74169.1,74177.5
1780076700000,74177.5,74177.5,74068.5,74093.0
1780076880000,74093.0,74093.1,73939.2,73962.9
1780077060000,73962.9,74050.6,73963.7,73981.1
1780077240000,73981.1,73997.0,73880.6,73907.5
1780077420000,73907.5,73983.5,73905.4,73944.3
1780077600000,73944.3,73980.0,73910.7,73973.1
1780077780000,73973.1,74000.0,73911.8,73922.8
1780077960000,73922.8,74033.9,73919.1,73979.4
1780078140000,73979.4,74022.2,73976.3,74015.8
1780078320000,74015.8,74040.3,73975.2,74009.5
1780078500000,74009.5,74019.9,73857.0,73872.7
1780078680000,73872.7,73919.1,73833.2,73833.3
1780078860000,73833.3,73890.7,73764.4,73807.6
1780079040000,73807.6,73852.3,73807.6,73852.3
1780079220000,73852.3,73862.9,73697.0,73758.1
1780079400000,73758.1,73807.3,73729.6,73782.5
1780079580000,73782.5,73800.0,73758.3,73768.5
1780079760000,73768.5,73783.7,73719.2,73754.1
1780079940000,73754.1,73818.2,73754.0,73777.1
1780080120000,73777.1,73784.4,73741.6,73758.6
1780080300000,73758.6,73758.6,73532.9,73589.6
1780080480000,73589.6,73619.7,73518.1,73518.2
1780080660000,73518.2,73518.1,73138.3,73300.0
1780080840000,73300.0,73363.7,73257.2,73349.9
1780081020000,73349.9,73356.3,73300.0,73342.9
1780081200000,73342.9,73414.6,73260.0,73408.7
1780081380000,73408.7,73436.9,73403.7,73436.9
1780081560000,73436.9,73461.4,73410.0,73450.1
1780081740000,73450.1,73481.3,73419.8,73427.2
1780081920000,73427.2,73418.1,73390.0,73395.1
1780082100000,73395.1,73416.2,73293.0,73313.6
1780082280000,73313.6,73340.0,73207.3,73246.6
1780082460000,73246.6,73293.5,73242.4,73288.1
1780082640000,73288.1,73322.5,73278.3,73296.9
1780082820000,73296.9,73311.4,73268.3,73303.4
1780083000000,73303.4,73448.3,73303.4,73448.3
1780083180000,73448.3,73610.8,73448.2,73573.4
1780083360000,73573.4,73687.8,73572.8,73681.9
1780083540000,73681.9,73693.6,73648.7,73658.4
1780083720000,73658.4,73671.1,73615.8,73649.6
1780083900000,73649.6,73686.5,73619.8,73621.1
1780084080000,73621.1,73649.9,73592.8,73596.4
1780084260000,73596.4,73626.8,73566.5,73604.6
1780084440000,73604.6,73604.6,73500.4,73500.4
1780084620000,73500.4,73516.4,73482.5,73484.0
1780084800000,73484.0,73554.6,73485.2,73515.7
1780084980000,73515.7,73581.4,73474.2,73581.4
1780085160000,73581.4,73637.3,73552.2,73637.1
1780085340000,73637.1,73649.7,73586.2,73626.6
1780085520000,73626.6,73630.5,73590.1,73622.8
1780085700000,73622.8,73629.8,73560.8,73572.9
1780085880000,73572.9,73649.7,73564.0,73649.7
1780086060000,73649.7,73693.6,73645.0,73679.3
1780086240000,73679.3,73720.0,73664.1,73696.4
1780086420000,73696.4,73726.9,73664.9,73680.3
1780086600000,73680.3,73735.2,73680.2,73694.7
1780086780000,73694.7,73722.5,73680.0,73698.2
1780086960000,73698.2,73698.3,73655.2,73683.9
1780087140000,73683.9,73684.0,73654.9,73669.7
1780087320000,73669.7,73669.7,73669.6,73669.6
1780087500000,73669.6,73720.9,73669.7,73697.5
1780087680000,73697.5,73713.4,73668.6,73670.9
1780087860000,73670.9,73682.2,73615.5,73624.7
1780088040000,73624.7,73636.5,73586.0,73608.0
1780088220000,73608.0,73654.9,73598.0,73644.8
1780088400000,73644.8,73659.9,73608.9,73648.7
1780088580000,73648.7,73677.0,73633.6,73676.9
1780088760000,73676.9,73742.8,73658.7,73687.2
1780088940000,73687.2,73730.0,73678.2,73729.9
1780089120000,73729.9,73822.6,73720.6,73770.0
1780089300000,73770.0,73778.0,73739.2,73739.2
1780089480000,73739.2,73739.3,73667.6,73667.7
1780089660000,73667.7,73667.7,73514.9,73561.6
1780089840000,73561.6,73598.5,73514.9,73531.1
1780090020000,73531.1,73545.8,73499.8,73500.0
1780090200000,73500.0,73527.2,73424.5,73527.2
1780090380000,73527.2,73556.6,73512.3,73520.7
1780090560000,73520.7,73541.3,73489.0,73539.2
1780090740000,73539.2,73574.9,73543.2,73569.7
1780090920000,73569.7,73576.1,73553.1,73576.0
1780091100000,73576.0,73589.5,73528.9,73551.6
1780091280000,73551.6,73551.6,73410.1,73431.3
1780091460000,73431.3,73462.8,73410.0,73410.1
1780091640000,73410.1,73420.0,73378.4,73408.0
1780091820000,73408.0,73419.9,73369.9,73385.3
1780092000000,73385.3,73466.9,73385.3,73440.9
1780092180000,73440.9,73444.9,73365.3,73381.9
1780092360000,73381.9,73382.0,73344.6,73357.0
1780092540000,73357.0,73381.1,73350.1,73381.1
1780092720000,73381.1,73403.1,73367.2,73370.9
1780092900000,73370.9,73424.5,73370.9,73419.2
1780093080000,73419.2,73513.9,73413.5,73513.9
1780093260000,73513.9,73535.9,73492.7,73535.6
1780093440000,73535.6,73537.6,73477.3,73493.6
1780093620000,73493.6,73496.5,73483.5,73484.2
1780093800000,73484.2,73520.0,73489.7,73512.6
1780093980000,73512.6,73520.0,73450.0,73457.8
1780094160000,73457.8,73474.6,73394.6,73414.2
1780094340000,73414.2,73453.8,73414.1,73431.3
1780094520000,73431.3,73438.2,73414.5,73428.7
1780094700000,73428.7,73491.0,73428.6,73478.4
1780094880000,73478.4,73482.1,73411.6,73411.7
1780095060000,73411.7,73411.7,73367.5,73381.2
1780095240000,73381.2,73464.8,73381.2,73464.8
1780095420000,73464.8,73464.8,73437.6,73446.5
1780095600000,73446.5,73446.6,73380.2,73388.0
1780095780000,73388.0,73443.4,73387.9,73424.5
1780095960000,73424.5,73478.3,73428.0,73435.0
1780096140000,73435.0,73435.4,73398.6,73401.4
1780096320000,73401.4,73410.1,73347.7,73372.3
1780096500000,73372.3,73433.4,73354.9,73364.0
1780096680000,73364.0,73410.0,73364.0,73404.3
1780096860000,73404.3,73404.4,73279.3,73299.9
1780097040000,73299.9,73371.5,73299.9,73353.6
1780097220000,73353.6,73365.6,73339.9,73348.7
1780097400000,73348.7,73374.1,73330.0,73339.6
1780097580000,73339.6,73345.8,73279.9,73298.9
1780097760000,73298.9,73327.1,73285.5,73323.2
1780097940000,73323.2,73351.6,73323.1,73342.4
1780098120000,73342.4,73394.3,73342.4,73394.3
1780098300000,73394.3,73394.6,73370.2,73389.7
1780098480000,73389.7,73411.5,73375.9,73411.1
1780098660000,73411.1,73462.3,73411.1,73442.6
1780098840000,73442.6,73442.6,73434.3,73442.0
1780099020000,73442.0,73442.0,73425.1,73428.2
1780099200000,73428.2,73479.8,73411.0,73420.6
1780099380000,73420.6,73420.7,73386.1,73415.1
1780099560000,73415.1,73467.8,73403.9,73467.8
1780099740000,73467.8,73489.7,73447.8,73447.9
1780099920000,73447.9,73481.4,73447.9,73447.9
1780100100000,73447.9,73488.9,73447.9,73488.9
1780100280000,73488.9,73512.7,73455.1,73498.3
1780100460000,73498.3,73498.2,73460.1,73473.6
1780100640000,73473.6,73473.6,73437.3,73450.2
1780100820000,73450.2,73453.8,73430.1,73430.2
1780101000000,73430.2,73430.2,73367.3,73401.0
1780101180000,73401.0,73421.3,73387.0,73389.6
1780101360000,73389.6,73477.4,73389.6,73477.4
1780101540000,73477.4,73477.4,73462.3,73467.2
1780101720000,73467.2,73483.9,73467.1,73483.7
1780101900000,73483.7,73500.0,73472.7,73494.8
1780102080000,73494.8,73503.4,73482.1,73501.8
1780102260000,73501.8,73545.3,73483.9,73533.3
1780102440000,73533.3,73537.4,73485.0,73508.1
1780102620000,73508.1,73517.4,73469.0,73469.1
1780102800000,73469.1,73504.4,73430.9,73442.8
1780102980000,73442.8,73506.8,73442.8,73486.7
1780103160000,73486.7,73525.4,73486.6,73523.3
1780103340000,73523.3,73569.1,73518.2,73550.2
1780103520000,73550.2,73550.3,73530.7,73537.9
1780103700000,73537.9,73549.2,73514.9,73549.2
1780103880000,73549.2,73585.8,73527.7,73563.3
1780104060000,73563.3,73583.9,73550.6,73576.8
1780104240000,73576.8,73610.7,73576.4,73606.5
1780104420000,73606.5,73614.8,73589.7,73589.7
1780104600000,73589.7,73621.2,73560.5,73602.8
1780104780000,73602.8,73609.4,73592.3,73609.4
1780104960000,73609.4,73609.4,73588.8,73600.0
1780105140000,73600.0,73625.9,73572.9,73573.0
1780105320000,73573.0,73585.3,73557.8,73565.2
1780105500000,73565.2,73600.0,73565.2,73592.3
1780105680000,73592.3,73604.1,73587.8,73587.9
1780105860000,73587.9,73587.9,73547.3,73579.7
1780106040000,73579.7,73613.0,73579.7,73609.0
1780106220000,73609.0,73623.6,73608.9,73623.6
1780106400000,73623.6,73672.2,73623.5,73670.3
1780106580000,73670.3,73670.5,73652.7,73657.6
1780106760000,73657.6,73657.6,73643.8,73644.0
1780106940000,73644.0,73654.8,73643.9,73651.5
1780107120000,73651.5,73651.6,73621.8,73633.9
1780107300000,73633.9,73653.0,73620.1,73620.2
1780107480000,73620.2,73645.2,73614.8,73614.9
1780107660000,73614.9,73614.9,73575.0,73576.9
1780107840000,73576.9,73582.2,73575.4,73582.2
1780108020000,73582.2,73594.6,73575.0,73594.6
1780108200000,73594.6,73630.6,73594.5,73630.6
1780108380000,73630.6,73680.4,73630.6,73668.0
1780108560000,73668.0,73680.4,73660.0,73679.4
1780108740000,73679.4,73694.2,73650.0,73665.1
1780108920000,73665.1,73695.2,73665.1,73674.9
1780109100000,73674.9,73682.0,73670.5,73682.0
1780109280000,73682.0,73694.8,73663.6,73694.8
1780109460000,73694.8,73719.7,73690.8,73719.6
1780109640000,73719.6,73739.1,73719.6,73738.8
1780109820000,73738.8,73747.5,73724.6,73747.4
1780110000000,73747.4,73747.5,73691.3,73710.4
1780110180000,73710.4,73757.9,73709.6,73732.0
1780110360000,73732.0,73748.6,73721.8,73731.6
1780110540000,73731.6,73751.4,73725.8,73731.7
1780110720000,73731.7,73738.8,73718.7,73726.2
1780110900000,73726.2,73726.2,73685.5,73685.6
1780111080000,73685.6,73719.6,73685.5,73719.6
1780111260000,73719.6,73719.6,73680.0,73687.7
1780111440000,73687.7,73687.7,73661.3,73664.0
1780111620000,73664.0,73664.0,73625.0,73630.6
1780111800000,73630.6,73630.7,73568.5,73575.2
1780111980000,73575.2,73593.6,73567.6,73567.6
1780112160000,73567.6,73568.2,73557.4,73568.2
1780112340000,73568.2,73572.9,73537.9,73538.0
1780112520000,73538.0,73538.0,73501.5,73505.6
1780112700000,73505.6,73536.7,73502.1,73536.7
1780112880000,73536.7,73562.6,73536.6,73544.9
1780113060000,73544.9,73544.9,73523.2,73523.9
1780113240000,73523.9,73524.0,73500.0,73500.1
1780113420000,73500.1,73505.0,73484.9,73492.4
1780113600000,73492.4,73549.7,73492.3,73511.3
1780113780000,73511.3,73511.3,73443.7,73456.0
1780113960000,73456.0,73455.9,73363.1,73363.2
1780114140000,73363.2,73409.8,73316.1,73398.5
1780114320000,73398.5,73460.0,73393.3,73460.0
1780114500000,73460.0,73460.0,73375.0,73375.1
1780114680000,73375.1,73403.8,73364.3,73397.7
1780114860000,73397.7,73397.7,73356.0,73381.7
1780115040000,73381.7,73399.9,73314.3,73314.3
1780115220000,73314.3,73341.9,73266.2,73310.5
1780115400000,73310.5,73319.7,73252.3,73288.9
1780115580000,73288.9,73288.9,73134.4,73218.8
1780115760000,73218.8,73260.4,73180.1,73248.1
1780115940000,73248.1,73268.9,73225.1,73251.5
1780116120000,73251.5,73279.9,73225.0,73279.9
1780116300000,73279.9,73307.6,73252.6,73295.8
1780116480000,73295.8,73347.0,73295.7,73345.8
1780116660000,73345.8,73357.2,73327.0,73345.2
1780116840000,73345.2,73359.5,73310.1,73330.3
1780117020000,73330.3,73374.0,73330.3,73365.9
1780117200000,73365.9,73393.6,73331.9,73334.2
1780117380000,73334.2,73592.2,73309.4,73515.3
1780117560000,73515.3,73532.7,73490.7,73492.8
1780117740000,73492.8,73492.8,73464.9,73478.3
1780117920000,73478.3,73478.4,73449.9,73469.6
1780118100000,73469.6,73515.0,73464.9,73512.5
1780118280000,73512.5,73515.0,73490.5,73509.9
1780118460000,73509.9,73520.0,73495.2,73503.5
1780118640000,73503.5,73526.8,73490.2,73503.3
1780118820000,73503.3,73519.9,73481.6,73481.6
1780119000000,73481.6,73537.1,73481.6,73525.9
1780119180000,73525.9,73526.0,73501.5,73511.9
1780119360000,73511.9,73549.0,73511.9,73533.0
1780119540000,73533.0,73543.0,73525.5,73541.8
1780119720000,73541.8,73549.7,73530.0,73549.7
1780119900000,73549.7,73601.3,73549.6,73601.0
1780120080000,73601.0,73606.8,73576.2,73591.0
1780120260000,73591.0,73599.6,73561.3,73561.3
1780120440000,73561.3,73593.8,73552.3,73586.5
1780120620000,73586.5,73586.6,73564.8,73567.5
1780120800000,73567.5,73580.0,73567.5,73580.0
1780120980000,73580.0,73582.6,73530.1,73538.3
1780121160000,73538.3,73538.4,73495.8,73504.4
1780121340000,73504.4,73528.1,73500.0,73504.0
1780121520000,73504.0,73526.8,73492.0,73507.1
1780121700000,73507.1,73518.9,73507.1,73511.6
1780121880000,73511.6,73568.0,73511.5,73567.9
1780122060000,73567.9,73575.7,73562.9,73575.7
1780122240000,73575.7,73595.1,73557.8,73557.8
1780122420000,73557.8,73576.4,73554.8,73576.4
1780122600000,73576.4,73630.0,73576.4,73629.9
1780122780000,73629.9,73678.5,73620.1,73675.4
1780122960000,73675.4,73685.0,73629.4,73636.2
1780123140000,73636.2,73644.3,73632.0,73632.0
1780123320000,73632.0,73632.1,73609.0,73628.1
1780123500000,73628.1,73634.4,73589.4,73589.8
1780123680000,73589.8,73602.9,73577.3,73577.3
1780123860000,73577.3,73587.4,73552.0,73552.0
1780124040000,73552.0,73583.4,73536.4,73536.4
1780124220000,73536.4,73558.1,73520.3,73550.8
1780124400000,73550.8,73555.0,73515.5,73520.2
1780124580000,73520.2,73520.3,73501.4,73501.5
1780124760000,73501.5,73511.5,73501.5,73511.4
1780124940000,73511.4,73533.8,73507.0,73526.9
1780125120000,73526.9,73526.8,73507.1,73507.2
1780125300000,73507.2,73530.8,73507.0,73527.0
1780125480000,73527.0,73527.0,73507.0,73507.0
1780125660000,73507.0,73517.7,73494.6,73517.7
1780125840000,73517.7,73546.2,73517.6,73538.5
1780126020000,73538.5,73544.0,73528.3,73528.4
1780126200000,73528.4,73528.3,73521.7,73527.2
1780126380000,73527.2,73546.2,73494.6,73494.6
1780126560000,73494.6,73494.7,73460.1,73464.2
1780126740000,73464.2,73478.9,73460.1,73471.1
1780126920000,73471.1,73471.1,73460.1,73460.2
1780127100000,73460.2,73470.5,73450.2,73470.5
1780127280000,73470.5,73514.7,73470.4,73513.5
1780127460000,73513.5,73513.6,73492.5,73493.7
1780127640000,73493.7,73510.3,73486.1,73502.0
1780127820000,73502.0,73514.0,73502.0,73514.0
1780128000000,73514.0,73515.8,73502.2,73512.1
1780128180000,73512.1,73515.8,73501.7,73501.7
1780128360000,73501.7,73520.0,73501.7,73505.9
1780128540000,73505.9,73525.0,73505.9,73508.6
1780128720000,73508.6,73525.0,73499.2,73525.0
1780128900000,73525.0,73525.0,73490.0,73490.5
1780129080000,73490.5,73490.5,73473.6,73473.8
1780129260000,73473.8,73500.0,73473.7,73499.9
1780129440000,73499.9,73525.0,73499.9,73514.8
1780129620000,73514.8,73527.7,73509.0,73512.8
1780129800000,73512.8,73524.1,73513.3,73520.0
1780129980000,73520.0,73523.9,73509.2,73509.8
1780130160000,73509.8,73513.5,73502.2,73506.2
1780130340000,73506.2,73506.3,73479.8,73479.8
1780130520000,73479.8,73496.1,73479.7,73489.9
1780130700000,73489.9,73489.9,73471.8,73471.9
1780130880000,73471.9,73493.8,73471.8,73489.8
1780131060000,73489.8,73498.8,73489.7,73495.8
1780131240000,73495.8,73506.7,73479.0,73479.1
1780131420000,73479.1,73491.7,73470.9,73491.7
1780131600000,73491.7,73491.7,73473.2,73473.2
1780131780000,73473.2,73505.9,73470.5,73477.2
1780131960000,73477.2,73499.8,73477.1,73499.7
1780132140000,73499.7,73517.0,73499.7,73516.9
1780132320000,73516.9,73517.0,73507.2,73515.0
1780132500000,73515.0,73549.9,73514.9,73549.9
1780132680000,73549.9,73549.9,73496.8,73520.5
1780132860000,73520.5,73520.5,73497.1,73503.7
1780133040000,73503.7,73524.6,73503.7,73524.5
1780133220000,73524.5,73530.0,73524.5,73529.9
1780133400000,73529.9,73536.6,73529.9,73536.6
1780133580000,73536.6,73536.6,73515.6,73536.6
1780133760000,73536.6,73547.1,73527.0,73531.0
1780133940000,73531.0,73531.0,73518.8,73518.8
1780134120000,73518.8,73535.6,73514.8,73535.5
1780134300000,73535.5,73538.4,73531.5,73531.5
1780134480000,73531.5,73565.9,73526.5,73560.3
1780134660000,73560.3,73578.0,73546.6,73577.9
1780134840000,73577.9,73590.3,73568.9,73569.0
1780135020000,73569.0,73580.1,73559.2,73576.8
1780135200000,73576.8,73591.2,73563.8,73563.8
1780135380000,73563.8,73580.0,73557.6,73567.8
1780135560000,73567.8,73611.7,73567.8,73597.4
1780135740000,73597.4,73626.0,73597.3,73600.2
1780135920000,73600.2,73600.3,73594.8,73598.9
1780136100000,73598.9,73616.9,73598.8,73615.0
1780136280000,73615.0,73647.9,73610.2,73610.2
1780136460000,73610.2,73610.2,73588.8,73597.3
1780136640000,73597.3,73638.2,73597.2,73609.4
1780136820000,73609.4,73616.1,73583.8,73597.3
1780137000000,73597.3,73614.0,73594.6,73594.6
1780137180000,73594.6,73612.5,73586.4,73599.9
1780137360000,73599.9,73612.0,73594.8,73611.9
1780137540000,73611.9,73611.9,73583.3,73603.9
1780137720000,73603.9,73619.6,73603.9,73604.3
1780137900000,73604.3,73633.6,73604.3,73618.3
1780138080000,73618.3,73618.3,73608.8,73615.3
1780138260000,73615.3,73625.1,73608.9,73608.9
1780138440000,73608.9,73619.7,73589.6,73589.6
1780138620000,73589.6,73615.8,73574.3,73615.8
1780138800000,73615.8,73619.8,73586.2,73619.7
1780138980000,73619.7,73619.8,73605.0,73605.0
1780139160000,73605.0,73605.3,73583.8,73583.8
1780139340000,73583.8,73590.0,73578.0,73589.9
1780139520000,73589.9,73602.1,73581.9,73585.5
1780139700000,73585.5,73592.0,73570.5,73570.5
1780139880000,73570.5,73575.0,73538.8,73546.9
1780140060000,73546.9,73550.0,73529.2,73529.2
1780140240000,73529.2,73565.6,73529.2,73559.9
1780140420000,73559.9,73582.7,73556.5,73556.5
1780140600000,73556.5,73563.9,73556.5,73556.6
1780140780000,73556.6,73559.1,73556.5,73559.1
1780140960000,73559.1,73588.2,73559.0,73588.2
1780141140000,73588.2,73602.8,73574.6,73598.1
1780141320000,73598.1,73598.1,73592.9,73595.5
1780141500000,73595.5,73599.6,73585.4,73590.3
1780141680000,73590.3,73590.3,73562.7,73562.7
1780141860000,73562.7,73562.8,73547.2,73558.4
1780142040000,73558.4,73575.9,73558.3,73561.2
1780142220000,73561.2,73568.0,73561.2,73567.9
1780142400000,73567.9,73581.7,73562.1,73562.1
1780142580000,73562.1,73567.1,73561.2,73567.1
1780142760000,73567.1,73570.9,73566.5,73566.6
1780142940000,73566.6,73566.6,73559.6,73559.6
1780143120000,73559.6,73570.8,73556.3,73570.8
1780143300000,73570.8,73579.3,73570.8,73575.3
1780143480000,73575.3,73631.7,73575.3,73631.7
1780143660000,73631.7,73639.9,73615.3,73639.8
1780143840000,73639.8,73639.9,73608.3,73629.2
1780144020000,73629.2,73650.0,73613.1,73619.5
1780144200000,73619.5,73694.3,73616.8,73662.8
1780144380000,73662.8,73662.9,73629.7,73640.2
1780144560000,73640.2,73640.2,73630.1,73631.9
1780144740000,73631.9,73634.1,73630.0,73633.9
1780144920000,73633.9,73646.0,73626.2,73645.9
1780145100000,73645.9,73656.6,73620.0,73623.5
1780145280000,73623.5,73657.5,73623.4,73633.7
1780145460000,73633.7,73637.4,73621.4,73624.3
1780145640000,73624.3,73643.5,73624.2,73643.4
1780145820000,73643.4,73670.5,73639.5,73661.5
1780146000000,73661.5,73700.8,73660.1,73700.7
1780146180000,73700.7,73711.1,73682.7,73687.5
1780146360000,73687.5,73740.0,73687.5,73726.1
1780146540000,73726.1,73750.0,73726.1,73744.1
1780146720000,73744.1,73744.1,73705.9,73706.0
1780146900000,73706.0,73709.4,73677.4,73709.3
1780147080000,73709.3,73744.7,73709.3,73744.7
1780147260000,73744.7,73813.9,73744.6,73771.5
1780147440000,73771.5,73771.6,73749.3,73750.1
1780147620000,73750.1,73750.1,73742.5,73742.6
1780147800000,73742.6,73747.0,73660.0,73660.4
1780147980000,73660.4,73664.6,73643.6,73643.7
1780148160000,73643.7,73661.9,73638.2,73650.1
1780148340000,73650.1,73723.7,73650.1,73701.6
1780148520000,73701.6,73716.5,73701.5,73716.4
1780148700000,73716.4,73753.6,73716.4,73742.8
1780148880000,73742.8,73754.2,73713.6,73754.2
1780149060000,73754.2,73786.5,73754.1,73784.3
1780149240000,73784.3,73809.9,73784.2,73788.0
1780149420000,73788.0,73805.0,73788.0,73804.9
1780149600000,73804.9,73833.0,73783.5,73822.3
1780149780000,73822.3,73888.0,73822.3,73870.9
1780149960000,73870.9,73902.0,73858.0,73902.0
1780150140000,73902.0,73964.1,73897.9,73964.0
1780150320000,73964.0,73988.0,73904.9,73908.7
1780150500000,73908.7,73925.8,73851.6,73918.8
1780150680000,73918.8,73980.9,73918.8,73966.6
1780150860000,73966.6,73966.7,73923.0,73927.9
1780151040000,73927.9,73939.9,73915.0,73939.8
1780151220000,73939.8,74028.2,73939.8,74009.4
1780151400000,74009.4,74078.6,73966.7,73975.6
1780151580000,73975.6,74020.0,73971.5,73991.3
1780151760000,73991.3,74019.9,73978.9,73987.9
1780151940000,73987.9,74040.0,73981.1,74033.8
1780152120000,74033.8,74033.8,73965.9,73970.0
1780152300000,73970.0,73970.1,73888.5,73935.8
1780152480000,73935.8,73996.8,73920.4,73920.5
1780152660000,73920.5,73925.6,73892.8,73899.9
1780152840000,73899.9,73905.0,73878.0,73901.1
1780153020000,73901.1,73901.1,73901.0,73901.1
1780153200000,73901.1,73929.9,73888.1,73888.1
1780153380000,73888.1,73888.1,73860.0,73868.0
1780153560000,73868.0,73868.1,73844.3,73867.9
1780153740000,73867.9,73919.9,73860.8,73919.9
1780153920000,73919.9,74011.2,73914.3,73999.0
1780154100000,73999.0,74007.4,73920.4,73940.8
1780154280000,73940.8,73940.9,73888.3,73895.2
1780154460000,73895.2,73895.2,73804.6,73849.2
1780154640000,73849.2,73910.0,73844.6,73900.1
1780154820000,73900.1,73930.0,73903.9,73908.5
1780155000000,73908.5,73913.8,73840.0,73849.2
1780155180000,73849.2,73890.0,73853.9,73885.9
1780155360000,73885.9,73896.8,73843.3,73843.3
1780155540000,73843.3,73854.7,73803.1,73824.6
1780155720000,73824.6,73839.9,73824.0,73839.8
1780155900000,73839.8,73895.4,73839.8,73895.4
1780156080000,73895.4,73895.4,73858.9,73858.9
1780156260000,73858.9,73938.9,73858.9,73917.3
1780156440000,73917.3,73927.7,73910.0,73913.3
1780156620000,73913.3,73913.3,73876.3,73887.9
1780156800000,73887.9,73895.3,73844.4,73846.7
1780156980000,73846.7,73898.0,73846.6,73898.0
1780157160000,73898.0,73900.0,73866.8,73885.4
1780157340000,73885.4,73917.9,73885.3,73903.5
1780157520000,73903.5,73944.9,73903.4,73929.4
1780157700000,73929.4,73946.5,73902.6,73911.8
1780157880000,73911.8,73911.8,73870.8,73909.9
1780158060000,73909.9,73910.0,73870.0,73883.9
1780158240000,73883.9,73884.0,73870.0,73873.7
1780158420000,73873.7,73890.0,73864.4,73875.8
1780158600000,73875.8,73900.0,73865.6,73897.7
1780158780000,73897.7,73940.0,73885.0,73922.2
1780158960000,73922.2,73940.0,73902.2,73925.3
1780159140000,73925.3,73940.0,73920.7,73931.0
1780159320000,73931.0,73949.4,73904.8,73918.3
1780159500000,73918.3,73944.9,73865.1,73872.1
1780159680000,73872.1,73895.8,73872.0,73886.4
1780159860000,73886.4,73896.7,73878.7,73893.5
1780160040000,73893.5,73899.0,73893.4,73899.0
1780160220000,73899.0,73900.0,73898.9,73900.0
1780160400000,73900.0,73910.0,73874.6,73909.9
1780160580000,73909.9,73912.4,73882.9,73882.9
1780160760000,73882.9,73883.0,73841.6,73855.5
1780160940000,73855.5,73855.7,73840.1,73855.7
1780161120000,73855.7,73875.1,73855.6,73875.1
1780161300000,73875.1,73910.0,73869.2,73896.3
1780161480000,73896.3,73936.9,73866.0,73936.9
1780161660000,73936.9,73989.9,73933.7,73955.2
1780161840000,73955.2,73973.5,73919.9,73920.0
1780162020000,73920.0,73940.0,73891.1,73895.5
1780162200000,73895.5,73895.5,73789.2,73799.9
1780162380000,73799.9,73849.9,73772.4,73842.0
1780162560000,73842.0,73868.6,73803.6,73868.5
1780162740000,73868.5,73902.9,73868.5,73902.9
1780162920000,73902.9,73918.4,73902.8,73918.3
1780163100000,73918.3,73966.9,73918.3,73946.4
1780163280000,73946.4,73976.8,73940.0,73973.7
1780163460000,73973.7,73980.0,73955.1,73976.0
1780163640000,73976.0,73988.0,73971.7,73971.8
1780163820000,73971.8,73982.0,73971.7,73981.9
1780164000000,73981.9,73982.2,73974.6,73982.1
1780164180000,73982.1,73999.9,73982.2,73984.8
1780164360000,73984.8,73990.1,73956.6,73984.5
1780164540000,73984.5,73990.0,73984.4,73989.9
1780164720000,73989.9,73990.0,73984.0,73984.0
1780164900000,73984.0,74016.2,73980.0,74010.5
1780165080000,74010.5,74077.0,74010.5,74076.9
1780165260000,74076.9,74076.9,74018.9,74027.6
1780165440000,74027.6,74027.6,73956.6,73956.6
1780165620000,73956.6,73956.7,73907.2,73935.7
1780165800000,73935.7,74003.8,73923.9,74000.4
1780165980000,74000.4,74000.5,74000.3,74000.4
1780166160000,74000.4,74018.9,73984.3,73996.3
1780166340000,73996.3,74025.8,73985.2,74010.5
1780166520000,74010.5,74064.0,74002.7,74063.9
1780166700000,74063.9,74108.9,74004.4,74008.6
1780166880000,74008.6,74019.6,73985.6,73995.5
1780167060000,73995.5,73995.6,73966.3,73980.5
1780167240000,73980.5,74002.4,73970.4,73999.7
1780167420000,73999.7,74037.4,73999.7,74007.5
1780167600000,74007.5,74007.6,73980.1,73980.1
1780167780000,73980.1,74013.0,73980.0,73980.1
1780167960000,73980.1,74005.3,73966.9,73970.4
1780168140000,73970.4,73980.7,73967.0,73976.7
1780168320000,73976.7,74003.8,73976.6,74003.8
1780168500000,74003.8,74036.1,74003.7,74009.6
1780168680000,74009.6,74032.0,74000.0,74000.1
1780168860000,74000.1,74004.0,73989.9,73990.0
1780169040000,73990.0,73990.0,73970.1,73989.1
1780169220000,73989.1,73989.1,73955.5,73959.5
1780169400000,73959.5,73959.6,73934.9,73934.9
1780169580000,73934.9,73968.5,73934.9,73968.4
1780169760000,73968.4,74000.0,73968.4,73992.8
1780169940000,73992.8,74011.9,73990.2,74000.0
1780170120000,74000.0,74000.1,73969.2,73987.7
1780170300000,73987.7,74039.3,73987.7,74039.2
1780170480000,74039.2,74045.0,74022.8,74025.2
1780170660000,74025.2,74029.7,73990.5,73995.3
1780170840000,73995.3,74006.8,73983.6,73983.6
1780171020000,73983.6,73997.7,73976.6,73980.0
1780171200000,73980.0,73986.2,73947.9,73956.1
1780171380000,73956.1,73956.2,73896.7,73934.6
1780171560000,73934.6,73960.0,73934.6,73959.9
1780171740000,73959.9,73960.0,73931.9,73934.6
1780171920000,73934.6,73950.3,73922.8,73922.8
1780172100000,73922.8,73940.8,73920.2,73933.9
1780172280000,73933.9,73941.6,73919.6,73931.3
1780172460000,73931.3,73934.5,73920.8,73933.0
1780172640000,73933.0,73935.4,73932.7,73932.8
1780172820000,73932.8,73933.3,73928.6,73928.7
1780173000000,73928.7,73928.7,73894.2,73916.5
1780173180000,73916.5,73919.4,73893.7,73897.7
1780173360000,73897.7,73940.9,73897.6,73918.3
1780173540000,73918.3,73918.4,73892.0,73903.1
1780173720000,73903.1,73903.2,73889.5,73893.5
1780173900000,73893.5,73901.1,73893.5,73896.5
1780174080000,73896.5,73909.8,73890.7,73901.1
1780174260000,73901.1,73949.2,73893.4,73920.6
1780174440000,73920.6,73934.0,73919.0,73919.1
1780174620000,73919.1,73944.5,73917.7,73944.5
1780174800000,73944.5,73960.3,73936.4,73940.2
1780174980000,73940.2,73945.8,73937.0,73937.1
1780175160000,73937.1,73945.6,73937.0,73945.6
1780175340000,73945.6,73945.6,73936.2,73936.3
1780175520000,73936.3,73951.0,73925.6,73950.9
1780175700000,73950.9,73960.5,73942.3,73960.5
1780175880000,73960.5,73963.0,73944.5,73954.1
1780176060000,73954.1,73966.0,73947.9,73966.0
1780176240000,73966.0,73971.0,73942.9,73958.5
1780176420000,73958.5,73975.5,73946.3,73960.1
1780176600000,73960.1,73960.0,73947.6,73951.9
1780176780000,73951.9,73951.9,73933.4,73933.4
1780176960000,73933.4,73943.5,73924.9,73943.5
1780177140000,73943.5,73968.0,73943.4,73968.0
1780177320000,73968.0,74028.3,73954.4,73954.5
1780177500000,73954.5,73988.2,73938.8,73939.0
1780177680000,73939.0,73938.9,73888.5,73909.8
1780177860000,73909.8,73945.3,73902.2,73906.2
1780178040000,73906.2,73935.0,73906.2,73924.7
1780178220000,73924.7,73954.8,73922.3,73954.8
1780178400000,73954.8,73954.8,73855.7,73855.8
1780178580000,73855.8,73881.5,73814.9,73817.4
1780178760000,73817.4,73838.5,73792.3,73833.5
1780178940000,73833.5,73887.0,73833.5,73869.4
1780179120000,73869.4,73879.6,73864.3,73871.3
1780179300000,73871.3,73893.9,73858.0,73880.6
1780179480000,73880.6,73898.4,73856.1,73856.3
1780179660000,73856.3,73856.4,73824.8,73824.9
1780179840000,73824.9,73866.9,73824.8,73843.5
1780180020000,73843.5,73871.0,73843.5,73870.9
1780180200000,73870.9,73871.0,73848.3,73850.0
1780180380000,73850.0,73862.6,73841.1,73854.9
1780180560000,73854.9,73864.6,73800.1,73800.1
1780180740000,73800.1,73803.1,73756.5,73800.2
1780180920000,73800.2,73810.1,73776.3,73779.7
1780181100000,73779.7,73830.0,73779.6,73830.0
1780181280000,73830.0,73837.1,73826.2,73826.4
1780181460000,73826.4,73839.9,73826.4,73826.5
1780181640000,73826.5,73839.2,73826.5,73829.3
1780181820000,73829.3,73861.2,73829.2,73849.8
1780182000000,73849.8,73951.2,73848.7,73950.6
1780182180000,73950.6,73971.1,73925.7,73963.6
1780182360000,73963.6,73963.6,73919.4,73920.2
1780182540000,73920.2,73920.2,73832.6,73832.6
1780182720000,73832.6,73832.7,73806.3,73818.4
1780182900000,73818.4,73842.8,73800.9,73842.8
1780183080000,73842.8,73857.8,73801.0,73801.0
1780183260000,73801.0,73815.7,73789.0,73815.7
1780183440000,73815.7,73838.5,73814.2,73838.4
1780183620000,73838.4,73842.4,73807.2,73822.9
1780183800000,73822.9,73822.9,73792.9,73792.9
1780183980000,73792.9,73793.0,73768.3,73768.3
1780184160000,73768.3,73782.2,73757.5,73759.8
1780184340000,73759.8,73787.6,73750.0,73787.6
1780184520000,73787.6,73787.6,73755.6,73772.9
1780184700000,73772.9,73794.2,73772.7,73789.0
1780184880000,73789.0,73820.6,73789.0,73809.0
1780185060000,73809.0,73820.0,73795.9,73810.1
1780185240000,73810.1,73842.2,73810.0,73823.5
1780185420000,73823.5,73856.9,73823.4,73856.9
1780185600000,73856.9,73905.0,73836.5,73836.5
1780185780000,73836.5,73849.1,73830.0,73835.7
1780185960000,73835.7,73860.8,73821.4,73860.8
1780186140000,73860.8,73898.7,73843.3,73878.2
1780186320000,73878.2,73878.2,73852.2,73852.3
1780186500000,73852.3,73883.4,73847.3,73853.5
1780186680000,73853.5,73881.2,73853.5,73881.2
1780186860000,73881.2,73906.9,73881.1,73906.8
1780187040000,73906.8,74010.8,73906.8,73996.7
1780187220000,73996.7,73996.7,73932.0,73943.5
1780187400000,73943.5,73980.5,73915.6,73980.3
1780187580000,73980.3,73999.8,73968.5,73977.2
1780187760000,73977.2,73984.2,73917.2,73917.3
1780187940000,73917.3,73917.3,73901.9,73912.1
1780188120000,73912.1,73924.3,73912.1,73917.8
1780188300000,73917.8,73940.0,73900.1,73900.1
1780188480000,73900.1,73933.6,73888.0,73928.4
1780188660000,73928.4,73964.3,73911.8,73964.2
1780188840000,73964.2,73997.1,73960.1,73986.5
1780189020000,73986.5,74013.8,73976.6,74003.6
1780189200000,74003.6,74076.3,73991.0,74069.4
1780189380000,74069.4,74088.0,74069.3,74077.5
1780189560000,74077.5,74077.6,74036.9,74049.9
1780189740000,74049.9,74136.0,74053.6,74103.6
1780189920000,74103.6,74129.9,74080.7,74111.7
1780190100000,74111.7,74168.0,74111.7,74159.0
1780190280000,74159.0,74159.0,74136.9,74141.1
1780190460000,74141.1,74209.9,74141.1,74197.1
1780190640000,74197.1,74249.9,74170.2,74177.1
1780190820000,74177.1,74177.1,74056.2,74072.1
1780191000000,74072.1,74185.0,74055.6,74146.3
1780191180000,74146.3,74194.6,74146.1,74173.5
1780191360000,74173.5,74183.9,74147.8,74157.7
1780191540000,74157.7,74157.7,74063.7,74084.8
1780191720000,74084.8,74088.1,74036.7,74036.8
1780191900000,74036.8,74090.0,74025.2,74089.9
1780192080000,74089.9,74113.1,74067.3,74079.9
1780192260000,74079.9,74079.9,74034.9,74034.9
1780192440000,74034.9,74045.0,74021.5,74024.9
1780192620000,74024.9,74038.0,74017.1,74021.2
1780192800000,74021.2,74050.0,74020.3,74032.0
1780192980000,74032.0,74076.4,74032.0,74076.3
1780193160000,74076.3,74095.6,74068.5,74095.6
1780193340000,74095.6,74125.0,74070.0,74124.9
1780193520000,74124.9,74135.0,74128.0,74134.9
1780193700000,74134.9,74210.2,74134.9,74141.8
1780193880000,74141.8,74211.3,74110.5,74110.5
1780194060000,74110.5,74127.2,74100.2,74115.1
1780194240000,74115.1,74118.6,74048.6,74069.7
1780194420000,74069.7,74085.0,73925.8,73933.2
1780194600000,73933.2,73996.2,73915.1,73925.8
1780194780000,73925.8,73949.5,73844.0,73889.1
1780194960000,73889.1,73917.7,73889.1,73908.4
1780195140000,73908.4,73938.0,73891.4,73895.4
1780195320000,73895.4,73948.6,73895.4,73943.7
1780195500000,73943.7,73947.2,73903.8,73936.4
1780195680000,73936.4,73964.4,73925.0,73949.4
1780195860000,73949.4,74008.8,73949.3,73974.5
1780196040000,73974.5,74059.6,73935.1,74059.5
1780196220000,74059.5,74085.2,74041.2,74060.9
1780196400000,74060.9,74134.4,74060.9,74098.0
1780196580000,74098.0,74098.1,74054.6,74061.3
1780196760000,74061.3,74068.5,74050.7,74064.9
1780196940000,74064.9,74093.9,74030.7,74093.9
1780197120000,74093.9,74127.0,74071.2,74127.0
1780197300000,74127.0,74127.0,74083.4,74091.7
1780197480000,74091.7,74143.2,74091.6,74130.0
1780197660000,74130.0,74150.0,74119.5,74149.9
1780197840000,74149.9,74199.9,74149.9,74177.7
1780198020000,74177.7,74184.9,74150.7,74178.2
1780198200000,74178.2,74178.2,74143.2,74153.6
1780198380000,74153.6,74188.6,74139.9,74161.2
1780198560000,74161.2,74164.8,74120.8,74136.0
1780198740000,74136.0,74136.0,74098.2,74119.6
1780198920000,74119.6,74138.0,74114.5,74138.0
1780199100000,74138.0,74138.0,74104.8,74128.5
1780199280000,74128.5,74158.0,74128.5,74140.6
1780199460000,74140.6,74142.1,74123.9,74125.1
1780199640000,74125.1,74132.0,74123.0,74126.6
1780199820000,74126.6,74141.2,74107.5,74107.5
1780200000000,74107.5,74123.2,74103.1,74120.6
1780200180000,74120.6,74135.5,74120.5,74135.4
1780200360000,74135.4,74135.5,74102.3,74102.4
1780200540000,74102.4,74106.4,74087.3,74099.9
1780200720000,74099.9,74100.0,74074.3,74079.9
1780200900000,74079.9,74096.1,74062.7,74092.0
1780201080000,74092.0,74149.9,74090.0,74149.9
1780201260000,74149.9,74193.5,74149.9,74167.2
1780201440000,74167.2,74173.9,74160.8,74164.3
1780201620000,74164.3,74175.2,74160.9,74160.9
1780201800000,74160.9,74161.0,74111.1,74123.9
1780201980000,74123.9,74149.9,74119.9,74149.9
1780202160000,74149.9,74179.7,74149.0,74172.2
1780202340000,74172.2,74172.2,74127.4,74127.4
1780202520000,74127.4,74165.9,74122.1,74165.9
1780202700000,74165.9,74165.9,74127.3,74133.6
1780202880000,74133.6,74168.0,74133.4,74166.0
1780203060000,74166.0,74194.6,74166.0,74194.4
1780203240000,74194.4,74194.5,74146.6,74180.0
1780203420000,74180.0,74180.1,74148.8,74148.8
1780203600000,74148.8,74169.2,74144.3,74154.4
1780203780000,74154.4,74154.4,74124.3,74154.3
1780203960000,74154.3,74175.7,74158.0,74167.8
1780204140000,74167.8,74175.7,74158.0,74175.7
1780204320000,74175.7,74180.1,74143.5,74143.6
1780204500000,74143.6,74161.6,74143.5,74145.4
1780204680000,74145.4,74164.9,74142.3,74148.9
1780204860000,74148.9,74149.3,74132.6,74149.3
1780205040000,74149.3,74149.3,74093.7,74093.7
1780205220000,74093.7,74145.3,74093.7,74136.0
1780205400000,74136.0,74149.8,74117.3,74117.3
1780205580000,74117.3,74143.3,74102.2,74140.8
1780205760000,74140.8,74150.8,74081.9,74081.9
1780205940000,74081.9,74082.0,74077.4,74077.4
1780206120000,74077.4,74077.5,74046.1,74071.2
1780206300000,74071.2,74071.2,74044.4,74044.4
1780206480000,74044.4,74063.9,74044.4,74061.4
1780206660000,74061.4,74071.7,74022.7,74022.7
1780206840000,74022.7,74034.5,74018.3,74034.5
1780207020000,74034.5,74048.5,74027.8,74027.8
1780207200000,74027.8,74031.8,73978.4,73978.8
1780207380000,73978.8,73984.6,73958.1,73958.1
1780207560000,73958.1,73979.9,73958.1,73964.3
1780207740000,73964.3,73994.3,73964.2,73979.1
1780207920000,73979.1,73979.9,73968.9,73970.0
1780208100000,73970.0,73986.2,73964.0,73986.2
1780208280000,73986.2,74000.0,73986.1,74000.0
1780208460000,74000.0,74004.0,73999.4,73999.5
1780208640000,73999.5,74009.5,73989.2,73989.3
1780208820000,73989.3,74011.4,73983.0,73994.6
1780209000000,73994.6,74056.3,73984.8,74056.2
1780209180000,74056.2,74077.5,74025.4,74025.4
1780209360000,74025.4,74049.9,74025.4,74047.9
1780209540000,74047.9,74053.7,74032.7,74042.2
1780209720000,74042.2,74042.2,74032.8,74032.9
1780209900000,74032.9,74032.9,74031.8,74031.9
1780210080000,74031.9,74047.4,74031.8,74031.8
1780210260000,74031.8,74031.9,74018.5,74027.6
1780210440000,74027.6,74027.7,74022.1,74027.6
1780210620000,74027.6,74027.7,74020.1,74020.1
1780210800000,74020.1,74020.1,73976.7,73976.8
1780210980000,73976.8,73976.8,73950.1,73956.6
1780211160000,73956.6,73968.4,73956.6,73963.4
1780211340000,73963.4,73983.5,73961.7,73973.2
1780211520000,73973.2,73973.2,73919.4,73934.1
1780211700000,73934.1,73939.3,73916.6,73923.9
1780211880000,73923.9,73924.0,73911.0,73911.0
1780212060000,73911.0,73911.1,73866.6,73881.5
1780212240000,73881.5,73881.6,73858.0,73880.5
1780212420000,73880.5,73891.9,73863.3,73863.3
1780212600000,73863.3,73877.4,73810.3,73810.3
1780212780000,73810.3,73822.7,73797.1,73819.9
1780212960000,73819.9,73873.1,73819.9,73867.1
1780213140000,73867.1,73867.1,73815.3,73861.2
1780213320000,73861.2,73861.1,73816.1,73828.1
1780213500000,73828.1,73864.3,73821.2,73859.6
1780213680000,73859.6,73859.7,73830.1,73850.4
1780213860000,73850.4,73850.5,73833.6,73833.7
1780214040000,73833.7,73872.9,73833.6,73853.2
1780214220000,73853.2,73858.0,73833.2,73833.3
1780214400000,73833.3,73879.9,73833.2,73858.2
1780214580000,73858.2,73943.0,73858.2,73939.2
1780214760000,73939.2,73939.2,73860.6,73860.6
1780214940000,73860.6,73860.7,73833.2,73843.9
1780215120000,73843.9,73878.0,73843.8,73877.9
1780215300000,73877.9,73918.7,73874.8,73912.6
1780215480000,73912.6,73948.4,73893.5,73935.3
1780215660000,73935.3,73949.9,73928.0,73949.9
1780215840000,73949.9,73952.9,73933.5,73933.6
1780216020000,73933.6,73951.3,73922.6,73945.9
1780216200000,73945.9,73946.0,73884.4,73884.5
1780216380000,73884.5,73900.0,73873.3,73890.1
1780216560000,73890.1,73890.1,73853.0,73853.0
1780216740000,73853.0,73857.3,73839.7,73839.8
1780216920000,73839.8,73853.9,73820.0,73853.9
1780217100000,73853.9,73853.9,73817.2,73844.0
1780217280000,73844.0,73843.9,73817.1,73817.2
1780217460000,73817.2,73852.3,73816.8,73852.3
1780217640000,73852.3,73940.0,73854.4,73939.9
1780217820000,73939.9,73949.7,73913.3,73913.4
1780218000000,73913.4,73913.4,73874.5,73877.7
1780218180000,73877.7,73877.8,73837.2,73849.9
1780218360000,73849.9,73874.7,73849.9,73865.4
1780218540000,73865.4,73896.5,73865.3,73888.7
1780218720000,73888.7,73890.4,73866.2,73866.2
1780218900000,73866.2,73919.9,73856.2,73910.2
1780219080000,73910.2,73946.0,73910.1,73922.5
1780219260000,73922.5,73922.5,73908.0,73908.0
1780219440000,73908.0,73928.6,73908.0,73924.0
1780219620000,73924.0,73927.0,73924.0,73927.0
1780219800000,73927.0,73953.0,73926.9,73941.5
1780219980000,73941.5,73941.5,73928.0,73928.0
1780220160000,73928.0,73950.3,73910.2,73950.3
1780220340000,73950.3,73998.9,73940.3,73987.9
1780220520000,73987.9,73988.0,73940.3,73949.0
1780220700000,73949.0,73959.6,73933.8,73955.6
1780220880000,73955.6,73977.7,73952.1,73959.7
1780221060000,73959.7,73959.8,73857.2,73860.6
1780221240000,73860.6,73871.6,73833.3,73833.4
1780221420000,73833.4,73838.9,73779.8,73814.5
1780221600000,73814.5,73817.8,73779.1,73781.5
1780221780000,73781.5,73829.8,73781.1,73822.9
1780221960000,73822.9,73832.0,73810.5,73827.6
1780222140000,73827.6,73830.4,73822.9,73830.4
1780222320000,73830.4,73838.8,73811.6,73826.2
1780222500000,73826.2,73826.2,73805.5,73805.6
1780222680000,73805.6,73805.6,73751.3,73752.4
1780222860000,73752.4,73776.7,73700.7,73725.5
1780223040000,73725.5,73788.2,73717.9,73788.1
1780223220000,73788.1,73788.2,73763.3,73778.5
1780223400000,73778.5,73794.4,73778.5,73789.6
1780223580000,73789.6,73813.5,73789.6,73789.7
1780223760000,73789.7,73797.8,73781.1,73796.7
1780223940000,73796.7,73813.8,73773.6,73777.3
1780224120000,73777.3,73811.9,73777.2,73811.9
1780224300000,73811.9,73811.9,73776.9,73776.9
1780224480000,73776.9,73818.4,73776.9,73818.0
1780224660000,73818.0,73846.3,73818.0,73827.8
1780224840000,73827.8,73840.0,73826.7,73838.7
1780225020000,73838.7,73875.6,73838.6,73871.5
1780225200000,73871.5,73915.3,73871.4,73915.3
1780225380000,73915.3,73915.3,73875.5,73884.0
1780225560000,73884.0,73898.9,73884.0,73887.8
1780225740000,73887.8,73907.5,73884.5,73892.6
1780225920000,73892.6,73892.6,73868.3,73880.0
1780226100000,73880.0,73885.0,73869.1,73879.9
1780226280000,73879.9,73888.7,73879.9,73880.0
1780226460000,73880.0,73896.3,73875.2,73875.2
1780226640000,73875.2,73905.1,73875.2,73905.1
1780226820000,73905.1,73944.1,73905.0,73944.0
1780227000000,73944.0,73944.1,73889.3,73898.2
1780227180000,73898.2,73898.3,73894.9,73894.9
1780227360000,73894.9,73937.2,73888.8,73937.2
1780227540000,73937.2,73939.0,73905.1,73905.1
1780227720000,73905.1,73923.8,73900.6,73923.8
1780227900000,73923.8,73928.0,73900.6,73900.7
1780228080000,73900.7,73912.3,73885.7,73908.6
1780228260000,73908.6,73905.3,73880.9,73880.9
1780228440000,73880.9,73920.0,73880.9,73919.9
1780228620000,73919.9,73949.0,73916.7,73916.8
1780228800000,73916.8,73956.6,73870.3,73870.3
1780228980000,73870.3,73870.9,73841.6,73856.1
1780229160000,73856.1,73887.8,73856.0,73876.2
1780229340000,73876.2,73893.1,73870.0,73870.0
1780229520000,73870.0,73897.7,73863.0,73892.6
1780229700000,73892.6,73951.6,73892.6,73947.4
1780229880000,73947.4,73975.1,73925.8,73925.9
1780230060000,73925.9,73932.1,73904.2,73904.2
1780230240000,73904.2,73916.2,73896.4,73913.1
1780230420000,73913.1,73913.1,73905.6,73908.1
1780230600000,73908.1,73908.2,73900.4,73900.4
1780230780000,73900.4,73913.6,73872.1,73913.6
1780230960000,73913.6,73929.8,73900.6,73910.9
1780231140000,73910.9,73929.3,73899.0,73929.2
1780231320000,73929.2,73949.9,73929.3,73949.9
1780231500000,73949.9,73955.2,73915.5,73915.6
1780231680000,73915.6,73948.2,73915.5,73936.3
1780231860000,73936.3,73936.4,73864.0,73864.0
1780232040000,73864.0,73892.3,73863.1,73892.1
1780232220000,73892.1,73892.2,73892.1,73892.2
1780232400000,73892.2,73896.2,73877.1,73890.7
1780232580000,73890.7,73899.9,73850.1,73859.9
1780232760000,73859.9,73883.8,73856.9,73883.7
1780232940000,73883.7,73928.4,73883.7,73928.4
1780233120000,73928.4,73928.4,73911.2,73913.3
1780233300000,73913.3,73936.4,73900.0,73926.4
1780233480000,73926.4,73997.8,73926.3,73974.6
1780233660000,73974.6,73979.2,73966.4,73966.4
1780233840000,73966.4,73975.1,73923.4,73923.5
1780234020000,73923.5,73938.3,73923.4,73930.0
1780234200000,73930.0,73944.3,73930.0,73932.5
1780234380000,73932.5,73942.9,73918.5,73938.9
1780234560000,73938.9,73938.9,73856.5,73861.7
1780234740000,73861.7,73881.4,73861.3,73861.3
1780234920000,73861.3,73871.8,73850.0,73868.2
1780235100000,73868.2,73871.8,73855.6,73860.8
1780235280000,73860.8,73860.8,73830.3,73838.6
1780235460000,73838.6,73838.6,73779.9,73828.3
1780235640000,73828.3,73840.0,73823.5,73828.4
1780235820000,73828.4,73846.5,73824.1,73841.1
1780236000000,73841.1,73841.1,73732.8,73733.1
1780236180000,73733.1,73777.7,73733.2,73777.1
1780236360000,73777.1,73812.5,73750.1,73811.9
1780236540000,73811.9,73835.2,73811.8,73831.8
1780236720000,73831.8,73831.7,73624.4,73689.8
1780236900000,73689.8,73752.4,73622.4,73661.0
1780237080000,73661.0,73661.0,73404.3,73577.7
1780237260000,73577.7,73618.6,73542.5,73586.2
1780237440000,73586.2,73599.9,73514.7,73539.0
1780237620000,73539.0,73579.0,73514.6,73558.9
1780237800000,73558.9,73650.1,73550.0,73634.2
1780237980000,73634.2,73707.7,73601.2,73693.9
1780238160000,73693.9,73712.5,73610.0,73630.1
1780238340000,73630.1,73663.8,73600.5,73620.2
1780238520000,73620.2,73632.2,73550.1,73577.7
1780238700000,73577.7,73666.5,73577.6,73651.2
1780238880000,73651.2,73657.5,73610.1,73637.5
1780239060000,73637.5,73656.2,73637.4,73656.2
1780239240000,73656.2,73659.0,73626.6,73629.9
1780239420000,73629.9,73633.0,73550.1,73570.3
1780239600000,73570.3,73596.4,73550.0,73589.9
1780239780000,73589.9,73609.4,73573.5,73609.4
1780239960000,73609.4,73637.4,73602.9,73602.9
1780240140000,73602.9,73618.3,73602.9,73615.1
1780240320000,73615.1,73648.9,73605.6,73643.2
1780240500000,73643.2,73647.2,73616.2,73624.7
1780240680000,73624.7,73654.3,73622.7,73654.2
1780240860000,73654.2,73682.4,73654.1,73682.4
1780241040000,73682.4,73745.6,73682.3,73705.2
1780241220000,73705.2,73717.4,73690.8,73707.4
1780241400000,73707.4,73707.4,73693.9,73696.7
1780241580000,73696.7,73718.0,73681.2,73699.1
1780241760000,73699.1,73699.1,73675.3,73675.3
1780241940000,73675.3,73686.7,73636.0,73643.9
1780242120000,73643.9,73643.9,73571.4,73598.3
1780242300000,73598.3,73644.9,73598.3,73644.9
1780242480000,73644.9,73644.9,73595.1,73600.1
1780242660000,73600.1,73620.8,73600.1,73613.8
1780242840000,73613.8,73619.4,73604.0,73604.1
1780243020000,73604.1,73624.3,73604.0,73613.5
1780243200000,73613.5,73660.9,73593.3,73650.6
1780243380000,73650.6,73681.9,73650.5,73681.9
1780243560000,73681.9,73697.3,73670.3,73670.4
1780243740000,73670.4,73670.4,73653.9,73659.2
1780243920000,73659.2,73659.2,73573.4,73586.0
1780244100000,73586.0,73600.0,73570.0,73587.7
1780244280000,73587.7,73592.1,73566.5,73591.6
1780244460000,73591.6,73596.6,73501.1,73547.1
1780244640000,73547.1,73547.1,73480.8,73541.2
1780244820000,73541.2,73584.7,73544.9,73573.9
1780245000000,73573.9,73573.9,73490.2,73496.0
1780245180000,73496.0,73496.0,73355.8,73399.9
1780245360000,73399.9,73495.9,73360.2,73495.8
1780245540000,73495.8,73509.7,73459.0,73473.3
1780245720000,73473.3,73480.1,73449.3,73464.8
1780245900000,73464.8,73464.8,73415.2,73437.0
1780246080000,73437.0,73439.4,73401.1,73439.4
1780246260000,73439.4,73481.9,73439.3,73479.8
1780246440000,73479.8,73516.9,73479.8,73485.1
1780246620000,73485.1,73500.0,73481.7,73500.0
1780246800000,73500.0,73533.4,73484.9,73509.1
1780246980000,73509.1,73509.1,73462.5,73467.0
1780247160000,73467.0,73505.0,73456.8,73505.0
1780247340000,73505.0,73505.0,73431.3,73473.6
1780247520000,73473.6,73488.4,73466.8,73488.4
1780247700000,73488.4,73525.0,73488.3,73515.2
1780247880000,73515.2,73525.0,73496.7,73525.0
1780248060000,73525.0,73539.9,73524.9,73525.1
1780248240000,73525.1,73564.6,73525.0,73564.6
1780248420000,73564.6,73564.6,73549.2,73564.4
1780248600000,73564.4,73648.3,73564.4,73648.3
1780248780000,73648.3,73648.3,73607.5,73638.6
1780248960000,73638.6,73676.2,73624.3,73676.2
1780249140000,73676.2,73682.3,73651.1,73651.1
1780249320000,73651.1,73687.4,73644.6,73687.4
1780249500000,73687.4,73704.0,73671.2,73671.2
1780249680000,73671.2,73676.1,73639.7,73649.5
1780249860000,73649.5,73659.0,73649.4,73658.8
1780250040000,73658.8,73665.9,73658.2,73658.3
1780250220000,73658.3,73681.3,73658.2,73681.3
1780250400000,73681.3,73681.3,73600.1,73602.3
1780250580000,73602.3,73620.0,73580.0,73620.0
1780250760000,73620.0,73637.5,73603.3,73637.5
1780250940000,73637.5,73658.4,73595.3,73640.2
1780251120000,73640.2,73645.0,73615.2,73615.2
1780251300000,73615.2,73615.3,73576.1,73576.2
1780251480000,73576.2,73618.2,73569.5,73600.2
1780251660000,73600.2,73608.5,73586.7,73608.5
1780251840000,73608.5,73646.9,73603.6,73645.4
1780252020000,73645.4,73645.8,73595.3,73595.3
1780252200000,73595.3,73680.1,73595.3,73648.7
1780252380000,73648.7,73648.8,73619.2,73628.0
1780252560000,73628.0,73628.0,73623.7,73623.8
1780252740000,73623.8,73646.0,73623.7,73641.4
1780252920000,73641.4,73641.3,73587.2,73605.7
1780253100000,73605.7,73604.3,73578.6,73579.4
1780253280000,73579.4,73579.5,73568.0,73575.2
1780253460000,73575.2,73575.3,73540.2,73571.0
1780253640000,73571.0,73583.0,73571.0,73583.0
1780253820000,73583.0,73607.5,73573.7,73573.8
1780254000000,73573.8,73623.4,73569.1,73606.0
1780254180000,73606.0,73606.1,73571.1,73578.4
1780254360000,73578.4,73580.7,73559.6,73559.7
1780254540000,73559.7,73574.4,73556.0,73563.6
1780254720000,73563.6,73569.3,73550.8,73557.1
1780254900000,73557.1,73585.7,73554.1,73582.7
1780255080000,73582.7,73587.6,73571.0,73587.5
1780255260000,73587.5,73587.6,73536.0,73536.9
1780255440000,73536.9,73537.0,73420.2,73448.4
1780255620000,73448.4,73498.2,73440.9,73498.2
1780255800000,73498.2,73516.4,73447.8,73458.1
1780255980000,73458.1,73466.1,73417.2,73443.1
1780256160000,73443.1,73485.7,73443.0,73485.7
1780256340000,73485.7,73500.0,73482.1,73487.2
1780256520000,73487.2,73512.8,73487.1,73490.3
1780256700000,73490.3,73509.8,73487.9,73488.0
1780256880000,73488.0,73496.4,73485.2,73488.0
1780257060000,73488.0,73499.1,73487.9,73499.1
1780257240000,73499.1,73523.4,73499.1,73516.8
1780257420000,73516.8,73542.1,73511.0,73521.9
1780257600000,73521.9,73617.4,73521.9,73603.9
1780257780000,73603.9,73608.1,73572.1,73572.2
1780257960000,73572.2,73671.7,73564.4,73655.3
1780258140000,73655.3,73670.8,73642.9,73643.0
1780258320000,73643.0,73658.6,73600.2,73658.6
1780258500000,73658.6,73658.6,73630.1,73649.9
1780258680000,73649.9,73713.7,73649.9,73713.6
1780258860000,73713.6,73722.5,73690.1,73690.1
1780259040000,73690.1,73690.1,73650.1,73653.9
1780259220000,73653.9,73676.1,73652.4,73652.5
1780259400000,73652.5,73691.2,73652.4,73690.2
1780259580000,73690.2,73690.2,73642.6,73650.4
1780259760000,73650.4,73673.9,73646.4,73646.5
1780259940000,73646.5,73661.0,73643.0,73657.4
1780260120000,73657.4,73657.4,73633.7,73656.3
1780260300000,73656.3,73666.0,73661.3,73666.0
1780260480000,73666.0,73675.5,73661.4,73675.5
1780260660000,73675.5,73697.0,73675.4,73697.0
1780260840000,73697.0,73724.3,73696.9,73724.3
1780261020000,73724.3,73732.7,73703.6,73710.9
1780261200000,73710.9,73726.6,73684.8,73684.8
1780261380000,73684.8,73720.0,73670.4,73690.3
1780261560000,73690.3,73698.0,73682.8,73697.9
1780261740000,73697.9,73698.0,73686.5,73686.5
1780261920000,73686.5,73686.6,73650.3,73650.4
1780262100000,73650.4,73706.6,73650.3,73694.1
1780262280000,73694.1,73700.9,73642.5,73644.1
1780262460000,73644.1,73651.6,73644.1,73649.0
1780262640000,73649.0,73653.9,73590.2,73593.8
1780262820000,73593.8,73611.3,73593.7,73611.3
1780263000000,73611.3,73619.2,73597.6,73597.7
1780263180000,73597.7,73661.8,73597.2,73657.7
1780263360000,73657.7,73677.1,73634.4,73643.1
1780263540000,73643.1,73676.1,73632.0,73664.1
1780263720000,73664.1,73718.1,73646.8,73718.1
1780263900000,73718.1,73897.6,73718.0,73864.8
1780264080000,73864.8,73880.3,73803.5,73803.5
1780264260000,73803.5,73859.5,73770.5,73777.1
1780264440000,73777.1,73869.7,73769.3,73855.7
1780264620000,73855.7,73864.0,73818.0,73863.9
1780264800000,73863.9,73944.9,73765.5,73765.5
1780264980000,73765.5,73770.1,73645.6,73741.3
1780265160000,73741.3,73745.1,73700.3,73722.1
1780265340000,73722.1,73816.0,73722.1,73812.5
1780265520000,73812.5,73879.7,73792.1,73879.5
1780265700000,73879.5,73965.0,73842.6,73842.6
1780265880000,73842.6,73875.4,73796.3,73800.1
1780266060000,73800.1,73831.0,73773.5,73824.3
1780266240000,73824.3,73954.6,73824.2,73948.3
1780266420000,73948.3,73957.8,73851.7,73851.8
1780266600000,73851.8,73895.7,73835.0,73881.7
1780266780000,73881.7,73965.6,73877.3,73934.9
1780266960000,73934.9,73966.0,73855.7,73855.7
1780267140000,73855.7,73900.4,73855.7,73874.9
1780267320000,73874.9,73875.0,73851.5,73872.6
1780267500000,73872.6,73948.5,73872.7,73929.7
1780267680000,73929.7,73957.6,73889.6,73889.6
1780267860000,73889.6,73940.4,73885.3,73920.3
1780268040000,73920.3,73927.6,73900.0,73924.6
1780268220000,73924.6,73975.0,73907.8,73918.6
1780268400000,73918.6,74018.7,73918.5,74018.5
1780268580000,74018.5,74179.9,73987.3,73987.4
1780268760000,73987.4,74041.9,73960.0,73973.3
1780268940000,73973.3,73973.3,73911.4,73911.5
1780269120000,73911.5,73946.4,73903.7,73903.7
1780269300000,73903.7,73933.6,73865.7,73896.5
1780269480000,73896.5,73938.8,73865.5,73865.5
1780269660000,73865.5,73865.5,73756.3,73782.7
1780269840000,73782.7,73810.0,73773.4,73779.9
1780270020000,73779.9,73822.1,73779.9,73800.0
1780270200000,73800.0,73803.7,73634.1,73634.2
1780270380000,73634.2,73670.3,73562.7,73603.8
1780270560000,73603.8,73639.6,73497.2,73530.1
1780270740000,73530.1,73541.4,73470.6,73505.6
1780270920000,73505.6,73563.2,73483.5,73550.0
1780271100000,73550.0,73594.8,73532.6,73569.2
1780271280000,73569.2,73672.0,73569.3,73665.8
1780271460000,73665.8,73677.5,73641.4,73665.9
1780271640000,73665.9,73689.7,73643.6,73660.7
1780271820000,73660.7,73670.1,73617.1,73653.2
1780272000000,73653.2,73731.2,73620.0,73728.4
1780272180000,73728.4,73861.5,73728.4,73802.2
1780272360000,73802.2,73848.3,73696.0,73702.0
1780272540000,73702.0,73763.7,73694.9,73742.2
1780272720000,73742.2,73781.7,73682.8,73781.7
1780272900000,73781.7,73823.0,73724.8,73730.5
1780273080000,73730.5,73730.5,73683.1,73715.9
1780273260000,73715.9,73788.0,73715.8,73787.9
1780273440000,73787.9,73810.3,73767.1,73783.5
1780273620000,73783.5,73944.2,73783.5,73933.1
1780273800000,73933.1,74070.5,73808.8,73845.5
1780273980000,73845.5,73906.2,73800.0,73862.8
1780274160000,73862.8,73920.0,73856.1,73877.4
1780274340000,73877.4,73909.6,73837.3,73901.9
1780274520000,73901.9,73943.9,73901.9,73907.9
1780274700000,73907.9,73993.1,73907.9,73945.1
1780274880000,73945.1,73972.4,73870.1,73898.9
1780275060000,73898.9,73978.9,73898.9,73952.3
1780275240000,73952.3,73945.2,73858.1,73880.9
1780275420000,73880.9,73887.3,73838.0,73854.9
1780275600000,73854.9,73889.9,73780.1,73807.5
1780275780000,73807.5,73811.8,73644.7,73651.2
1780275960000,73651.2,73669.0,73550.2,73550.3
1780276140000,73550.3,73600.6,73529.6,73588.8
1780276320000,73588.8,73599.9,73533.5,73533.6
1780276500000,73533.6,73600.1,73533.5,73590.3
1780276680000,73590.3,73609.9,73560.6,73600.0
1780276860000,73600.0,73621.2,73574.6,73579.0
1780277040000,73579.0,73618.1,73550.8,73596.6
1780277220000,73596.6,73607.5,73562.4,73562.5
1780277400000,73562.5,73586.4,73550.0,73552.2
1780277580000,73552.2,73615.5,73552.2,73595.7
1780277760000,73595.7,73615.5,73571.6,73572.1
1780277940000,73572.1,73629.7,73561.1,73570.1
1780278120000,73570.1,73570.1,73420.1,73463.0
1780278300000,73463.0,73463.1,73402.9,73444.4
1780278480000,73444.4,73546.3,73436.0,73495.9
1780278660000,73495.9,73496.9,73371.5,73399.3
1780278840000,73399.3,73408.9,73258.0,73280.0
1780279020000,73280.0,73307.1,73235.0,73257.9
1780279200000,73257.9,73300.3,73180.2,73290.1
1780279380000,73290.1,73408.0,73290.0,73390.1
1780279560000,73390.1,73524.1,73390.0,73465.9
1780279740000,73465.9,73500.0,73450.0,73481.0
1780279920000,73481.0,73539.6,73480.9,73514.9
1780280100000,73514.9,73525.8,73456.3,73490.9
1780280280000,73490.9,73500.0,73415.0,73497.1
1780280460000,73497.1,73520.4,73463.6,73469.8
1780280640000,73469.8,73505.2,73458.1,73488.7
1780280820000,73488.7,73500.0,73461.8,73497.3
1780281000000,73497.3,73500.0,73432.4,73474.6
1780281180000,73474.6,73477.6,73446.1,73452.4
1780281360000,73452.4,73523.9,73451.0,73494.7
1780281540000,73494.7,73586.7,73494.6,73586.6
1780281720000,73586.6,73865.0,73587.0,73752.5
1780281900000,73752.5,73838.0,73712.6,73712.6
1780282080000,73712.6,73819.8,73712.6,73805.0
1780282260000,73805.0,73805.1,73735.4,73791.9
1780282440000,73791.9,73797.9,73722.7,73777.2
1780282620000,73777.2,73785.1,73751.0,73766.3
1780282800000,73766.3,73838.0,73764.0,73800.8
1780282980000,73800.8,73998.8,73800.8,73892.0
1780283160000,73892.0,73963.5,73884.0,73925.3
1780283340000,73925.3,73958.9,73882.6,73914.9
1780283520000,73914.9,73914.9,73838.1,73849.9
1780283700000,73849.9,73893.4,73832.3,73862.1
1780283880000,73862.1,73927.7,73764.9,73903.4
1780284060000,73903.4,73949.0,73870.6,73906.0
1780284240000,73906.0,73920.0,73850.5,73882.8
1780284420000,73882.8,73900.3,73877.7,73887.7
1780284600000,73887.7,73951.0,73887.7,73938.6
1780284780000,73938.6,73942.9,73885.1,73896.8
1780284960000,73896.8,73940.0,73896.7,73899.9
1780285140000,73899.9,73899.9,73763.7,73799.7
1780285320000,73799.7,73824.8,73780.6,73824.7
1780285500000,73824.7,73884.3,73808.1,73872.5
1780285680000,73872.5,73874.7,73843.3,73860.4
1780285860000,73860.4,73872.0,73767.4,73772.9
1780286040000,73772.9,73772.9,73692.9,73715.4
1780286220000,73715.4,73744.2,73696.9,73731.3
1780286400000,73731.3,73813.0,73726.1,73785.7
1780286580000,73785.7,73807.3,73708.1,73708.1
1780286760000,73708.1,73705.1,73618.3,73650.3
1780286940000,73650.3,73652.4,73550.0,73568.5
1780287120000,73568.5,73593.6,73551.5,73566.5
1780287300000,73566.5,73586.3,73532.2,73534.9
1780287480000,73534.9,73540.0,73430.2,73462.3
1780287660000,73462.3,73467.6,73365.5,73402.5
1780287840000,73402.5,73425.1,73363.1,73402.7
1780288020000,73402.7,73419.7,73365.0,73368.3
1780288200000,73368.3,73440.8,73365.0,73414.2
1780288380000,73414.2,73438.4,73386.0,73431.2
1780288560000,73431.2,73445.8,73415.0,73416.6
1780288740000,73416.6,73457.1,73400.0,73450.1
1780288920000,73450.1,73468.4,73420.0,73453.4
1780289100000,73453.4,73453.5,73405.0,73410.1
1780289280000,73410.1,73422.0,73307.7,73404.3
1780289460000,73404.3,73490.2,73403.1,73477.8
1780289640000,73477.8,73562.3,73469.3,73531.9
1780289820000,73531.9,73560.2,73497.5,73497.6
1780290000000,73497.6,73507.8,73416.7,73458.9
1780290180000,73458.9,73495.6,73441.5,73471.2
1780290360000,73471.2,73495.9,73446.0,73477.9
1780290540000,73477.9,73477.9,73430.2,73456.9
1780290720000,73456.9,73496.5,73454.4,73496.5
1780290900000,73496.5,73496.5,73426.1,73451.6
1780291080000,73451.6,73454.2,73425.5,73454.2
1780291260000,73454.2,73500.0,73454.2,73456.7
1780291440000,73456.7,73456.7,73336.2,73365.6
1780291620000,73365.6,73365.7,73307.7,73307.8
1780291800000,73307.8,73389.0,73307.7,73389.0
1780291980000,73389.0,73391.6,73355.7,73361.1
1780292160000,73361.1,73375.1,73285.5,73339.5
1780292340000,73339.5,73386.2,73336.3,73379.1
1780292520000,73379.1,73399.9,73371.1,73393.7
1780292700000,73393.7,73422.2,73374.0,73422.2
1780292880000,73422.2,73435.5,73364.1,73391.5
1780293060000,73391.5,73415.0,73354.5,73358.4
1780293240000,73358.4,73374.9,73358.3,73366.0
1780293420000,73366.0,73366.1,73300.0,73318.4
1780293600000,73318.4,73339.3,73300.0,73320.4
1780293780000,73320.4,73329.9,73236.8,73255.2
1780293960000,73255.2,73281.5,73222.4,73241.6
1780294140000,73241.6,73251.0,73200.4,73251.0
1780294320000,73251.0,73285.8,73232.0,73259.4
1780294500000,73259.4,73297.3,73250.9,73277.2
1780294680000,73277.2,73277.3,73183.8,73188.2
1780294860000,73188.2,73217.6,73136.4,73160.2
1780295040000,73160.2,73210.0,73105.5,73155.6
1780295220000,73155.6,73195.0,73150.0,73160.0
1780295400000,73160.0,73184.3,73105.5,73184.1
1780295580000,73184.1,73211.2,73113.4,73133.4
1780295760000,73133.4,73150.0,73089.5,73123.1
1780295940000,73123.1,73123.1,73071.0,73091.9
1780296120000,73091.9,73101.4,72965.1,72971.5
1780296300000,72971.5,73061.8,72924.3,72978.7
1780296480000,72978.7,73184.5,72968.4,73159.4
1780296660000,73159.4,73166.0,73143.1,73146.4
1780296840000,73146.4,73165.0,73030.2,73083.9
1780297020000,73083.9,73117.8,73061.8,73106.6
1780297200000,73106.6,73107.9,73010.6,73010.7
1780297380000,73010.7,73160.6,73010.6,73140.3
1780297560000,73140.3,73177.8,73116.2,73167.0
1780297740000,73167.0,73177.8,73134.0,73134.0
1780297920000,73134.0,73136.8,73061.1,73091.6
1780298100000,73091.6,73109.0,72963.2,72970.7
1780298280000,72970.7,73097.9,72967.9,73051.5
1780298460000,73051.5,73061.4,72982.7,72982.7
1780298640000,72982.7,72991.1,72884.3,72991.1
1780298820000,72991.1,72991.1,72944.9,72950.4
1780299000000,72950.4,72950.5,72872.0,72892.0
1780299180000,72892.0,72896.9,72830.0,72894.5
1780299360000,72894.5,72940.4,72884.6,72930.9
1780299540000,72930.9,72967.9,72900.1,72944.3
1780299720000,72944.3,72944.3,72910.8,72914.7
1780299900000,72914.7,72930.5,72725.0,72730.8
1780300080000,72730.8,72839.1,72668.2,72827.4
1780300260000,72827.4,72827.4,72750.0,72752.5
1780300440000,72752.5,72834.9,72752.4,72797.2
1780300620000,72797.2,72809.6,72752.3,72776.2
1780300800000,72776.2,72821.9,72763.4,72809.7
1780300980000,72809.7,72830.3,72781.3,72820.1
1780301160000,72820.1,72833.0,72754.5,72773.9
1780301340000,72773.9,72824.5,72770.5,72804.7
1780301520000,72804.7,72833.1,72789.6,72792.9
1780301700000,72792.9,72800.0,72737.9,72752.3
1780301880000,72752.3,72824.9,72711.9,72816.6
1780302060000,72816.6,72839.9,72793.3,72822.9
1780302240000,72822.9,72822.9,72805.1,72813.1
1780302420000,72813.1,72813.1,72599.1,72706.0
1780302600000,72706.0,72740.3,72585.8,72668.5
1780302780000,72668.5,72831.3,72670.8,72823.8
1780302960000,72823.8,72825.4,72800.1,72821.1
1780303140000,72821.1,72836.7,72760.0,72760.0
1780303320000,72760.0,72760.1,72632.6,72729.9
1780303500000,72729.9,72805.0,72729.9,72805.0
1780303680000,72805.0,72805.0,72763.2,72782.6
1780303860000,72782.6,72795.5,72774.0,72782.3
1780304040000,72782.3,72850.0,72782.2,72849.9
1780304220000,72849.9,72900.0,72843.6,72875.8
1780304400000,72875.8,72941.5,72875.8,72930.1
1780304580000,72930.1,72980.0,72918.3,72979.9
1780304760000,72979.9,72990.5,72942.0,72971.2
1780304940000,72971.2,72987.1,72969.3,72987.1
1780305120000,72987.1,72987.2,72940.7,72940.8
1780305300000,72940.8,72958.9,72907.4,72944.1
1780305480000,72944.1,72999.2,72928.3,72999.1
1780305660000,72999.1,72999.2,72940.7,72969.3
1780305840000,72969.3,73035.7,72961.7,73017.6
1780306020000,73017.6,73075.8,72964.7,72976.2
1780306200000,72976.2,73019.6,72946.6,73012.1
1780306380000,73012.1,73012.1,72920.1,72920.1
1780306560000,72920.1,72929.3,72900.0,72926.2
1780306740000,72926.2,72968.1,72920.0,72932.8
1780306920000,72932.8,72939.9,72888.0,72922.1
1780307100000,72922.1,72975.8,72914.6,72960.0
1780307280000,72960.0,72982.2,72933.4,72941.3
1780307460000,72941.3,72978.8,72802.8,72878.1
1780307640000,72878.1,72878.1,72827.1,72842.0
1780307820000,72842.0,72863.0,72842.1,72851.4
1780308000000,72851.4,72878.1,72835.0,72835.0
1780308180000,72835.0,72835.1,72741.7,72758.1
1780308360000,72758.1,72840.0,72758.4,72839.9
1780308540000,72839.9,72840.0,72776.4,72800.8
1780308720000,72800.8,72809.1,72751.7,72753.1
1780308900000,72753.1,72777.8,72702.0,72704.1
1780309080000,72704.1,72747.9,72704.1,72724.8
1780309260000,72724.8,72780.9,72644.9,72645.1
1780309440000,72645.1,72700.0,72639.4,72643.1
1780309620000,72643.1,72680.5,72642.6,72680.4
1780309800000,72680.4,72766.5,72633.6,72634.2
1780309980000,72634.2,72645.9,72600.0,72636.7
1780310160000,72636.7,72636.7,72564.3,72590.1
1780310340000,72590.1,72679.3,72585.4,72679.3
1780310520000,72679.3,72683.5,72641.1,72680.1
1780310700000,72680.1,72740.0,72680.1,72711.4
1780310880000,72711.4,72729.0,72700.0,72719.5
1780311060000,72719.5,72758.1,72708.8,72745.7
1780311240000,72745.7,72768.5,72702.8,72719.0
1780311420000,72719.0,72726.0,72717.1,72726.0
1780311600000,72726.0,72741.8,72681.2,72714.3
1780311780000,72714.3,72725.0,72666.6,72670.0
1780311960000,72670.0,72704.8,72650.0,72699.9
1780312140000,72699.9,72735.2,72625.4,72631.7
1780312320000,72631.7,72664.3,72631.6,72651.6
1780312500000,72651.6,72680.0,72642.2,72679.9
1780312680000,72679.9,72714.6,72675.9,72690.9
1780312860000,72690.9,72691.0,72633.0,72683.7
1780313040000,72683.7,72683.8,72622.0,72635.0
1780313220000,72635.0,72654.4,72634.0,72643.1
1780313400000,72643.1,72643.1,72586.7,72600.5
1780313580000,72600.5,72657.8,72580.2,72640.1
1780313760000,72640.1,72665.7,72630.0,72630.0
1780313940000,72630.0,72689.4,72619.2,72674.2
1780314120000,72674.2,72720.8,72674.1,72689.5
1780314300000,72689.5,72737.0,72689.4,72731.8
1780314480000,72731.8,72742.0,72640.8,72640.8
1780314660000,72640.8,72688.7,72636.8,72670.9
1780314840000,72670.9,72670.9,72641.2,72648.8
1780315020000,72648.8,72648.8,72237.0,72452.8
1780315200000,72452.8,72583.7,72241.3,72250.8
1780315380000,72250.8,72353.4,72157.1,72302.3
1780315560000,72302.3,72365.9,72105.6,72105.6
1780315740000,72105.6,72174.4,71862.5,71939.7
1780315920000,71939.7,72036.9,71900.5,72034.4
1780316100000,72034.4,72100.6,72034.4,72082.8
1780316280000,72082.8,72211.0,72004.3,72193.7
1780316460000,72193.7,72280.6,72129.7,72159.6
1780316640000,72159.6,72217.1,72150.9,72190.0
1780316820000,72190.0,72230.4,72180.0,72198.6
1780317000000,72198.6,72238.5,72168.0,72200.6
1780317180000,72200.6,72212.2,72179.5,72200.7
1780317360000,72200.7,72285.7,72196.1,72277.3
1780317540000,72277.3,72303.6,72190.3,72234.2
1780317720000,72234.2,72254.7,72181.7,72250.1
1780317900000,72250.1,72272.1,72113.9,72123.5
1780318080000,72123.5,72146.0,72087.3,72146.0
1780318260000,72146.0,72185.0,72145.9,72179.9
1780318440000,72179.9,72220.1,72092.2,72168.8
1780318620000,72168.8,72204.9,72145.1,72193.1
1780318800000,72193.1,72215.1,71999.8,72047.1
1780318980000,72047.1,72065.1,71985.4,71990.9
1780319160000,71990.9,72006.9,71970.0,71975.8
1780319340000,71975.8,72007.9,71802.3,71837.6
1780319520000,71837.6,71898.1,71705.5,71823.6
1780319700000,71823.6,72019.4,71815.1,71945.8
1780319880000,71945.8,71982.7,71892.0,71944.7
1780320060000,71944.7,71981.9,71815.5,71815.6
1780320240000,71815.6,71833.4,71750.0,71750.1
1780320420000,71750.1,71836.9,71723.8,71806.1
1780320600000,71806.1,71958.5,71688.0,71935.9
1780320780000,71935.9,72040.3,71895.6,72007.9
1780320960000,72007.9,72007.9,71850.0,71917.4
1780321140000,71917.4,71932.0,71574.2,71740.6
1780321320000,71740.6,71779.8,71548.9,71570.7
1780321500000,71570.7,71736.5,71569.8,71680.0
1780321680000,71680.0,71715.8,71574.2,71668.4
1780321860000,71668.4,71718.8,71550.1,71583.8
1780322040000,71583.8,71597.0,71354.3,71435.5
1780322220000,71435.5,72199.9,71362.5,71698.8
1780322400000,71698.8,71877.6,71583.3,71846.3
1780322580000,71846.3,71877.0,71757.7,71797.9
1780322760000,71797.9,71797.9,71615.6,71750.0
1780322940000,71750.0,71750.0,71548.5,71548.5
1780323120000,71548.5,71674.3,71521.1,71654.6
1780323300000,71654.6,71700.3,71508.9,71677.7
1780323480000,71677.7,71720.4,71552.9,71587.3
1780323660000,71587.3,71644.8,71542.8,71644.7
1780323840000,71644.7,71644.7,71509.1,71524.2
1780324020000,71524.2,71560.7,71460.2,71515.6
1780324200000,71515.6,71579.1,71471.3,71537.2
1780324380000,71537.2,71558.7,71428.0,71542.2
1780324560000,71542.2,71565.5,71476.5,71505.7
1780324740000,71505.7,71521.0,71434.3,71490.8
1780324920000,71490.8,71510.0,71387.9,71474.7
1780325100000,71474.7,71517.3,71438.1,71488.2
1780325280000,71488.2,71584.4,71474.6,71567.6
1780325460000,71567.6,71596.5,71390.3,71434.7
1780325640000,71434.7,71448.9,71405.3,71411.6
1780325820000,71411.6,71545.9,71404.3,71545.9
1780326000000,71545.9,71648.2,71528.7,71600.0
1780326180000,71600.0,71629.9,71516.2,71554.9
1780326360000,71554.9,71658.9,71537.6,71580.6
1780326540000,71580.6,71580.7,71414.5,71437.3
1780326720000,71437.3,71511.3,71410.9,71491.2
1780326900000,71491.2,71518.6,71311.2,71314.9
1780327080000,71314.9,71352.8,71198.9,71280.3
1780327260000,71280.3,71314.8,71166.7,71176.5
1780327440000,71176.5,71193.8,71110.9,71128.4
1780327620000,71128.4,71199.0,71038.1,71057.2
1780327800000,71057.2,71339.1,71050.1,71296.4
1780327980000,71296.4,71406.0,71267.2,71397.9
1780328160000,71397.9,71472.2,71305.8,71332.3
1780328340000,71332.3,71332.4,71233.9,71253.4
1780328520000,71253.4,71299.9,71248.0,71255.0
1780328700000,71255.0,71280.2,71148.2,71188.9
1780328880000,71188.9,71193.0,71102.5,71129.0
1780329060000,71129.0,71156.8,71083.6,71099.9
1780329240000,71099.9,71129.3,71053.8,71089.9
1780329420000,71089.9,71110.8,71039.1,71099.5
1780329600000,71099.5,71171.0,71075.4,71130.1
1780329780000,71130.1,71134.0,71066.1,71095.8
1780329960000,71095.8,71096.0,70875.2,70883.3
1780330140000,70883.3,70914.7,70771.6,70771.7
1780330320000,70771.7,70887.9,70653.9,70857.4
1780330500000,70857.4,70924.4,70800.0,70915.4
1780330680000,70915.4,70930.0,70864.9,70884.9
1780330860000,70884.9,70943.5,70884.7,70899.9
1780331040000,70899.9,71018.4,70896.7,70974.0
1780331220000,70974.0,71070.5,70933.3,71070.5
1780331400000,71070.5,71115.9,71018.6,71100.5
1780331580000,71100.5,71170.1,71097.7,71123.3
1780331760000,71123.3,71228.0,71077.3,71187.7
1780331940000,71187.7,71286.9,71159.8,71280.3
1780332120000,71280.3,71329.0,71267.2,71315.0
1780332300000,71315.0,71393.0,71314.9,71389.0
1780332480000,71389.0,71399.9,71312.2,71323.0
1780332660000,71323.0,71400.0,71318.5,71391.0
1780332840000,71391.0,71455.6,71351.4,71453.5
1780333020000,71453.5,71578.0,71453.4,71537.8
1780333200000,71537.8,71548.0,71440.1,71547.9
1780333380000,71547.9,71591.2,71502.9,71579.9
1780333560000,71579.9,71598.6,71529.4,71557.6
1780333740000,71557.6,71593.8,71533.2,71564.9
1780333920000,71564.9,71609.5,71550.1,71556.0
1780334100000,71556.0,71631.3,71494.3,71494.3
1780334280000,71494.3,71526.9,71439.0,71510.9
1780334460000,71510.9,71548.0,71500.0,71535.9
1780334640000,71535.9,71557.9,71484.2,71548.4
1780334820000,71548.4,71720.5,71514.2,71710.1
1780335000000,71710.1,71761.1,71518.2,71533.9
1780335180000,71533.9,71538.9,71500.1,71515.1
1780335360000,71515.1,71600.4,71516.1,71550.2
1780335540000,71550.2,71584.8,71515.8,71552.4
1780335720000,71552.4,71728.0,71541.3,71694.7
1780335900000,71694.7,71719.9,71622.1,71649.9
1780336080000,71649.9,71758.0,71649.8,71757.9
1780336260000,71757.9,71780.1,71660.9,71684.1
1780336440000,71684.1,71730.5,71676.1,71718.7
1780336620000,71718.7,71725.1,71594.3,71630.4
1780336800000,71630.4,71670.6,71589.2,71596.6
1780336980000,71596.6,71624.7,71563.5,71574.5
1780337160000,71574.5,71582.7,71525.8,71530.3
1780337340000,71530.3,71577.9,71480.0,71485.3
1780337520000,71485.3,71485.3,71434.9,71457.8
1780337700000,71457.8,71482.8,71356.1,71362.3
1780337880000,71362.3,71405.7,71350.5,71379.1
1780338060000,71379.1,71440.7,71358.7,71413.9
1780338240000,71413.9,71418.5,71390.0,71411.4
1780338420000,71411.4,71527.0,71411.3,71526.9
1780338600000,71526.9,71622.6,71491.0,71620.6
1780338780000,71620.6,71657.1,71572.3,71596.7
1780338960000,71596.7,71610.5,71540.7,71555.4
1780339140000,71555.4,71600.0,71538.1,71567.4
1780339320000,71567.4,71573.8,71480.0,71480.1
1780339500000,71480.1,71480.2,71388.7,71459.1
1780339680000,71459.1,71472.0,71395.6,71419.9
1780339860000,71419.9,71528.7,71358.8,71528.5
1780340040000,71528.5,71528.5,71470.7,71497.9
1780340220000,71497.9,71503.5,71456.4,71470.0
1780340400000,71470.0,71477.2,71431.0,71451.0
1780340580000,71451.0,71451.0,71419.5,71442.3
1780340760000,71442.3,71449.1,71410.0,71422.2
1780340940000,71422.2,71429.9,71380.7,71389.8
1780341120000,71389.8,71425.0,71389.8,71404.2
1780341300000,71404.2,71418.0,71358.0,71374.7
1780341480000,71374.7,71431.5,71358.0,71408.2
1780341660000,71408.2,71458.9,71408.3,71450.0
1780341840000,71450.0,71477.6,71426.5,71477.6
1780342020000,71477.6,71605.0,71463.3,71600.1
1780342200000,71600.1,71645.1,71577.1,71640.1
1780342380000,71640.1,71645.2,71589.9,71599.3
1780342560000,71599.3,71617.2,71528.9,71556.2
1780342740000,71556.2,71615.1,71510.3,71516.8
1780342920000,71516.8,71630.0,71506.7,71615.7
1780343100000,71615.7,71615.7,71501.1,71511.3
1780343280000,71511.3,71529.6,71480.1,71528.3
1780343460000,71528.3,71566.4,71513.1,71513.2
1780343640000,71513.2,71544.8,71493.1,71524.4
1780343820000,71524.4,71582.3,71520.0,71570.9
1780344000000,71570.9,71571.0,71487.7,71510.4
1780344180000,71510.4,71539.5,71495.4,71501.5
1780344360000,71501.5,71541.9,71501.4,71527.6
1780344540000,71527.6,71527.6,71494.9,71501.8
1780344720000,71501.8,71550.0,71506.5,71548.1
1780344900000,71548.1,71562.4,71495.5,71528.5
1780345080000,71528.5,71609.3,71528.4,71575.5
1780345260000,71575.5,71670.0,71564.3,71620.4
1780345440000,71620.4,71620.4,71532.8,71536.9
1780345620000,71536.9,71580.3,71530.3,71580.2
1780345800000,71580.2,71599.5,71551.6,71551.6
1780345980000,71551.6,71631.0,71551.5,71631.0
1780346160000,71631.0,71643.9,71602.6,71615.0
1780346340000,71615.0,71615.0,71569.2,71583.4
1780346520000,71583.4,71592.9,71541.2,71562.4
1780346700000,71562.4,71586.1,71535.8,71541.4
1780346880000,71541.4,71569.0,71531.0,71531.1
1780347060000,71531.1,71544.5,71500.5,71505.1
1780347240000,71505.1,71509.8,71447.2,71464.9
1780347420000,71464.9,71461.3,71383.9,71419.7
1780347600000,71419.7,71419.8,71350.1,71403.9
1780347780000,71403.9,71418.7,71284.9,71304.8
1780347960000,71304.8,71320.0,71202.2,71214.7
1780348140000,71214.7,71219.3,71122.0,71177.3
1780348320000,71177.3,71196.2,71122.0,71193.5
1780348500000,71193.5,71196.3,71080.1,71094.6
1780348680000,71094.6,71186.3,71046.0,71172.6
1780348860000,71172.6,71200.6,71146.5,71148.7
1780349040000,71148.7,71201.4,71130.6,71130.7
1780349220000,71130.7,71143.7,71059.4,71120.3
1780349400000,71120.3,71133.2,71112.3,71131.9
1780349580000,71131.9,71132.0,71072.9,71088.0
1780349760000,71088.0,71105.4,71033.9,71089.4
1780349940000,71089.4,71117.8,71045.4,71108.5
1780350120000,71108.5,71117.9,70911.1,70989.6
1780350300000,70989.6,71024.7,70950.5,71024.7
1780350480000,71024.7,71084.0,71024.7,71084.0
1780350660000,71084.0,71099.1,71025.6,71025.7
1780350840000,71025.7,71024.9,70955.5,70955.5
1780351020000,70955.5,71060.0,70936.4,71006.0
1780351200000,71006.0,71010.3,70850.2,70904.5
1780351380000,70904.5,70928.4,70823.9,70909.2
1780351560000,70909.2,70922.4,70806.0,70814.3
1780351740000,70814.3,70954.9,70814.3,70929.5
1780351920000,70929.5,70972.0,70915.6,70948.9
1780352100000,70948.9,71043.5,70946.1,71017.1
1780352280000,71017.1,71161.2,71017.0,71145.0
1780352460000,71145.0,71167.2,71121.3,71128.5
1780352640000,71128.5,71311.4,71116.0,71281.5
1780352820000,71281.5,71298.9,71250.0,71254.6
1780353000000,71254.6,71334.9,71254.5,71329.2
1780353180000,71329.2,71329.2,71168.5,71194.0
1780353360000,71194.0,71200.0,71051.1,71063.7
1780353540000,71063.7,71125.4,71054.4,71114.3
1780353720000,71114.3,71154.2,71100.1,71116.4
1780353900000,71116.4,71254.7,71116.3,71252.5
1780354080000,71252.5,71362.9,71240.0,71334.1
1780354260000,71334.1,71377.0,71324.9,71332.1
1780354440000,71332.1,71386.7,71320.2,71386.1
1780354620000,71386.1,71439.5,71372.3,71376.7
1780354800000,71376.7,71399.1,71330.0,71331.6
1780354980000,71331.6,71366.2,71327.1,71340.2
1780355160000,71340.2,71366.4,71294.3,71346.1
1780355340000,71346.1,71423.9,71339.3,71416.8
1780355520000,71416.8,71416.8,71319.7,71341.6
1780355700000,71341.6,71409.4,71341.5,71385.8
1780355880000,71385.8,71454.0,71374.6,71374.6
1780356060000,71374.6,71378.2,71344.8,71378.2
1780356240000,71378.2,71378.2,71274.5,71279.0
1780356420000,71279.0,71279.0,71217.1,71217.1
1780356600000,71217.1,71255.7,71199.0,71248.2
1780356780000,71248.2,71327.3,71244.6,71310.2
1780356960000,71310.2,71528.0,71286.8,71508.3
1780357140000,71508.3,71560.0,71480.0,71530.6
1780357320000,71530.6,71538.7,71466.0,71489.8
1780357500000,71489.8,71519.0,71447.2,71456.5
1780357680000,71456.5,71530.0,71453.1,71504.0
1780357860000,71504.0,71504.0,71381.4,71430.6
1780358040000,71430.6,71437.0,71350.0,71354.9
1780358220000,71354.9,71409.9,71354.9,71391.6
1780358400000,71391.6,71397.2,71301.1,71321.4
1780358580000,71321.4,71370.7,71265.3,71308.3
1780358760000,71308.3,71312.6,71260.2,71304.6
1780358940000,71304.6,71309.1,71241.9,71270.1
1780359120000,71270.1,71270.1,71227.0,71249.7
1780359300000,71249.7,71286.4,71188.0,71226.5
1780359480000,71226.5,71226.5,71152.0,71177.9
1780359660000,71177.9,71217.8,71168.6,71189.9
1780359840000,71189.9,71190.0,71125.0,71164.7
1780360020000,71164.7,71213.8,71159.3,71213.7
1780360200000,71213.7,71282.9,71210.0,71229.2
1780360380000,71229.2,71249.9,71179.1,71220.6
1780360560000,71220.6,71271.4,71177.0,71196.9
1780360740000,71196.9,71197.4,71135.2,71156.1
1780360920000,71156.1,71161.1,71071.5,71158.7
1780361100000,71158.7,71174.1,71126.1,71171.9
1780361280000,71171.9,71200.0,71150.5,71195.2
1780361460000,71195.2,71260.0,71192.1,71260.0
1780361640000,71260.0,71284.0,71237.7,71278.5
1780361820000,71278.5,71278.5,71241.1,71266.6
1780362000000,71266.6,71316.2,71242.9,71316.2
1780362180000,71316.2,71335.5,71227.4,71272.7
1780362360000,71272.7,71314.0,71267.6,71295.2
1780362540000,71295.2,71305.5,71205.0,71249.9
1780362720000,71249.9,71355.2,71249.9,71345.6
1780362900000,71345.6,71354.5,71249.9,71320.6
1780363080000,71320.6,71320.5,71238.5,71300.0
1780363260000,71300.0,71315.2,71240.4,71273.1
1780363440000,71273.1,71318.0,71230.4,71253.5
1780363620000,71253.5,71285.3,71174.6,71188.3
1780363800000,71188.3,71209.7,71009.1,71029.2
1780363980000,71029.2,71057.4,70913.7,70913.8
1780364160000,70913.8,70944.9,70754.1,70768.3
1780364340000,70768.3,70933.4,70768.2,70921.7
1780364520000,70921.7,70972.3,70862.6,70928.9
1780364700000,70928.9,70929.0,70738.0,70831.0
1780364880000,70831.0,70888.3,70830.9,70863.7
1780365060000,70863.7,70908.9,70856.9,70869.2
1780365240000,70869.2,70869.2,70784.7,70806.5
1780365420000,70806.5,70806.6,70570.8,70615.2
1780365600000,70615.2,70700.0,70566.4,70632.2
1780365780000,70632.2,70675.5,70419.9,70424.9
1780365960000,70424.9,70455.2,70054.1,70330.0
1780366140000,70330.0,70330.0,70122.9,70194.8
1780366320000,70194.8,70319.7,70158.0,70319.7
1780366500000,70319.7,70329.8,70195.9,70216.1
1780366680000,70216.1,70358.0,70125.6,70358.0
1780366860000,70358.0,70490.4,70358.0,70422.7
1780367040000,70422.7,70617.9,70422.7,70578.9
1780367220000,70578.9,70800.0,70578.9,70775.6
1780367400000,70775.6,70805.0,70717.9,70742.2
1780367580000,70742.2,70797.6,70700.0,70782.7
1780367760000,70782.7,70855.9,70746.2,70747.3
1780367940000,70747.3,70747.3,70562.1,70562.2
1780368120000,70562.2,70583.8,70550.4,70573.0
1780368300000,70573.0,70725.7,70550.0,70703.9
1780368480000,70703.9,70702.1,70619.0,70700.0
1780368660000,70700.0,70750.0,70659.0,70659.1
1780368840000,70659.1,70742.8,70601.9,70734.6
1780369020000,70734.6,70820.0,70712.1,70819.9
1780369200000,70819.9,70856.2,70768.5,70837.2
1780369380000,70837.2,70990.1,70812.8,70970.8
1780369560000,70970.8,71019.8,70950.9,70967.9
1780369740000,70967.9,71006.6,70886.9,70886.9
1780369920000,70886.9,70890.9,70866.1,70881.6
1780370100000,70881.6,70983.6,70881.6,70957.7
1780370280000,70957.7,70969.2,70802.5,70804.6
1780370460000,70804.6,70949.8,70791.5,70949.8
1780370640000,70949.8,70986.1,70896.0,70956.4
1780370820000,70956.4,70967.4,70902.2,70934.2
1780371000000,70934.2,70945.0,70880.1,70940.1
1780371180000,70940.1,70982.4,70894.4,70938.2
1780371360000,70938.2,70945.0,70900.0,70927.8
1780371540000,70927.8,70959.9,70920.4,70941.1
1780371720000,70941.1,70962.9,70897.4,70960.4
1780371900000,70960.4,70985.0,70936.3,70985.0
1780372080000,70985.0,70985.0,70910.7,70973.8
1780372260000,70973.8,70979.2,70932.8,70962.4
1780372440000,70962.4,70996.5,70910.0,70913.7
1780372620000,70913.7,70944.1,70916.3,70920.7
1780372800000,70920.7,70990.0,70916.7,70919.5
1780372980000,70919.5,70947.2,70901.1,70942.5
1780373160000,70942.5,70960.0,70820.1,70821.4
1780373340000,70821.4,70838.6,70690.3,70703.0
1780373520000,70703.0,70784.6,70690.0,70739.8
1780373700000,70739.8,70838.7,70739.8,70774.8
1780373880000,70774.8,70896.3,70774.8,70896.2
1780374060000,70896.2,70896.2,70786.8,70845.8
1780374240000,70845.8,70925.3,70832.9,70925.3
1780374420000,70925.3,70998.9,70921.4,70942.9
1780374600000,70942.9,70942.9,70890.6,70933.6
1780374780000,70933.6,71014.3,70933.6,71013.5
1780374960000,71013.5,71022.7,70962.7,70983.1
1780375140000,70983.1,71011.4,70973.7,71000.0
1780375320000,71000.0,71008.2,70959.6,70991.9
1780375500000,70991.9,70992.0,70938.1,70942.2
1780375680000,70942.2,70963.7,70868.2,70889.2
1780375860000,70889.2,70889.2,70829.3,70865.0
1780376040000,70865.0,70872.9,70791.8,70792.0
1780376220000,70792.0,70819.4,70728.6,70782.4
1780376400000,70782.4,70820.8,70694.0,70694.3
1780376580000,70694.3,70707.0,70555.0,70596.2
1780376760000,70596.2,70635.8,70563.6,70628.9
1780376940000,70628.9,70726.8,70628.9,70713.9
1780377120000,70713.9,70814.2,70707.0,70779.3
1780377300000,70779.3,70786.9,70682.1,70711.3
1780377480000,70711.3,70733.5,70682.6,70715.4
1780377660000,70715.4,70742.3,70689.0,70707.9
1780377840000,70707.9,70717.0,70574.6,70633.2
1780378020000,70633.2,70661.5,70549.9,70572.3
1780378200000,70572.3,70685.8,70502.1,70670.1
1780378380000,70670.1,70700.2,70619.5,70636.2
1780378560000,70636.2,70652.6,70554.8,70610.1
1780378740000,70610.1,70615.8,70400.2,70475.6
1780378920000,70475.6,70518.2,70442.9,70501.4
1780379100000,70501.4,70507.5,70375.6,70395.8
1780379280000,70395.8,70432.4,70361.1,70375.7
1780379460000,70375.7,70390.0,70315.7,70329.8
1780379640000,70329.8,70369.2,70305.5,70345.7
1780379820000,70345.7,70345.7,70226.1,70235.1
1780380000000,70235.1,70356.9,70223.6,70320.2
1780380180000,70320.2,70412.2,70320.1,70404.1
1780380360000,70404.1,70404.1,70314.9,70326.6
1780380540000,70326.6,70380.0,70321.4,70338.3
1780380720000,70338.3,70338.3,70188.8,70277.1
1780380900000,70277.1,70366.5,70265.5,70308.0
1780381080000,70308.0,70308.1,70256.6,70280.0
1780381260000,70280.0,70300.1,70262.2,70272.2
1780381440000,70272.2,70300.8,70191.0,70300.8
1780381620000,70300.8,70350.2,70276.1,70333.5
1780381800000,70333.5,70393.2,70325.8,70339.9
1780381980000,70339.9,70352.5,70280.0,70291.8
1780382160000,70291.8,70310.8,70234.7,70276.8
1780382340000,70276.8,70301.9,70250.0,70294.9
1780382520000,70294.9,70318.8,70215.6,70222.1
1780382700000,70222.1,70282.7,69949.9,70097.7
1780382880000,70097.7,70258.5,70081.9,70252.7
1780383060000,70252.7,70309.5,70129.1,70129.2
1780383240000,70129.2,70144.1,69896.8,69931.5
1780383420000,69931.5,70094.0,69914.5,70076.7
1780383600000,70076.7,70133.1,69774.6,69798.4
1780383780000,69798.4,69883.2,69699.9,69866.9
1780383960000,69866.9,69960.0,69804.0,69959.8
1780384140000,69959.8,70024.7,69929.6,70004.8
1780384320000,70004.8,70048.2,69961.5,70020.1
1780384500000,70020.1,70209.0,70020.1,70192.9
1780384680000,70192.9,70244.5,70128.6,70140.0
1780384860000,70140.0,70140.1,70058.1,70064.6
1780385040000,70064.6,70064.6,69851.8,69884.2
1780385220000,69884.2,69895.8,69794.7,69877.3
1780385400000,69877.3,70084.7,69869.4,70073.3
1780385580000,70073.3,70100.0,70017.7,70079.9
1780385760000,70079.9,70216.0,70074.3,70148.2
1780385940000,70148.2,70196.7,70138.5,70170.1
1780386120000,70170.1,70210.0,70162.2,70176.7
1780386300000,70176.7,70176.7,70037.0,70053.3
1780386480000,70053.3,70141.6,70053.2,70138.0
1780386660000,70138.0,70138.0,70053.2,70056.7
1780386840000,70056.7,70185.5,70056.7,70108.9
1780387020000,70108.9,70110.0,70070.0,70079.4
1780387200000,70079.4,70143.5,70035.7,70044.9
1780387380000,70044.9,70062.4,69966.0,70027.3
1780387560000,70027.3,70058.9,69973.3,69991.0
1780387740000,69991.0,70008.2,69960.2,69964.9
1780387920000,69964.9,70049.6,69931.6,70028.8
1780388100000,70028.8,70026.0,69903.2,69910.1
1780388280000,69910.1,70020.8,69888.3,69938.1
1780388460000,69938.1,69941.9,69858.5,69925.9
1780388640000,69925.9,69991.2,69837.6,69991.2
1780388820000,69991.2,70060.0,69931.8,69997.6
1780389000000,69997.6,70042.0,69986.9,70031.5
1780389180000,70031.5,70060.0,69928.5,69967.0
1780389360000,69967.0,69995.6,69881.1,69881.1
1780389540000,69881.1,69931.0,69871.2,69871.3
1780389720000,69871.3,69892.1,69824.0,69833.1
1780389900000,69833.1,69919.3,69828.9,69859.1
1780390080000,69859.1,69859.1,69756.9,69800.0
1780390260000,69800.0,69800.0,69740.1,69746.7
1780390440000,69746.7,69758.3,69681.4,69727.5
1780390620000,69727.5,69820.3,69705.5,69788.4
1780390800000,69788.4,69820.4,69601.1,69616.9
1780390980000,69616.9,69665.5,69548.8,69583.6
1780391160000,69583.6,69686.8,69566.1,69619.7
1780391340000,69619.7,69626.2,69570.2,69573.6
1780391520000,69573.6,69573.6,69463.1,69532.9
1780391700000,69532.9,69598.5,69466.6,69471.2
1780391880000,69471.2,69605.7,69463.1,69519.6
1780392060000,69519.6,69519.7,69386.6,69450.1
1780392240000,69450.1,69469.2,69390.0,69412.5
1780392420000,69412.5,69420.7,69284.7,69366.6
1780392600000,69366.6,69462.0,69316.5,69461.9
1780392780000,69461.9,69538.6,69416.2,69519.4
1780392960000,69519.4,69519.4,69444.3,69494.6
1780393140000,69494.6,69494.6,69388.4,69450.5
1780393320000,69450.5,69496.3,69430.3,69460.7
1780393500000,69460.7,69460.7,69348.0,69398.3
1780393680000,69398.3,69499.2,69380.2,69405.5
1780393860000,69405.5,69460.0,69400.1,69411.0
1780394040000,69411.0,69427.7,69356.0,69369.7
1780394220000,69369.7,69404.5,69356.0,69393.2
1780394400000,69393.2,69402.9,69316.5,69366.8
1780394580000,69366.8,69505.8,69367.8,69504.5
1780394760000,69504.5,69561.3,69465.7,69526.2
1780394940000,69526.2,69712.7,69517.5,69699.6
1780395120000,69699.6,69732.2,69618.7,69624.9
1780395300000,69624.9,69686.5,69604.5,69640.8
1780395480000,69640.8,69700.0,69633.9,69662.7
1780395660000,69662.7,69662.7,69483.9,69506.7
1780395840000,69506.7,69568.2,69492.7,69525.4
1780396020000,69525.4,69631.9,69532.6,69608.9
1780396200000,69608.9,69647.0,69580.1,69619.8
1780396380000,69619.8,69616.9,69444.1,69451.5
1780396560000,69451.5,69475.5,69412.0,69435.0
1780396740000,69435.0,69486.2,69412.0,69460.1
1780396920000,69460.1,69474.8,69434.9,69440.5
1780397100000,69440.5,69499.9,69440.5,69490.1
1780397280000,69490.1,69499.5,69445.4,69484.1
1780397460000,69484.1,69666.0,69484.0,69647.2
1780397640000,69647.2,69666.6,69612.5,69657.0
1780397820000,69657.0,69665.1,69620.8,69620.8
1780398000000,69620.8,69635.0,69540.0,69575.6
1780398180000,69575.6,69602.6,69540.1,69540.2
1780398360000,69540.2,69565.3,69525.4,69560.2
1780398540000,69560.2,69584.3,69493.1,69495.0
1780398720000,69495.0,69534.4,69465.6,69524.9
1780398900000,69524.9,69541.4,69454.7,69467.0
1780399080000,69467.0,69473.1,69390.8,69448.6
1780399260000,69448.6,69486.0,69405.2,69477.2
1780399440000,69477.2,69510.5,69443.4,69443.4
1780399620000,69443.4,69482.4,69434.2,69464.8
1780399800000,69464.8,69471.0,69379.9,69397.4
1780399980000,69397.4,69428.8,69365.0,69406.3
1780400160000,69406.3,69491.9,69390.1,69489.2
1780400340000,69489.2,69499.0,69480.1,69499.0
1780400520000,69499.0,69499.9,69437.4,69439.0
1780400700000,69439.0,69483.2,69425.2,69479.2
1780400880000,69479.2,69531.7,69479.1,69522.2
1780401060000,69522.2,69584.7,69480.1,69547.1
1780401240000,69547.1,69566.2,69525.3,69531.0
1780401420000,69531.0,69535.7,69430.3,69430.3
1780401600000,69430.3,69464.3,69356.1,69451.9
1780401780000,69451.9,69514.6,69309.9,69322.4
1780401960000,69322.4,69458.1,69255.6,69433.0
1780402140000,69433.0,69458.1,69341.8,69341.9
1780402320000,69341.9,69358.4,69284.7,69319.6
1780402500000,69319.6,69339.1,69229.8,69237.6
1780402680000,69237.6,69269.7,69211.0,69228.2
1780402860000,69228.2,69414.8,69228.1,69392.4
1780403040000,69392.4,69408.7,69324.1,69340.4
1780403220000,69340.4,69343.2,69237.1,69263.2
1780403400000,69263.2,69263.2,69165.7,69166.3
1780403580000,69166.3,69195.3,69094.2,69150.5
1780403760000,69150.5,69164.9,69066.0,69093.0
1780403940000,69093.0,69222.0,69036.1,69195.0
1780404120000,69195.0,69226.4,69151.4,69190.1
1780404300000,69190.1,69229.6,69089.8,69099.7
1780404480000,69099.7,69127.4,69068.9,69087.5
1780404660000,69087.5,69087.5,69036.0,69079.8
1780404840000,69079.8,69085.6,69013.0,69024.2
1780405020000,69024.2,69063.0,68964.9,68973.0
1780405200000,68973.0,69158.7,68900.0,69147.9
1780405380000,69147.9,69157.5,69050.6,69077.5
1780405560000,69077.5,69099.9,68953.2,68987.8
1780405740000,68987.8,69050.0,68973.4,69019.9
1780405920000,69019.9,69050.7,68868.8,68891.0
1780406100000,68891.0,68975.2,68841.2,68954.6
1780406280000,68954.6,69031.4,68954.5,69009.5
1780406460000,69009.5,69080.3,68996.6,69071.6
1780406640000,69071.6,69071.6,68987.3,69024.9
1780406820000,69024.9,69080.0,68984.0,69002.6
1780407000000,69002.6,69090.0,68930.1,68939.5
1780407180000,68939.5,68943.4,68847.1,68909.4
1780407360000,68909.4,68962.4,68806.1,68829.1
1780407540000,68829.1,68914.8,68746.0,68914.7
1780407720000,68914.7,68954.1,68814.3,68861.7
1780407900000,68861.7,68960.0,68848.8,68887.9
1780408080000,68887.9,68920.0,68805.9,68838.7
1780408260000,68838.7,68838.7,68755.2,68794.9
1780408440000,68794.9,68819.9,68756.1,68819.9
1780408620000,68819.9,68819.9,68735.8,68783.6
1780408800000,68783.6,68817.0,68650.0,68677.2
1780408980000,68677.2,68684.4,68591.3,68660.0
1780409160000,68660.0,68721.8,68491.7,68491.7
1780409340000,68491.7,68551.2,68270.0,68459.3
1780409520000,68459.3,68684.6,68435.5,68556.2
1780409700000,68556.2,68562.1,68417.9,68459.7
1780409880000,68459.7,68459.8,68250.0,68278.0
1780410060000,68278.0,68283.1,67896.1,67988.6
1780410240000,67988.6,68089.2,67837.9,67877.0
1780410420000,67877.0,67949.6,67589.5,67863.5
1780410600000,67863.5,68052.3,67834.9,68044.2
1780410780000,68044.2,68150.0,68002.9,68150.0
1780410960000,68150.0,68250.0,68100.9,68188.5
1780411140000,68188.5,68194.2,67871.0,67925.0
1780411320000,67925.0,68000.0,67864.2,68000.0
1780411500000,68000.0,68219.9,67990.9,68158.1
1780411680000,68158.1,68244.0,68117.1,68180.1
1780411860000,68180.1,68250.0,68127.0,68134.3
1780412040000,68134.3,68149.1,68051.2,68080.0
1780412220000,68080.0,68089.6,67943.9,67990.0
1780412400000,67990.0,68007.0,67850.0,67856.4
1780412580000,67856.4,67949.0,67792.9,67942.7
1780412760000,67942.7,68068.1,67900.1,68014.3
1780412940000,68014.3,68027.9,67853.3,67944.1
1780413120000,67944.1,67944.2,67789.1,67828.6
1780413300000,67828.6,67833.7,67594.7,67638.2
1780413480000,67638.2,67746.4,67500.1,67682.3
1780413660000,67682.3,67770.7,67525.5,67550.4
1780413840000,67550.4,67638.3,67333.3,67469.0
1780414020000,67469.0,67599.0,67406.8,67422.2
1780414200000,67422.2,67475.5,67126.2,67374.2
1780414380000,67374.2,67475.6,67162.3,67269.2
1780414560000,67269.2,67269.1,67042.3,67124.9
1780414740000,67124.9,67325.0,67124.9,67228.6
1780414920000,67228.6,67357.5,67228.5,67251.9
1780415100000,67251.9,67472.6,67246.8,67303.7
1780415280000,67303.7,67321.7,67078.5,67113.4
1780415460000,67113.4,67184.3,67090.7,67090.7
1780415640000,67090.7,67285.9,67077.9,67257.4
1780415820000,67257.4,67298.3,67240.1,67274.0
1780416000000,67274.0,67328.2,67197.4,67303.1
1780416180000,67303.1,67454.9,67266.7,67434.5
1780416360000,67434.5,67547.6,67342.3,67489.1
1780416540000,67489.1,67719.5,67476.4,67703.9
1780416720000,67703.9,67949.8,67679.0,67906.5
1780416900000,67906.5,67973.4,67820.0,67939.7
1780417080000,67939.7,68116.4,67889.8,67899.1
1780417260000,67899.1,67894.6,67732.9,67785.4
1780417440000,67785.4,67829.9,67776.9,67798.5
1780417620000,67798.5,67873.1,67779.0,67840.0
1780417800000,67840.0,67846.8,67777.2,67778.6
1780417980000,67778.6,67799.9,67776.7,67780.4
1780418160000,67780.4,67780.3,67560.0,67580.2
1780418340000,67580.2,67683.9,67508.1,67629.9
1780418520000,67629.9,67641.0,67540.6,67608.5
1780418700000,67608.5,67818.6,67600.1,67682.1
1780418880000,67682.1,67795.3,67666.0,67693.9
1780419060000,67693.9,67714.6,67512.8,67569.2
1780419240000,67569.2,67594.1,67461.8,67546.2
1780419420000,67546.2,67546.3,67375.7,67393.1
1780419600000,67393.1,67551.0,67350.0,67549.8
1780419780000,67549.8,67605.8,67463.9,67585.5
1780419960000,67585.5,67585.5,67386.5,67448.7
1780420140000,67448.7,67517.4,67413.6,67517.4
1780420320000,67517.4,67517.4,67440.1,67480.7
1780420500000,67480.7,67534.1,67436.2,67486.9
1780420680000,67486.9,67692.2,67465.7,67644.6
1780420860000,67644.6,67755.5,67604.0,67734.1
1780421040000,67734.1,67789.6,67686.3,67696.9
1780421220000,67696.9,67748.7,67692.4,67707.6
1780421400000,67707.6,67820.7,67664.2,67819.4
1780421580000,67819.4,67819.3,67546.1,67632.5
1780421760000,67632.5,67650.0,67582.9,67650.0
1780421940000,67650.0,67681.4,67489.8,67513.6
1780422120000,67513.6,67536.0,67445.8,67464.3
1780422300000,67464.3,67493.3,67425.5,67457.4
1780422480000,67457.4,67465.7,67360.2,67360.2
1780422660000,67360.2,67476.2,67360.1,67476.2
1780422840000,67476.2,67489.3,67392.4,67435.6
1780423020000,67435.6,67499.8,67435.5,67465.3
1780423200000,67465.3,67569.9,67465.9,67479.9
1780423380000,67479.9,67559.0,67465.0,67514.1
1780423560000,67514.1,67606.7,67481.7,67570.3
1780423740000,67570.3,67626.2,67556.8,67579.2
1780423920000,67579.2,67641.6,67553.6,67573.2
1780424100000,67573.2,67599.8,67507.3,67561.7
1780424280000,67561.7,67591.1,67480.0,67480.1
1780424460000,67480.1,67506.1,67384.5,67409.3
1780424640000,67409.3,67409.3,67328.1,67383.7
1780424820000,67383.7,67427.9,67265.0,67281.8
1780425000000,67281.8,67345.7,67226.1,67252.8
1780425180000,67252.8,67319.6,67230.0,67233.8
1780425360000,67233.8,67293.7,67191.0,67196.8
1780425540000,67196.8,67255.0,67180.1,67185.6
1780425720000,67185.6,67285.1,67175.7,67280.0
1780425900000,67280.0,67285.1,67179.8,67228.3
1780426080000,67228.3,67297.6,67228.2,67250.7
1780426260000,67250.7,67267.5,67123.0,67160.4
1780426440000,67160.4,67274.9,67089.9,67262.1
1780426620000,67262.1,67341.5,67253.7,67315.4
1780426800000,67315.4,67411.7,67239.0,67239.0
1780426980000,67239.0,67294.5,67205.6,67210.6
1780427160000,67210.6,67336.6,67200.3,67295.4
1780427340000,67295.4,67327.2,67255.0,67315.2
1780427520000,67315.2,67357.2,67284.1,67328.7
1780427700000,67328.7,67344.2,67180.0,67187.2
1780427880000,67187.2,67196.3,67096.8,67152.7
1780428060000,67152.7,67221.3,67138.0,67138.4
1780428240000,67138.4,67162.8,67047.1,67159.7
1780428420000,67159.7,67159.8,66889.8,66949.9
1780428600000,66949.9,66996.7,66602.2,66696.1
1780428780000,66696.1,66725.5,66388.0,66618.2
1780428960000,66618.2,66790.7,66614.0,66731.4
1780429140000,66731.4,66774.4,66597.1,66625.8
1780429320000,66625.8,66935.9,66628.7,66895.0
1780429500000,66895.0,67005.2,66839.4,67004.6
1780429680000,67004.6,67264.8,66972.1,67225.7
1780429860000,67225.7,67474.8,67211.3,67339.8
1780430040000,67339.8,67347.7,67127.2,67175.6
1780430220000,67175.6,67289.5,67143.2,67289.5
1780430400000,67289.5,67286.8,67050.0,67089.0
1780430580000,67089.0,67360.2,67089.0,67347.0
1780430760000,67347.0,67419.3,67312.4,67419.3
1780430940000,67419.3,67458.2,67333.6,67374.1
1780431120000,67374.1,67381.0,67316.5,67348.2
1780431300000,67348.2,67360.8,67194.3,67213.8
1780431480000,67213.8,67213.8,67014.0,67081.9
1780431660000,67081.9,67109.6,66906.2,66946.4
1780431840000,66946.4,67008.1,66923.0,66979.9
1780432020000,66979.9,67035.5,66885.0,66920.0
1780432200000,66920.0,67249.6,66913.4,67244.6
1780432380000,67244.6,67326.4,67142.7,67192.1
1780432560000,67192.1,67287.4,67170.3,67252.2
1780432740000,67252.2,67285.4,67170.0,67198.0
1780432920000,67198.0,67279.9,67192.6,67279.9
1780433100000,67279.9,67347.5,67272.3,67329.9
1780433280000,67329.9,67473.6,67329.9,67466.0
1780433460000,67466.0,67664.0,67465.9,67527.4
1780433640000,67527.4,67628.0,67523.7,67600.2
1780433820000,67600.2,67609.5,67544.6,67555.9
1780434000000,67555.9,67659.3,67553.1,67638.3
1780434180000,67638.3,67776.1,67519.4,67775.1
1780434360000,67775.1,67778.9,67564.5,67581.9
1780434540000,67581.9,67663.1,67471.4,67473.6
1780434720000,67473.6,67473.7,67374.0,67445.0
1780434900000,67445.0,67646.1,67435.1,67618.0
1780435080000,67618.0,67764.0,67610.8,67753.6
1780435260000,67753.6,67799.9,67658.8,67740.9
1780435440000,67740.9,67887.7,67720.4,67871.1
1780435620000,67871.1,67890.2,67765.0,67862.8
1780435800000,67862.8,67884.0,67789.7,67842.5
1780435980000,67842.5,67878.3,67809.4,67868.0
1780436160000,67868.0,67898.2,67782.3,67833.7
1780436340000,67833.7,67836.0,67677.0,67684.8
1780436520000,67684.8,67731.3,67677.2,67705.5
1780436700000,67705.5,67710.0,67628.3,67654.6
1780436880000,67654.6,67663.1,67572.1,67616.3
1780437060000,67616.3,67612.2,67480.0,67549.9
1780437240000,67549.9,67550.0,67480.6,67541.4
1780437420000,67541.4,67619.2,67529.3,67532.1
1780437600000,67532.1,67532.2,67324.3,67430.9
1780437780000,67430.9,67430.9,67272.1,67354.6
1780437960000,67354.6,67419.0,67354.6,67403.7
1780438140000,67403.7,67403.7,67231.3,67247.4
1780438320000,67247.4,67268.7,67182.5,67196.6
1780438500000,67196.6,67227.1,67029.7,67033.3
1780438680000,67033.3,67064.8,66896.6,67049.9
1780438860000,67049.9,67386.8,67049.9,67360.2
1780439040000,67360.2,67386.7,67309.4,67323.1
1780439220000,67323.1,67408.4,67259.9,67261.0
1780439400000,67261.0,67289.2,67074.8,67213.8
1780439580000,67213.8,67215.4,66950.1,66968.1
1780439760000,66968.1,67105.7,66968.1,67072.8
1780439940000,67072.8,67072.9,66758.3,66822.8
1780440120000,66822.8,66957.4,66825.1,66920.7
1780440300000,66920.7,66920.7,66703.4,66782.6
1780440480000,66782.6,66824.1,66558.0,66580.3
1780440660000,66580.3,66616.2,66312.7,66550.9
1780440840000,66550.9,66709.9,66468.0,66703.5
1780441020000,66703.5,66703.6,66210.0,66354.3
1780441200000,66354.3,66376.6,66189.5,66246.5
1780441380000,66246.5,66350.0,66161.8,66285.9
1780441560000,66285.9,66626.9,66286.0,66582.5
1780441740000,66582.5,66654.4,66430.2,66649.9
1780441920000,66649.9,66665.7,66595.8,66663.3
1780442100000,66663.3,66746.4,66594.3,66604.0
1780442280000,66604.0,66630.8,66482.2,66550.6
1780442460000,66550.6,66622.0,66446.3,66446.4
1780442640000,66446.4,66475.9,66155.2,66273.2
1780442820000,66273.2,66418.9,66263.4,66417.7
1780443000000,66417.7,66427.3,66215.1,66363.3
1780443180000,66363.3,66614.2,66353.2,66564.9
1780443360000,66564.9,66574.2,66377.0,66556.8
1780443540000,66556.8,66589.1,66500.1,66502.3
1780443720000,66502.3,66712.9,66443.3,66688.9
1780443900000,66688.9,66760.1,66638.6,66749.9
1780444080000,66749.9,66789.2,66693.0,66730.1
1780444260000,66730.1,66732.4,66680.0,66723.1
1780444440000,66723.1,66834.8,66715.6,66803.3
1780444620000,66803.3,66844.8,66728.6,66730.0
1780444800000,66730.0,66861.8,66707.2,66720.0
1780444980000,66720.0,66763.9,66670.0,66711.3
1780445160000,66711.3,66779.9,66650.4,66708.0
1780445340000,66708.0,66888.0,66620.4,66788.3
1780445520000,66788.3,66844.8,66767.2,66780.0
1780445700000,66780.0,67079.4,66780.0,67040.1
1780445880000,67040.1,67094.5,66965.8,66986.4
1780446060000,66986.4,67006.8,66845.0,66854.3
1780446240000,66854.3,66925.2,66806.6,66875.7
1780446420000,66875.7,66875.8,66740.0,66744.3
1780446600000,66744.3,66874.4,66679.9,66857.7
1780446780000,66857.7,67047.6,66850.0,67031.3
1780446960000,67031.3,67181.6,67000.0,67073.8
1780447140000,67073.8,67073.9,66983.8,67014.5
1780447320000,67014.5,67060.7,66990.2,67038.7
1780447500000,67038.7,67120.1,66961.7,66984.0
1780447680000,66984.0,67009.9,66924.5,66950.1
1780447860000,66950.1,67008.0,66928.5,66946.2
1780448040000,66946.2,67000.0,66946.2,66958.4
1780448220000,66958.4,66990.0,66900.0,66900.2
1780448400000,66900.2,66918.2,66750.0,66777.8
1780448580000,66777.8,66900.0,66778.6,66850.8
1780448760000,66850.8,66880.4,66800.0,66808.9
1780448940000,66808.9,66839.3,66730.0,66739.1
1780449120000,66739.1,66833.3,66650.0,66798.1
1780449300000,66798.1,66950.0,66781.9,66876.1
1780449480000,66876.1,66901.8,66825.2,66864.1
1780449660000,66864.1,66936.0,66864.1,66903.9
1780449840000,66903.9,66960.0,66903.8,66950.0
1780450020000,66950.0,67009.9,66949.9,66986.6
1780450200000,66986.6,67010.0,66955.6,66955.7
1780450380000,66955.7,66992.5,66820.7,66820.8
1780450560000,66820.8,66822.3,66620.0,66625.9
1780450740000,66625.9,66653.8,66573.2,66588.2
1780450920000,66588.2,66588.3,66442.0,66488.0
1780451100000,66488.0,66532.1,66477.5,66519.9
1780451280000,66519.9,66632.8,66500.0,66610.4
1780451460000,66610.4,66990.1,66610.3,66982.3
1780451640000,66982.3,67010.0,66886.0,66904.5
1780451820000,66904.5,66918.4,66873.0,66890.7
1780452000000,66890.7,66893.2,66700.1,66765.5
1780452180000,66765.5,66899.2,66765.4,66892.5
1780452360000,66892.5,66892.6,66762.4,66779.1
1780452540000,66779.1,66885.3,66764.2,66840.8
1780452720000,66840.8,66868.4,66800.1,66800.1
1780452900000,66800.1,66885.1,66756.6,66882.1
1780453080000,66882.1,66913.0,66804.2,66804.3
1780453260000,66804.3,66822.3,66631.5,66637.9
1780453440000,66637.9,66691.8,66627.1,66651.1
1780453620000,66651.1,66679.9,66608.6,66628.1
1780453800000,66628.1,66725.4,66572.8,66621.7
1780453980000,66621.7,66706.2,66621.7,66651.5
1780454160000,66651.5,66814.0,66629.0,66813.9
1780454340000,66813.9,66829.9,66775.6,66796.7
1780454520000,66796.7,66813.5,66716.7,66716.7
1780454700000,66716.7,66781.5,66650.0,66677.5
1780454880000,66677.5,66799.4,66621.8,66787.2
1780455060000,66787.2,66790.2,66732.5,66745.9
1780455240000,66745.9,66745.9,66582.0,66605.6
1780455420000,66605.6,66617.1,66550.1,66588.1
1780455600000,66588.1,66609.1,66538.9,66600.6
1780455780000,66600.6,66635.0,66574.9,66584.3
1780455960000,66584.3,66589.4,66500.0,66504.7
1780456140000,66504.7,66508.1,66379.9,66419.5
1780456320000,66419.5,66488.0,66381.1,66488.0
1780456500000,66488.0,66596.1,66456.0,66490.7
1780456680000,66490.7,66490.7,66320.0,66320.0
1780456860000,66320.0,66444.6,66310.0,66414.9
1780457040000,66414.9,66434.9,66199.4,66237.2
1780457220000,66237.2,66237.2,66040.7,66118.1
1780457400000,66118.1,66235.3,66043.6,66046.2
1780457580000,66046.2,66134.9,65960.0,66092.0
1780457760000,66092.0,66111.2,65966.8,66017.9
1780457940000,66017.9,66062.0,65944.6,65995.8
1780458120000,65995.8,66007.7,65700.1,65725.7
1780458300000,65725.7,65881.5,65716.3,65806.7
1780458480000,65806.7,65812.8,65378.1,65432.4
1780458660000,65432.4,65832.5,65432.4,65796.9
1780458840000,65796.9,65950.7,65785.3,65871.3
1780459020000,65871.3,65917.9,65763.9,65818.4
1780459200000,65818.4,66166.3,65794.2,66154.8
1780459380000,66154.8,66493.4,66154.8,66488.2
1780459560000,66488.2,66584.6,66300.0,66343.8
1780459740000,66343.8,66402.4,66290.0,66290.1
1780459920000,66290.1,66359.8,66290.0,66307.8
1780460100000,66307.8,66459.7,66289.4,66364.6
1780460280000,66364.6,66381.2,66329.5,66367.5
1780460460000,66367.5,66417.0,66360.0,66412.4
1780460640000,66412.4,66577.1,66390.0,66548.8
1780460820000,66548.8,66594.0,66548.8,66551.2
1780461000000,66551.2,66551.2,66281.4,66356.9
1780461180000,66356.9,66480.9,66356.9,66432.4
1780461360000,66432.4,66432.4,66339.4,66353.5
1780461540000,66353.5,66395.2,66341.8,66369.7
1780461720000,66369.7,66449.1,66356.9,66412.7
1780461900000,66412.7,66479.8,66400.0,66474.9
1780462080000,66474.9,66486.1,66402.2,66413.7
1780462260000,66413.7,66425.7,66248.2,66250.0
1780462440000,66250.0,66371.3,66250.0,66371.3
1780462620000,66371.3,66439.8,66369.5,66438.9
1780462800000,66438.9,66768.0,66439.1,66758.3
1780462980000,66758.3,67010.4,66639.5,66904.7
1780463160000,66904.7,66997.9,66879.4,66982.9
1780463340000,66982.9,67190.0,66952.0,67182.8
1780463520000,67182.8,67239.8,67096.2,67104.8
1780463700000,67104.8,67250.0,67085.8,67148.6
1780463880000,67148.6,67197.9,67064.2,67064.2
1780464060000,67064.2,67111.2,67000.1,67009.7
1780464240000,67009.7,67031.0,66960.0,66960.0
1780464420000,66960.0,67076.1,66951.9,67076.1
1780464600000,67076.1,67076.0,66740.0,66788.0
1780464780000,66788.0,66944.9,66788.1,66934.9
1780464960000,66934.9,66941.1,66793.1,66864.0
1780465140000,66864.0,67031.7,66850.0,67000.0
1780465320000,67000.0,67023.5,66980.0,66993.6
1780465500000,66993.6,67064.5,66993.6,67051.6
1780465680000,67051.6,67150.0,67020.0,67128.8
1780465860000,67128.8,67304.8,67125.9,67298.5
1780466040000,67298.5,67363.6,67234.3,67300.0
1780466220000,67300.0,67371.9,67283.3,67290.2
1780466400000,67290.2,67343.2,67234.7,67266.5
1780466580000,67266.5,67266.5,67157.8,67187.0
1780466760000,67187.0,67292.6,67159.3,67181.1
1780466940000,67181.1,67181.2,67080.0,67132.6
1780467120000,67132.6,67163.3,67100.2,67126.9
1780467300000,67126.9,67215.5,67121.1,67156.6
1780467480000,67156.6,67244.9,67156.5,67203.1
1780467660000,67203.1,67295.9,67200.1,67293.5
1780467840000,67293.5,67324.7,67281.5,67293.0
1780468020000,67293.0,67300.0,67200.0,67217.1
1780468200000,67217.1,67274.4,67152.4,67274.4
1780468380000,67274.4,67436.1,67252.4,67386.4
1780468560000,67386.4,67450.0,67385.9,67441.1
1780468740000,67441.1,67484.6,67395.0,67395.0
1780468920000,67395.0,67397.8,67267.5,67290.9
1780469100000,67290.9,67312.4,67170.3,67211.2
1780469280000,67211.2,67260.5,67092.4,67104.9
1780469460000,67104.9,67130.0,67054.0,67075.3
1780469640000,67075.3,67075.4,66985.1,67000.0
1780469820000,67000.0,67000.0,66919.6,66949.3
1780470000000,66949.3,66965.3,66828.6,66941.1
1780470180000,66941.1,66998.8,66874.1,66986.4
1780470360000,66986.4,67053.4,66966.3,66986.9
1780470540000,66986.9,67098.0,66945.6,67098.0
1780470720000,67098.0,67123.8,67040.0,67040.8
1780470900000,67040.8,67270.0,66990.9,67237.2
1780471080000,67237.2,67296.8,67204.8,67204.8
1780471260000,67204.8,67204.9,67131.3,67155.8
1780471440000,67155.8,67204.9,67116.8,67174.3
1780471620000,67174.3,67184.1,67151.2,67158.2
1780471800000,67158.2,67216.5,67142.8,67197.6
1780471980000,67197.6,67236.6,67172.9,67172.9
1780472160000,67172.9,67251.0,67150.1,67250.9
1780472340000,67250.9,67251.2,67063.6,67063.7
1780472520000,67063.7,67205.4,67040.0,67172.9
1780472700000,67172.9,67259.7,67150.8,67259.7
1780472880000,67259.7,67281.5,67219.8,67274.6
1780473060000,67274.6,67296.6,67250.0,67286.5
1780473240000,67286.5,67286.5,67214.2,67250.0
1780473420000,67250.0,67252.2,67166.6,67186.8
1780473600000,67186.8,67226.7,67127.2,67132.8
1780473780000,67132.8,67210.0,67132.8,67170.6
1780473960000,67170.6,67174.3,67088.1,67089.6
1780474140000,67089.6,67122.3,67078.0,67094.1
1780474320000,67094.1,67099.9,67030.0,67031.9
1780474500000,67031.9,67070.0,66990.0,67016.9
1780474680000,67016.9,67109.5,67000.9,67048.2
1780474860000,67048.2,67050.0,66995.4,67040.0
1780475040000,67040.0,67049.9,66972.7,66995.8
1780475220000,66995.8,67009.4,66973.2,66999.2
1780475400000,66999.2,67127.0,66999.2,67127.0
1780475580000,67127.0,67206.8,67059.3,67075.6
1780475760000,67075.6,67090.0,66937.7,66942.6
1780475940000,66942.6,66992.1,66936.0,66942.1
1780476120000,66942.1,67105.0,66942.0,67058.8
1780476300000,67058.8,67071.7,66977.0,67018.2
1780476480000,67018.2,67149.0,66983.1,67069.9
1780476660000,67069.9,67070.0,66933.6,66976.8
1780476840000,66976.8,67036.3,66976.8,66988.3
1780477020000,66988.3,67009.9,66980.1,66987.7
1780477200000,66987.7,67067.1,66932.6,66933.2
1780477380000,66933.2,66989.9,66933.1,66964.9
1780477560000,66964.9,67000.0,66948.5,66979.9
1780477740000,66979.9,67060.0,66894.5,66977.2
1780477920000,66977.2,67032.9,66924.2,66925.7
1780478100000,66925.7,66934.7,66877.0,66933.7
1780478280000,66933.7,66933.7,66810.6,66816.6
1780478460000,66816.6,66866.0,66800.0,66820.1
1780478640000,66820.1,66883.5,66800.0,66825.7
1780478820000,66825.7,66825.7,66780.0,66801.3
1780479000000,66801.3,66809.9,66800.0,66800.1
1780479180000,66800.1,66828.3,66800.0,66800.0
1780479360000,66800.0,66800.2,66730.0,66737.7
1780479540000,66737.7,66749.1,66710.1,66717.5
1780479720000,66717.5,66720.0,66699.9,66702.0
1780479900000,66702.0,66704.2,66690.0,66690.0
1780480080000,66690.0,67234.4,66620.0,67199.9
1780480260000,67199.9,67312.8,67137.4,67153.7
1780480440000,67153.7,67165.0,67096.2,67124.7
1780480620000,67124.7,67162.6,67040.9,67040.9
1780480800000,67040.9,67123.1,67032.6,67107.7
1780480980000,67107.7,67187.0,67054.2,67168.0
1780481160000,67168.0,67447.9,67164.0,67385.8
1780481340000,67385.8,67423.3,67315.8,67350.0
1780481520000,67350.0,67359.6,67207.0,67270.1
1780481700000,67270.1,67309.0,67169.3,67178.2
1780481880000,67178.2,67208.4,67160.0,67191.8
1780482060000,67191.8,67256.7,67175.1,67232.6
1780482240000,67232.6,67243.9,67188.4,67188.4
1780482420000,67188.4,67287.0,67188.4,67287.0
1780482600000,67287.0,67359.9,67250.1,67335.7
1780482780000,67335.7,67340.0,67282.7,67295.8
1780482960000,67295.8,67295.8,67175.3,67292.9
1780483140000,67292.9,67380.0,67235.2,67236.6
1780483320000,67236.6,67261.1,67187.2,67204.4
1780483500000,67204.4,67211.8,67166.0,67166.0
1780483680000,67166.0,67195.6,67166.0,67178.3
1780483860000,67178.3,67198.8,67151.0,67168.4
1780484040000,67168.4,67295.6,67168.3,67292.1
1780484220000,67292.1,67292.8,67242.0,67260.0
1780484400000,67260.0,67340.0,67242.3,67316.3
1780484580000,67316.3,67316.4,67191.6,67191.6
1780484760000,67191.6,67220.1,67171.0,67197.5
1780484940000,67197.5,67198.0,67175.2,67194.6
1780485120000,67194.6,67313.9,67189.0,67313.9
1780485300000,67313.9,67313.9,67253.3,67275.6
1780485480000,67275.6,67324.5,67275.6,67286.1
1780485660000,67286.1,67330.2,67270.0,67311.4
1780485840000,67311.4,67330.0,67306.1,67319.8
1780486020000,67319.8,67322.5,67271.7,67301.0
1780486200000,67301.0,67300.9,67211.7,67220.7
1780486380000,67220.7,67227.5,67107.3,67115.9
1780486560000,67115.9,67146.5,67076.0,67130.1
1780486740000,67130.1,67134.6,67077.8,67101.6
1780486920000,67101.6,67160.0,67101.5,67122.8
1780487100000,67122.8,67124.7,67026.0,67040.0
1780487280000,67040.0,67090.5,67033.0,67047.1
1780487460000,67047.1,67073.3,67033.4,67064.7
1780487640000,67064.7,67082.3,67036.0,67079.2
1780487820000,67079.2,67079.3,67026.6,67040.2
1780488000000,67040.2,67047.8,66916.3,66950.8
1780488180000,66950.8,67085.9,66950.9,67032.9
1780488360000,67032.9,67079.4,67007.9,67020.0
1780488540000,67020.0,67108.4,67012.0,67012.0
1780488720000,67012.0,67036.2,66852.0,66946.9
1780488900000,66946.9,66946.9,66789.3,66812.9
1780489080000,66812.9,66828.1,66760.1,66800.4
1780489260000,66800.4,66921.4,66804.3,66858.8
1780489440000,66858.8,67010.0,66853.3,66960.7
1780489620000,66960.7,67054.4,66944.1,67002.8
1780489800000,67002.8,67121.1,66976.4,67070.0
1780489980000,67070.0,67141.7,67060.0,67072.7
1780490160000,67072.7,67092.4,66872.0,66872.0
1780490340000,66872.0,66905.0,66810.1,66883.5
1780490520000,66883.5,66955.0,66880.5,66939.0
1780490700000,66939.0,67005.0,66892.1,67005.0
1780490880000,67005.0,67019.6,66973.2,67019.6
1780491060000,67019.6,67112.0,67019.6,67111.9
1780491240000,67111.9,67111.9,66982.8,67041.9
1780491420000,67041.9,67078.5,67024.4,67050.7
1780491600000,67050.7,67205.1,67050.8,67123.2
1780491780000,67123.2,67132.5,67006.9,67030.7
1780491960000,67030.7,67051.7,66961.1,67035.5
1780492140000,67035.5,67112.4,67035.5,67090.9
1780492320000,67090.9,67146.9,67067.3,67089.1
1780492500000,67089.1,67197.3,67074.1,67193.3
1780492680000,67193.3,67220.2,67156.9,67177.1
1780492860000,67177.1,67177.2,67070.4,67103.6
1780493040000,67103.6,67109.4,66846.5,66866.4
1780493220000,66866.4,66895.7,66806.0,66811.1
1780493400000,66811.1,67173.6,66811.0,67164.1
1780493580000,67164.1,67169.2,66930.0,66934.1
1780493760000,66934.1,67026.2,66825.2,66933.7
1780493940000,66933.7,66969.2,66840.9,66840.9
1780494120000,66840.9,66858.1,66682.9,66718.7
1780494300000,66718.7,66799.9,66605.1,66616.5
1780494480000,66616.5,66866.9,66611.8,66865.1
1780494660000,66865.1,67025.0,66800.0,66946.5
1780494840000,66946.5,66963.4,66810.8,66810.9
1780495020000,66810.9,66899.9,66740.0,66884.8
1780495200000,66884.8,66929.8,66744.1,66804.2
1780495380000,66804.2,66804.3,66710.3,66727.7
1780495560000,66727.7,66849.5,66710.2,66824.1
1780495740000,66824.1,66893.7,66707.5,66777.9
1780495920000,66777.9,66880.0,66723.1,66879.9
1780496100000,66879.9,66910.3,66800.1,66847.2
1780496280000,66847.2,66856.5,66649.8,66693.3
1780496460000,66693.3,66789.3,66615.6,66730.0
1780496640000,66730.0,66778.6,66630.2,66697.6
1780496820000,66697.6,66772.9,66635.8,66772.8
1780497000000,66772.8,66836.5,66722.4,66740.1
1780497180000,66740.1,66838.0,66689.0,66794.8
1780497360000,66794.8,66975.0,66775.8,66928.4
1780497540000,66928.4,66959.8,66808.2,66835.2
1780497720000,66835.2,66842.5,66701.9,66735.0
1780497900000,66735.0,66865.3,66718.6,66808.6
1780498080000,66808.6,66849.9,66714.2,66726.0
1780498260000,66726.0,66917.1,66720.1,66904.4
1780498440000,66904.4,66910.8,66746.2,66746.2
1780498620000,66746.2,66863.8,66742.3,66840.9
1780498800000,66840.9,66879.2,66760.1,66790.8
1780498980000,66790.8,66817.7,66655.0,66655.0
1780499160000,66655.0,66664.5,66485.0,66522.1
1780499340000,66522.1,66652.2,66522.1,66530.0
1780499520000,66530.0,66532.7,66467.1,66502.6
1780499700000,66502.6,66560.6,66383.8,66393.7
1780499880000,66393.7,66417.6,66269.9,66278.8
1780500060000,66278.8,66400.9,66227.9,66307.0
1780500240000,66307.0,66486.9,66300.0,66470.5
1780500420000,66470.5,66645.9,66464.7,66576.8
1780500600000,66576.8,66660.0,66453.6,66477.0
1780500780000,66477.0,66490.2,66301.3,66411.0
1780500960000,66411.0,66433.7,66198.7,66253.9
1780501140000,66253.9,66341.9,66245.7,66273.9
1780501320000,66273.9,66350.0,66250.1,66281.6
1780501500000,66281.6,66332.5,66118.0,66151.9
1780501680000,66151.9,66353.9,66149.2,66295.9
1780501860000,66295.9,66344.6,66244.0,66248.6
1780502040000,66248.6,66257.9,66129.3,66139.6
1780502220000,66139.6,66154.7,66036.2,66040.4
1780502400000,66040.4,66123.1,65836.5,65851.4
1780502580000,65851.4,66294.4,65871.0,66229.2
1780502760000,66229.2,66351.3,65903.1,66070.8
1780502940000,66070.8,66254.0,66077.2,66223.3
1780503120000,66223.3,66223.3,66006.9,66139.1
1780503300000,66139.1,66200.0,66094.5,66094.5
1780503480000,66094.5,66094.6,65895.4,65951.4
1780503660000,65951.4,65951.4,65688.1,65795.7
1780503840000,65795.7,65795.8,65569.4,65569.4
1780504020000,65569.4,65773.7,65514.7,65574.6
1780504200000,65574.6,65679.7,65574.6,65642.3
1780504380000,65642.3,65781.0,65555.6,65692.9
1780504560000,65692.9,65876.2,65676.4,65822.7
1780504740000,65822.7,65954.9,65753.8,65862.6
1780504920000,65862.6,65927.8,65799.4,65891.3
1780505100000,65891.3,66047.6,65826.8,66010.4
1780505280000,66010.4,66018.7,65806.6,65810.9
1780505460000,65810.9,65960.6,65784.2,65899.7
1780505640000,65899.7,66029.3,65894.2,66000.9
1780505820000,66000.9,66044.9,65990.0,66034.7
1780506000000,66034.7,66099.5,65962.3,65980.6
1780506180000,65980.6,65980.6,65807.9,65817.8
1780506360000,65817.8,65825.7,65735.0,65741.9
1780506540000,65741.9,65828.0,65700.1,65803.1
1780506720000,65803.1,65821.4,65675.0,65694.5
1780506900000,65694.5,65788.8,65687.0,65772.0
1780507080000,65772.0,65934.0,65763.7,65843.7
1780507260000,65843.7,65896.6,65766.1,65795.2
1780507440000,65795.2,65911.1,65760.1,65911.1
1780507620000,65911.1,65967.4,65861.8,65925.1
1780507800000,65925.1,65988.0,65820.7,65987.9
1780507980000,65987.9,66154.4,65981.4,66108.8
1780508160000,66108.8,66128.0,66032.5,66078.8
1780508340000,66078.8,66159.0,66061.7,66118.1
1780508520000,66118.1,66145.8,66065.1,66084.7
1780508700000,66084.7,66088.9,65961.0,66016.1
1780508880000,66016.1,66033.3,65879.1,65911.2
1780509060000,65911.2,65915.1,65772.3,65790.7
1780509240000,65790.7,65887.2,65768.8,65863.7
1780509420000,65863.7,65969.4,65858.8,65934.0
1780509600000,65934.0,66062.9,65928.1,66051.7
1780509780000,66051.7,66065.9,65974.6,65985.2
1780509960000,65985.2,66033.4,65962.3,65992.1
1780510140000,65992.1,66042.9,65851.6,65868.4
1780510320000,65868.4,65970.3,65824.6,65940.8
1780510500000,65940.8,65940.9,65729.1,65741.8
1780510680000,65741.8,65790.2,65711.6,65780.2
1780510860000,65780.2,65819.9,65739.8,65778.3
1780511040000,65778.3,65883.9,65772.7,65846.8
1780511220000,65846.8,65900.0,65832.9,65879.7
1780511400000,65879.7,65963.7,65841.4,65926.7
1780511580000,65926.7,65936.0,65800.0,65800.1
1780511760000,65800.1,65928.9,65759.9,65928.8
1780511940000,65928.8,66063.4,65913.7,66055.5
1780512120000,66055.5,66074.9,66007.6,66007.7
1780512300000,66007.7,66137.0,66006.1,66050.2
1780512480000,66050.2,66080.0,65999.8,66045.5
1780512660000,66045.5,66080.9,66000.0,66019.2
1780512840000,66019.2,66098.9,65996.5,66042.7
1780513020000,66042.7,66051.2,65979.5,66006.6
1780513200000,66006.6,66024.8,65946.4,66004.8
1780513380000,66004.8,66023.8,65953.2,65953.3
1780513560000,65953.3,65986.6,65921.3,65923.5
1780513740000,65923.5,65942.4,65871.7,65900.4
1780513920000,65900.4,65952.6,65872.8,65946.3
1780514100000,65946.3,66027.7,65887.1,65986.5
1780514280000,65986.5,65986.6,65870.9,65902.5
1780514460000,65902.5,65902.6,65669.4,65724.8
1780514640000,65724.8,65744.7,65614.0,65614.0
1780514820000,65614.0,65643.1,65564.0,65626.7
1780515000000,65626.7,65706.7,65602.7,65620.4
1780515180000,65620.4,65725.9,65597.0,65700.1
1780515360000,65700.1,65796.8,65661.7,65731.6
1780515540000,65731.6,65805.2,65720.0,65799.6
1780515720000,65799.6,65800.0,65733.8,65735.2
1780515900000,65735.2,65824.2,65720.0,65726.8
1780516080000,65726.8,65755.4,65604.2,65607.1
1780516260000,65607.1,65646.6,65438.8,65456.2
1780516440000,65456.2,65456.2,65200.0,65332.7
1780516620000,65332.7,65455.8,65305.3,65424.6
1780516800000,65424.6,65429.2,65208.7,65242.8
1780516980000,65242.8,65338.1,65235.2,65278.7
1780517160000,65278.7,65390.6,65278.6,65369.1
1780517340000,65369.1,65487.5,65337.6,65487.5
1780517520000,65487.5,65589.6,65480.5,65549.6
1780517700000,65549.6,65549.6,65276.4,65288.4
1780517880000,65288.4,65407.4,65251.5,65407.4
1780518060000,65407.4,65478.6,65395.7,65455.3
1780518240000,65455.3,65558.1,65444.0,65542.2
1780518420000,65542.2,65568.3,65468.2,65513.9
1780518600000,65513.9,65539.9,65420.9,65425.2
1780518780000,65425.2,65469.2,65373.0,65414.6
1780518960000,65414.6,65473.0,65280.1,65296.1
1780519140000,65296.1,65336.6,65248.0,65277.9
1780519320000,65277.9,65332.0,65149.0,65158.1
1780519500000,65158.1,65200.0,65046.3,65062.2
1780519680000,65062.2,65104.5,65020.2,65031.2
1780519860000,65031.2,65174.4,65026.4,65046.9
1780520040000,65046.9,65052.6,64711.3,64810.6
1780520220000,64810.6,64987.5,64810.1,64973.6
1780520400000,64973.6,65241.8,64919.1,65201.9
1780520580000,65201.9,65434.9,65180.2,65431.8
1780520760000,65431.8,65550.1,65316.7,65530.3
1780520940000,65530.3,65542.2,65300.0,65324.7
1780521120000,65324.7,65481.2,65313.7,65371.3
1780521300000,65371.3,65492.8,65362.8,65465.8
1780521480000,65465.8,65540.4,65418.1,65460.9
1780521660000,65460.9,65554.9,65460.8,65488.3
1780521840000,65488.3,65549.9,65432.7,65536.9
1780522020000,65536.9,65563.7,65490.1,65490.1
1780522200000,65490.1,65615.6,65454.3,65594.8
1780522380000,65594.8,65658.7,65498.0,65652.1
1780522560000,65652.1,65687.9,65362.2,65362.3
1780522740000,65362.3,65473.8,65259.3,65280.6
1780522920000,65280.6,65554.1,65275.0,65489.2
1780523100000,65489.2,65599.9,65454.0,65573.8
1780523280000,65573.8,65830.2,65570.0,65635.4
1780523460000,65635.4,65700.0,65520.3,65520.7
1780523640000,65520.7,65709.1,65522.8,65649.9
1780523820000,65649.9,65762.2,65639.9,65738.6
1780524000000,65738.6,65814.1,65632.9,65738.7
1780524180000,65738.7,65738.8,65488.8,65613.6
1780524360000,65613.6,65623.9,65422.6,65496.7
1780524540000,65496.7,65567.6,65397.9,65398.0
1780524720000,65398.0,65417.1,65270.0,65289.5
1780524900000,65289.5,65299.7,65068.9,65201.5
1780525080000,65201.5,65285.3,65185.2,65194.7
1780525260000,65194.7,65194.7,64957.6,65133.9
1780525440000,65133.9,65249.1,65085.4,65123.0
1780525620000,65123.0,65175.8,65070.6,65138.8
1780525800000,65138.8,65236.1,65084.7,65192.7
1780525980000,65192.7,65231.4,65125.9,65203.4
1780526160000,65203.4,65203.5,64902.0,64994.3
1780526340000,64994.3,65131.9,64957.6,65105.1
1780526520000,65105.1,65114.9,64970.6,65042.0
1780526700000,65042.0,65069.8,64815.4,64857.5
1780526880000,64857.5,65022.1,64778.3,64896.4
1780527060000,64896.4,64990.8,64801.1,64831.3
1780527240000,64831.3,64940.8,64741.9,64924.4
1780527420000,64924.4,64999.8,64809.7,64884.5
1780527600000,64884.5,64957.7,64631.2,64633.3
1780527780000,64633.3,64731.9,64451.5,64705.3
1780527960000,64705.3,64740.9,64413.1,64467.7
1780528140000,64467.7,64565.8,64371.0,64559.9
1780528320000,64559.9,64691.2,64550.3,64574.0
1780528500000,64574.0,64620.0,64421.6,64489.8
1780528680000,64489.8,64517.9,64342.4,64461.2
1780528860000,64461.2,64531.0,64360.3,64366.7
1780529040000,64366.7,64499.9,64323.5,64447.7
1780529220000,64447.7,64488.2,64376.0,64477.4
1780529400000,64477.4,64606.5,64461.0,64566.4
1780529580000,64566.4,64569.6,64411.3,64480.7
1780529760000,64480.7,64497.1,64252.7,64280.4
1780529940000,64280.4,64366.0,64256.2,64323.3
1780530120000,64323.3,64314.7,64209.1,64228.0
1780530300000,64228.0,64323.5,64228.0,64291.3
1780530480000,64291.3,64316.3,64171.0,64250.0
1780530660000,64250.0,64243.2,64125.4,64150.4
1780530840000,64150.4,64158.5,64058.1,64112.1
1780531020000,64112.1,64144.8,64066.3,64117.6
1780531200000,64117.6,64412.8,64102.6,64363.0
1780531380000,64363.0,64390.7,64250.0,64260.7
1780531560000,64260.7,64293.4,64130.0,64258.0
1780531740000,64258.0,64350.0,64220.4,64349.9
1780531920000,64349.9,64361.2,64246.8,64287.2
1780532100000,64287.2,64367.9,64175.1,64285.8
1780532280000,64285.8,64343.9,64215.2,64288.0
1780532460000,64288.0,64307.5,64073.3,64088.7
1780532640000,64088.7,64100.0,63603.3,63603.4
1780532820000,63603.4,63811.3,63321.0,63325.4
1780533000000,63325.4,63746.0,63268.8,63587.9
1780533180000,63587.9,63788.6,63531.4,63701.6
1780533360000,63701.6,63721.1,63101.1,63206.4
1780533540000,63206.4,63265.5,63029.6,63201.6
1780533720000,63201.6,63627.6,63197.3,63566.8
1780533900000,63566.8,63577.6,63180.2,63286.7
1780534080000,63286.7,63300.0,63160.1,63268.3
1780534260000,63268.3,63343.5,63024.2,63030.3
1780534440000,63030.3,63257.7,62968.0,63092.5
1780534620000,63092.5,63322.6,63033.4,63310.4
1780534800000,63310.4,63475.6,63180.2,63396.8
1780534980000,63396.8,63456.8,63275.0,63395.9
1780535160000,63395.9,63444.7,63275.1,63291.7
1780535340000,63291.7,63341.7,63133.7,63196.8
1780535520000,63196.8,63224.2,63062.4,63097.9
1780535700000,63097.9,63115.4,62818.9,62907.2
1780535880000,62907.2,63056.2,62764.2,62883.8
1780536060000,62883.8,62883.9,62546.0,62722.3
1780536240000,62722.3,62922.4,62568.7,62842.8
1780536420000,62842.8,62844.2,62589.8,62674.2
1780536600000,62674.2,62920.0,62670.7,62888.2
1780536780000,62888.2,63144.1,62808.0,63036.0
1780536960000,63036.0,63059.5,62722.9,62848.9
1780537140000,62848.9,62943.4,62759.5,62839.5
1780537320000,62839.5,62896.7,62769.7,62787.5
1780537500000,62787.5,62848.4,62602.3,62652.9
1780537680000,62652.9,62662.7,62375.0,62386.2
1780537860000,62386.2,62432.3,62217.1,62262.6
1780538040000,62262.6,62336.9,62105.6,62122.1
1780538220000,62122.1,62307.2,62066.6,62140.4
1780538400000,62140.4,62200.0,61717.1,61733.0
1780538580000,61733.0,61992.9,61351.7,61885.5
1780538760000,61885.5,62406.1,61884.9,62196.1
1780538940000,62196.1,62274.4,61941.4,62219.1
1780539120000,62219.1,62459.9,62158.4,62365.2
1780539300000,62365.2,62578.6,62109.7,62415.6
1780539480000,62415.6,62675.0,62369.8,62658.6
1780539660000,62658.6,62822.9,62555.6,62777.5
1780539840000,62777.5,63066.6,62777.5,63032.5
1780540020000,63032.5,63079.8,62867.1,62967.5
1780540200000,62967.5,63213.1,62863.3,63193.3
1780540380000,63193.3,63405.2,63072.0,63074.0
1780540560000,63074.0,63243.9,63016.7,63232.8
1780540740000,63232.8,63340.0,63214.8,63336.9
1780540920000,63336.9,63470.0,63289.9,63371.7
1780541100000,63371.7,63435.0,63300.0,63300.0
1780541280000,63300.0,63598.7,63292.0,63475.2
1780541460000,63475.2,63510.4,63239.9,63240.0
1780541640000,63240.0,63297.5,63225.0,63251.3
1780541820000,63251.3,63254.6,63122.0,63190.0
1780542000000,63190.0,63484.2,63186.6,63484.1
1780542180000,63484.1,63783.8,63450.0,63747.6
1780542360000,63747.6,63990.2,63618.6,63869.2
1780542540000,63869.2,63915.0,63723.0,63729.4
1780542720000,63729.4,63947.0,63677.6,63931.1
1780542900000,63931.1,64121.0,63924.0,64028.7
1780543080000,64028.7,64050.0,63921.3,63947.8
1780543260000,63947.8,63980.8,63857.3,63937.8
1780543440000,63937.8,63991.9,63854.0,63929.6
1780543620000,63929.6,63951.5,63869.8,63888.6
1780543800000,63888.6,64482.9,63875.1,64325.7
1780543980000,64325.7,64475.1,64282.1,64282.2
1780544160000,64282.2,64386.7,64200.3,64347.5
1780544340000,64347.5,64495.9,64347.5,64438.5
1780544520000,64438.5,64449.9,64331.1,64351.4
1780544700000,64351.4,64413.0,64320.0,64352.5
1780544880000,64352.5,64431.5,64301.5,64415.2
1780545060000,64415.2,64425.8,64302.0,64349.8
1780545240000,64349.8,64365.0,64292.9,64311.7
1780545420000,64311.7,64344.5,64227.9,64336.2
1780545600000,64336.2,64447.0,64301.1,64413.6
1780545780000,64413.6,64572.1,64364.8,64524.9
1780545960000,64524.9,64527.9,64354.6,64391.3
1780546140000,64391.3,64586.4,64321.1,64534.6
1780546320000,64534.6,64621.6,64525.4,64589.9
1780546500000,64589.9,64689.0,64471.5,64481.9
1780546680000,64481.9,64599.9,64478.7,64572.6
1780546860000,64572.6,64726.6,64562.6,64698.6
1780547040000,64698.6,64732.9,64600.0,64619.7
1780547220000,64619.7,64671.7,64537.5,64537.5
1780547400000,64537.5,64582.5,64330.1,64336.2
1780547580000,64336.2,64345.3,64233.0,64317.6
1780547760000,64317.6,64436.3,64233.3,64394.2
1780547940000,64394.2,64404.4,64268.0,64268.0
1780548120000,64268.0,64428.2,64242.6,64381.6
1780548300000,64381.6,64413.4,64273.8,64358.1
1780548480000,64358.1,64368.2,64320.2,64336.4
1780548660000,64336.4,64375.5,64313.4,64371.7
1780548840000,64371.7,64428.2,64343.2,64363.9
1780549020000,64363.9,64369.8,64297.0,64369.7
1780549200000,64369.7,64369.8,64086.3,64099.8
1780549380000,64099.8,64116.9,63925.8,63925.9
1780549560000,63925.9,63937.3,63769.1,63924.0
1780549740000,63924.0,63926.9,63688.0,63723.2
1780549920000,63723.2,63935.1,63719.5,63935.1
1780550100000,63935.1,63935.2,63793.0,63909.7
1780550280000,63909.7,63993.2,63703.2,63713.2
1780550460000,63713.2,63811.5,63613.4,63778.8
1780550640000,63778.8,63871.4,63763.2,63836.9
1780550820000,63836.9,63880.0,63791.6,63809.8
1780551000000,63809.8,64064.9,63734.2,64028.0
1780551180000,64028.0,64311.2,64027.0,64293.1
1780551360000,64293.1,64293.2,64060.2,64150.2
1780551540000,64150.2,64256.9,64059.3,64214.6
1780551720000,64214.6,64255.9,64175.6,64250.6
1780551900000,64250.6,64250.6,64123.0,64162.3
1780552080000,64162.3,64162.3,63964.5,63964.6
1780552260000,63964.6,64045.4,63905.0,63980.7
1780552440000,63980.7,64018.1,63931.4,63931.6
1780552620000,63931.6,63974.9,63878.0,63927.7
1780552800000,63927.7,64066.8,63859.8,64047.8
1780552980000,64047.8,64154.6,64033.7,64134.5
1780553160000,64134.5,64146.3,64057.8,64126.8
1780553340000,64126.8,64224.6,64126.7,64190.8
1780553520000,64190.8,64237.7,64171.5,64237.7
1780553700000,64237.7,64364.8,64152.0,64333.6
1780553880000,64333.6,64458.2,64303.2,64320.1
1780554060000,64320.1,64380.0,64269.7,64328.8
1780554240000,64328.8,64331.8,64215.2,64235.1
1780554420000,64235.1,64291.1,64193.6,64226.7
1780554600000,64226.7,64230.9,64043.3,64067.0
1780554780000,64067.0,64254.8,64067.0,64248.0
1780554960000,64248.0,64414.5,64248.0,64310.5
1780555140000,64310.5,64372.0,64280.7,64326.0
1780555320000,64326.0,64337.4,64254.2,64309.5
1780555500000,64309.5,64309.5,64172.8,64177.8
1780555680000,64177.8,64226.2,64134.4,64215.9
1780555860000,64215.9,64254.9,64086.4,64086.4
1780556040000,64086.4,64107.7,63950.1,63959.9
1780556220000,63959.9,64019.2,63945.9,64003.8
1780556400000,64003.8,64041.8,63939.5,63974.9
1780556580000,63974.9,63993.9,63820.5,63820.5
1780556760000,63820.5,63851.9,63738.2,63796.8
1780556940000,63796.8,63905.6,63741.1,63753.4
1780557120000,63753.4,63789.3,63687.3,63785.1
1780557300000,63785.1,63800.0,63461.5,63503.4
1780557480000,63503.4,63603.4,63455.0,63508.1
1780557660000,63508.1,63639.5,63489.8,63555.2
1780557840000,63555.2,63645.0,63503.9,63564.6
1780558020000,63564.6,63690.0,63550.5,63664.1
1780558200000,63664.1,63872.4,63660.0,63822.8
1780558380000,63822.8,63822.9,63682.1,63802.7
1780558560000,63802.7,63865.9,63751.3,63811.7
1780558740000,63811.7,63966.9,63811.6,63910.9
1780558920000,63910.9,64013.0,63880.0,63892.9
1780559100000,63892.9,63917.6,63762.2,63810.4
1780559280000,63810.4,63879.2,63738.6,63778.9
1780559460000,63778.9,63789.0,63700.1,63721.0
1780559640000,63721.0,63755.7,63680.0,63689.9
1780559820000,63689.9,63690.0,63560.6,63561.8
1780560000000,63561.8,63658.0,63438.2,63658.0
1780560180000,63658.0,63875.7,63648.7,63839.1
1780560360000,63839.1,63839.1,63475.1,63490.1
1780560540000,63490.1,63600.0,63400.0,63426.4
1780560720000,63426.4,63429.5,63293.8,63315.8
1780560900000,63315.8,63448.6,63224.5,63361.6
1780561080000,63361.6,63521.9,63355.5,63415.8
1780561260000,63415.8,63446.2,63206.6,63370.2
1780561440000,63370.2,63568.5,63370.2,63410.6
1780561620000,63410.6,63513.9,63369.0,63461.6
1780561800000,63461.6,63659.4,63420.0,63441.4
1780561980000,63441.4,63559.9,63406.1,63556.6
1780562160000,63556.6,63559.9,63480.2,63549.3
1780562340000,63549.3,63628.8,63485.3,63604.8
1780562520000,63604.8,63609.3,63343.6,63382.5
1780562700000,63382.5,63495.6,63376.1,63473.9
1780562880000,63473.9,63520.0,63427.3,63456.0
1780563060000,63456.0,63629.6,63439.1,63596.6
1780563240000,63596.6,63646.9,63543.6,63576.6
1780563420000,63576.6,63727.6,63561.6,63595.5
1780563600000,63595.5,63616.3,63456.3,63456.4
1780563780000,63456.4,63456.2,63373.1,63398.5
1780563960000,63398.5,63411.6,63253.7,63294.8
1780564140000,63294.8,63444.3,63256.1,63345.8
1780564320000,63345.8,63385.0,63158.3,63307.1
1780564500000,63307.1,63307.1,63128.2,63212.4
1780564680000,63212.4,63216.3,63056.8,63089.5
1780564860000,63089.5,63145.8,63005.4,63037.4
1780565040000,63037.4,63031.0,62880.0,62905.6
1780565220000,62905.6,63030.2,62764.0,62826.7
1780565400000,62826.7,62885.7,62674.0,62858.7
1780565580000,62858.7,62974.0,62788.9,62931.8
1780565760000,62931.8,62969.6,62761.1,62881.5
1780565940000,62881.5,62893.1,62759.2,62811.0
1780566120000,62811.0,62899.9,62779.1,62869.8
1780566300000,62869.8,63144.3,62867.0,63008.8
1780566480000,63008.8,63053.4,62930.9,62972.1
1780566660000,62972.1,63048.7,62900.0,62910.6
1780566840000,62910.6,63140.7,62910.5,63119.9
1780567020000,63119.9,63239.8,63060.8,63227.7
1780567200000,63227.7,63246.3,63092.2,63170.2
1780567380000,63170.2,63174.2,62956.2,62956.3
1780567560000,62956.3,62965.5,62871.0,62901.5
1780567740000,62901.5,62920.2,62787.2,62808.9
1780567920000,62808.9,62973.8,62804.3,62847.3
1780568100000,62847.3,62878.3,62718.5,62873.1
1780568280000,62873.1,62981.6,62801.5,62830.4
1780568460000,62830.4,62863.8,62739.0,62779.1
1780568640000,62779.1,62805.2,62700.9,62721.1
1780568820000,62721.1,62761.9,62461.6,62461.6
1780569000000,62461.6,62637.6,62375.8,62526.2
1780569180000,62526.2,62743.9,62485.8,62687.4
1780569360000,62687.4,62719.9,62600.0,62696.6
1780569540000,62696.6,62769.2,62688.1,62700.1
1780569720000,62700.1,62715.4,62511.3,62688.5
1780569900000,62688.5,62727.2,62420.0,62420.1
1780570080000,62420.1,62531.0,62256.0,62392.6
1780570260000,62392.6,62471.0,62282.2,62382.2
1780570440000,62382.2,62445.3,62272.3,62296.2
1780570620000,62296.2,62470.0,62293.2,62391.6
1780570800000,62391.6,62493.1,62334.5,62434.3
1780570980000,62434.3,62649.9,62415.2,62588.8
1780571160000,62588.8,62640.1,62376.9,62389.7
1780571340000,62389.7,62389.7,62190.5,62263.7
1780571520000,62263.7,62306.5,62196.6,62242.9
1780571700000,62242.9,62433.7,62201.2,62409.3
1780571880000,62409.3,62529.9,62371.0,62500.0
1780572060000,62500.0,62549.9,62374.4,62499.9
1780572240000,62499.9,62622.1,62470.6,62534.8
1780572420000,62534.8,62600.0,62516.4,62572.9
1780572600000,62572.9,62800.0,62483.0,62534.3
1780572780000,62534.3,62556.0,62432.4,62506.6
1780572960000,62506.6,62506.7,62173.4,62279.9
1780573140000,62279.9,62356.0,62205.4,62234.5
1780573320000,62234.5,62242.7,62161.7,62199.9
1780573500000,62199.9,62360.7,62199.9,62348.3
1780573680000,62348.3,62482.2,62348.2,62420.1
1780573860000,62420.1,62433.5,62322.0,62380.8
1780574040000,62380.8,62509.3,62373.2,62440.1
1780574220000,62440.1,62526.0,62424.6,62520.7
1780574400000,62520.7,62580.0,62443.6,62511.8
1780574580000,62511.8,62676.9,62443.9,62444.0
1780574760000,62444.0,62558.1,62420.0,62424.6
1780574940000,62424.6,62531.0,62353.6,62417.7
1780575120000,62417.7,62521.6,62417.6,62499.4
1780575300000,62499.4,62779.1,62491.0,62666.1
1780575480000,62666.1,62739.1,62583.8,62679.6
1780575660000,62679.6,63228.7,62665.1,63185.6
1780575840000,63185.6,63379.6,63045.1,63049.8
1780576020000,63049.8,63301.6,63031.2,63241.1
1780576200000,63241.1,63576.6,63120.8,63576.6
1780576380000,63576.6,63657.7,63365.7,63409.5
1780576560000,63409.5,63685.2,63360.6,63668.8
1780576740000,63668.8,63692.8,63550.8,63556.1
1780576920000,63556.1,63620.0,63504.3,63527.8
1780577100000,63527.8,63646.6,63476.5,63563.3
1780577280000,63563.3,63945.4,63551.5,63934.3
1780577460000,63934.3,63934.2,63748.4,63789.6
1780577640000,63789.6,63836.2,63700.0,63708.5
1780577820000,63708.5,63747.8,63637.8,63738.1
1780578000000,63738.1,63741.2,63593.8,63647.4
1780578180000,63647.4,63816.0,63640.5,63692.0
1780578360000,63692.0,63692.1,63555.3,63560.8
1780578540000,63560.8,63645.2,63519.4,63635.6
1780578720000,63635.6,63708.5,63550.0,63550.1
1780578900000,63550.1,63597.0,63362.5,63362.6
1780579080000,63362.6,63409.9,63135.2,63162.1
1780579260000,63162.1,63267.8,63038.1,63240.8
1780579440000,63240.8,63243.5,63039.0,63230.4
1780579620000,63230.4,63289.6,63171.1,63200.0
1780579800000,63200.0,63749.9,63162.5,63628.4
1780579980000,63628.4,63816.9,63566.1,63749.2
1780580160000,63749.2,64207.5,63644.5,64103.4
1780580340000,64103.4,64223.1,63998.1,64032.4
1780580520000,64032.4,64078.8,63715.2,63761.6
1780580700000,63761.6,63917.9,63632.1,63885.7
1780580880000,63885.7,63938.0,63646.4,63714.6
1780581060000,63714.6,63842.5,63654.8,63767.4
1780581240000,63767.4,63938.0,63690.4,63930.6
1780581420000,63930.6,64202.8,63867.5,64202.7
1780581600000,64202.7,64278.7,64102.9,64232.3
1780581780000,64232.3,64273.6,63946.5,64135.1
1780581960000,64135.1,64408.8,64111.4,64388.9
1780582140000,64388.9,64450.0,64212.5,64442.2
1780582320000,64442.2,64463.7,64320.6,64331.6
1780582500000,64331.6,64388.4,64262.7,64379.8
1780582680000,64379.8,64379.8,64090.3,64145.7
1780582860000,64145.7,64175.0,64053.5,64133.8
1780583040000,64133.8,64176.0,64015.4,64033.0
1780583220000,64033.0,64149.6,64027.0,64112.5
1780583400000,64112.5,64113.4,63853.6,63960.9
1780583580000,63960.9,64100.0,63913.6,63915.1
1780583760000,63915.1,63948.1,63808.1,63884.7
1780583940000,63884.7,63980.0,63837.8,63977.7
1780584120000,63977.7,63999.0,63916.4,63968.9
1780584300000,63968.9,64053.9,63883.6,63917.8
1780584480000,63917.8,63973.3,63749.2,63973.3
1780584660000,63973.3,63976.5,63769.4,63778.8
1780584840000,63778.8,63883.3,63766.9,63878.4
1780585020000,63878.4,63962.8,63825.2,63923.9
1780585200000,63923.9,63970.0,63814.2,63847.0
1780585380000,63847.0,64180.9,63843.6,64098.6
1780585560000,64098.6,64321.0,64058.2,64321.0
1780585740000,64321.0,64339.0,64188.0,64188.0
1780585920000,64188.0,64352.9,64174.8,64339.3
1780586100000,64339.3,64380.0,64124.8,64125.1
1780586280000,64125.1,64156.7,63905.5,63907.2
1780586460000,63907.2,63924.4,63764.2,63813.4
1780586640000,63813.4,64039.1,63813.5,63993.0
1780586820000,63993.0,64036.3,63940.0,63955.0
1780587000000,63955.0,64064.3,63952.1,63962.0
1780587180000,63962.0,63982.8,63864.6,63976.3
1780587360000,63976.3,63976.4,63809.0,63855.8
1780587540000,63855.8,63913.0,63767.5,63783.5
1780587720000,63783.5,63909.9,63771.8,63807.9
1780587900000,63807.9,63839.8,63716.5,63732.0
1780588080000,63732.0,63805.2,63664.7,63742.9
1780588260000,63742.9,63877.0,63742.9,63783.4
1780588440000,63783.4,63783.4,63659.6,63749.9
1780588620000,63749.9,63975.5,63750.0,63864.9
1780588800000,63864.9,63889.9,63750.6,63750.7
1780588980000,63750.7,63786.3,63662.2,63698.9
1780589160000,63698.9,63858.8,63698.9,63733.8
1780589340000,63733.8,63807.3,63709.3,63751.2
1780589520000,63751.2,63763.5,63614.2,63619.9
1780589700000,63619.9,63736.1,63619.9,63689.9
1780589880000,63689.9,63729.8,63657.9,63702.8
1780590060000,63702.8,63724.2,63635.2,63720.0
1780590240000,63720.0,63856.3,63628.8,63653.7
1780590420000,63653.7,63700.0,63604.1,63615.3
1780590600000,63615.3,63627.6,63468.1,63528.1
1780590780000,63528.1,63571.2,63424.4,63440.1
1780590960000,63440.1,63736.2,63427.0,63736.2
1780591140000,63736.2,63766.7,63666.6,63730.7
1780591320000,63730.7,63836.8,63711.1,63751.4
1780591500000,63751.4,63805.2,63681.4,63799.7
1780591680000,63799.7,63898.9,63683.3,63761.1
1780591860000,63761.1,63792.5,63702.0,63706.9
1780592040000,63706.9,63720.3,63473.5,63528.1
1780592220000,63528.1,63583.4,63484.5,63529.5
1780592400000,63529.5,63546.5,63411.2,63513.3
1780592580000,63513.3,63539.3,63448.3,63464.6
1780592760000,63464.6,63490.0,63422.9,63480.9
1780592940000,63480.9,63675.2,63469.0,63671.9
1780593120000,63671.9,63698.7,63542.4,63566.3
1780593300000,63566.3,63566.3,63244.2,63250.4
1780593480000,63250.4,63298.5,63209.6,63293.2
1780593660000,63293.2,63348.0,63183.7,63228.8
1780593840000,63228.8,63236.9,63084.0,63222.2
1780594020000,63222.2,63247.5,63159.0,63204.7
1780594200000,63204.7,63282.3,63065.2,63079.9
1780594380000,63079.9,63139.1,63022.5,63046.6
1780594560000,63046.6,63127.9,63010.0,63011.3
1780594740000,63011.3,63033.9,62941.2,63004.4
1780594920000,63004.4,63010.5,62937.3,63007.9
1780595100000,63007.9,63086.7,62911.6,63074.4
1780595280000,63074.4,63105.4,63002.8,63066.3
1780595460000,63066.3,63630.0,63058.0,63466.9
1780595640000,63466.9,63591.4,63402.5,63456.1
1780595820000,63456.1,63590.0,63400.0,63511.2
1780596000000,63511.2,63553.1,63374.8,63384.0
1780596180000,63384.0,63439.5,63293.8,63330.3
1780596360000,63330.3,63333.5,63198.6,63238.8
1780596540000,63238.8,63264.2,63170.2,63243.4
1780596720000,63243.4,63277.3,63120.0,63134.6
1780596900000,63134.6,63383.1,63117.6,63355.4
1780597080000,63355.4,63429.1,63308.8,63365.1
1780597260000,63365.1,63500.0,63335.5,63495.1
1780597440000,63495.1,63619.2,63482.8,63600.0
1780597620000,63600.0,63880.7,63527.7,63880.1
1780597800000,63880.1,64077.0,63707.5,63823.5
1780597980000,63823.5,63880.0,63763.9,63865.6
1780598160000,63865.6,64023.3,63810.0,64008.8
1780598340000,64008.8,64090.0,63895.9,64029.3
1780598520000,64029.3,64041.7,63872.6,63895.6
1780598700000,63895.6,63953.8,63819.8,63944.5
1780598880000,63944.5,64033.9,63944.5,64018.9
1780599060000,64018.9,64082.0,63917.4,63946.4
1780599240000,63946.4,64011.7,63880.4,63880.4
1780599420000,63880.4,63883.7,63791.1,63791.2
1780599600000,63791.2,63814.8,63720.6,63742.2
1780599780000,63742.2,63753.0,63661.7,63670.8
1780599960000,63670.8,63707.3,63600.0,63602.4
1780600140000,63602.4,63677.6,63593.5,63606.6
1780600320000,63606.6,63867.9,63606.5,63865.9
1780600500000,63865.9,64011.6,63843.3,63915.2
1780600680000,63915.2,64012.6,63864.9,64008.9
1780600860000,64008.9,64003.8,63900.5,63935.1
1780601040000,63935.1,64016.1,63896.7,63994.6
1780601220000,63994.6,64149.6,63991.7,64100.4
1780601400000,64100.4,64120.9,63901.4,63919.5
1780601580000,63919.5,63946.9,63869.6,63869.7
1780601760000,63869.7,63871.8,63737.5,63789.8
1780601940000,63789.8,63936.3,63789.8,63865.4
1780602120000,63865.4,63897.3,63753.4,63755.2
1780602300000,63755.2,63755.2,63666.6,63704.4
1780602480000,63704.4,63754.5,63668.3,63699.2
1780602660000,63699.2,63742.8,63573.1,63587.9
1780602840000,63587.9,63643.4,63516.0,63561.1
1780603020000,63561.1,63675.3,63508.6,63597.9
1780603200000,63597.9,63615.9,63466.8,63471.0
1780603380000,63471.0,63499.8,63322.8,63335.7
1780603560000,63335.7,63356.9,63204.4,63248.7
1780603740000,63248.7,63421.2,63240.2,63391.9
1780603920000,63391.9,63512.5,63383.6,63470.9
1780604100000,63470.9,63508.0,63395.0,63396.6
1780604280000,63396.6,63424.9,63321.4,63353.2
1780604460000,63353.2,63370.2,63272.7,63273.1
1780604640000,63273.1,63334.3,63160.0,63177.1
1780604820000,63177.1,63308.8,63140.8,63308.8
1780605000000,63308.8,63485.1,63301.4,63481.7
1780605180000,63481.7,63524.8,63429.7,63442.3
1780605360000,63442.3,63488.0,63402.8,63439.0
1780605540000,63439.0,63600.0,63428.4,63600.0
1780605720000,63600.0,63625.5,63517.7,63517.8
1780605900000,63517.8,63581.6,63379.6,63379.6
1780606080000,63379.6,63527.9,63378.9,63515.9
1780606260000,63515.9,63531.1,63449.7,63453.4
1780606440000,63453.4,63595.5,63453.4,63573.1
1780606620000,63573.1,63613.8,63503.6,63600.9
1780606800000,63600.9,63741.3,63565.5,63655.1
1780606980000,63655.1,63789.6,63655.2,63784.0
1780607160000,63784.0,63825.3,63730.0,63770.8
1780607340000,63770.8,63847.9,63701.9,63703.7
1780607520000,63703.7,63810.2,63703.6,63773.1
1780607700000,63773.1,63791.2,63691.3,63694.6
1780607880000,63694.6,63694.6,63551.4,63611.2
1780608060000,63611.2,63611.2,63450.0,63525.0
1780608240000,63525.0,63607.0,63502.8,63607.0
1780608420000,63607.0,63612.9,63399.8,63465.7
1780608600000,63465.7,63491.0,63375.0,63417.7
1780608780000,63417.7,63480.0,63333.3,63370.1
1780608960000,63370.1,63405.4,63257.2,63318.6
1780609140000,63318.6,63333.2,63072.1,63218.0
1780609320000,63218.0,63463.4,63203.1,63463.4
1780609500000,63463.4,63508.7,63329.8,63412.6
1780609680000,63412.6,63447.7,63308.6,63328.5
1780609860000,63328.5,63411.7,63300.0,63391.2
1780610040000,63391.2,63448.4,63226.5,63233.4
1780610220000,63233.4,63298.9,63230.0,63250.2
1780610400000,63250.2,63420.2,63161.3,63420.2
1780610580000,63420.2,63471.9,63238.8,63257.6
1780610760000,63257.6,63320.0,63154.6,63233.5
1780610940000,63233.5,63349.6,63187.4,63338.3
1780611120000,63338.3,63366.8,63168.1,63258.6
1780611300000,63258.6,63414.7,63252.7,63372.2
1780611480000,63372.2,63379.0,63295.6,63361.7
1780611660000,63361.7,63402.1,63271.8,63362.5
1780611840000,63362.5,63417.3,63272.8,63336.0
1780612020000,63336.0,63419.1,63295.0,63320.9
1780612200000,63320.9,63375.8,63244.2,63311.8
1780612380000,63311.8,63372.1,63194.1,63360.0
1780612560000,63360.0,63403.6,63285.6,63385.8
1780612740000,63385.8,63566.9,63311.0,63508.4
1780612920000,63508.4,63507.3,63428.2,63471.2
1780613100000,63471.2,63535.5,63410.0,63498.5
1780613280000,63498.5,63636.8,63498.4,63541.1
1780613460000,63541.1,63629.9,63500.0,63610.5
1780613640000,63610.5,63670.0,63590.5,63652.1
1780613820000,63652.1,63740.2,63652.1,63704.4
1780614000000,63704.4,63725.2,63639.9,63664.0
1780614180000,63664.0,63812.3,63655.0,63775.6
1780614360000,63775.6,63819.9,63734.0,63764.5
1780614540000,63764.5,63764.6,63612.0,63612.0
1780614720000,63612.0,63651.4,63571.7,63571.7
1780614900000,63571.7,63591.3,63482.5,63486.6
1780615080000,63486.6,63491.9,63341.9,63393.5
1780615260000,63393.5,63466.5,63365.0,63373.9
1780615440000,63373.9,63443.9,63369.9,63406.5
1780615620000,63406.5,63526.7,63406.5,63437.3
1780615800000,63437.3,63634.0,63437.2,63566.5
1780615980000,63566.5,63656.0,63543.0,63647.9
1780616160000,63647.9,63686.8,63623.1,63639.5
1780616340000,63639.5,63763.7,63635.2,63739.5
1780616520000,63739.5,63775.5,63708.2,63739.1
1780616700000,63739.1,63753.2,63666.0,63692.8
1780616880000,63692.8,63865.5,63689.9,63853.1
1780617060000,63853.1,63873.3,63758.7,63802.6
1780617240000,63802.6,63896.0,63767.0,63767.1
1780617420000,63767.1,63859.6,63748.6,63853.5
1780617600000,63853.5,63853.4,63703.5,63784.4
1780617780000,63784.4,63825.8,63707.5,63774.7
1780617960000,63774.7,63810.0,63691.2,63767.6
1780618140000,63767.6,63824.4,63693.3,63716.3
1780618320000,63716.3,63722.6,63621.0,63631.5
1780618500000,63631.5,63668.1,63589.7,63599.4
1780618680000,63599.4,63868.7,63566.6,63840.7
1780618860000,63840.7,63878.4,63741.0,63874.2
1780619040000,63874.2,63888.0,63669.3,63763.2
1780619220000,63763.2,63882.5,63701.0,63878.0
1780619400000,63878.0,63955.0,63825.4,63830.0
1780619580000,63830.0,63900.0,63747.0,63762.2
1780619760000,63762.2,63811.7,63644.9,63728.6
1780619940000,63728.6,63837.9,63708.6,63708.6
1780620120000,63708.6,63717.9,63654.1,63667.2
1780620300000,63667.2,63765.9,63628.5,63734.5
1780620480000,63734.5,63770.7,63629.0,63634.9
1780620660000,63634.9,63650.1,63480.1,63508.9
1780620840000,63508.9,63557.5,63425.2,63449.8
1780621020000,63449.8,63468.4,63366.0,63399.3
1780621200000,63399.3,63398.3,63188.2,63191.4
1780621380000,63191.4,63200.0,63011.0,63100.0
1780621560000,63100.0,63264.4,63075.7,63094.4
1780621740000,63094.4,63200.0,63082.1,63151.9
1780621920000,63151.9,63339.8,63145.9,63333.7
1780622100000,63333.7,63380.0,63210.0,63378.7
1780622280000,63378.7,63399.8,63257.0,63268.5
1780622460000,63268.5,63320.0,63110.4,63183.1
1780622640000,63183.1,63324.4,63183.1,63236.6
1780622820000,63236.6,63318.4,63236.2,63311.7
1780623000000,63311.7,63547.5,63320.7,63401.6
1780623180000,63401.6,63457.4,63344.9,63447.2
1780623360000,63447.2,63490.9,63237.5,63269.7
1780623540000,63269.7,63327.1,63260.5,63313.9
1780623720000,63313.9,63416.7,63254.7,63416.6
1780623900000,63416.6,63416.7,63285.5,63341.2
1780624080000,63341.2,63352.5,63223.3,63223.3
1780624260000,63223.3,63319.9,63215.6,63308.3
1780624440000,63308.3,63423.1,63253.7,63376.5
1780624620000,63376.5,63425.5,63300.1,63346.9
1780624800000,63346.9,63415.6,63211.0,63269.1
1780624980000,63269.1,63366.4,63240.1,63246.3
1780625160000,63246.3,63296.2,63160.2,63160.2
1780625340000,63160.2,63249.9,63160.1,63212.3
1780625520000,63212.3,63244.1,63147.6,63147.6
1780625700000,63147.6,63243.3,63115.2,63226.7
1780625880000,63226.7,63240.4,62838.8,62851.4
1780626060000,62851.4,62942.3,62724.1,62856.3
1780626240000,62856.3,62898.0,62788.7,62820.1
1780626420000,62820.1,62839.7,62666.1,62671.2
1780626600000,62671.2,62787.0,62580.0,62787.0
1780626780000,62787.0,62880.6,62712.8,62876.9
1780626960000,62876.9,62927.2,62782.9,62857.8
1780627140000,62857.8,62911.5,62824.1,62839.6
1780627320000,62839.6,62848.4,62555.1,62705.1
1780627500000,62705.1,62829.0,62653.9,62685.0
1780627680000,62685.0,62777.0,62663.5,62759.3
1780627860000,62759.3,62774.1,62691.3,62720.4
1780628040000,62720.4,62720.4,62586.7,62640.3
1780628220000,62640.3,62681.3,62559.5,62585.6
1780628400000,62585.6,62625.0,62433.7,62464.5
1780628580000,62464.5,62579.9,62405.0,62443.3
1780628760000,62443.3,62500.0,62301.4,62350.0
1780628940000,62350.0,62392.7,62300.2,62334.0
1780629120000,62334.0,62398.5,62309.3,62342.5
1780629300000,62342.5,62666.4,62340.1,62666.4
1780629480000,62666.4,62790.4,62606.6,62606.7
1780629660000,62606.7,62669.4,62510.3,62619.1
1780629840000,62619.1,62643.6,62540.0,62552.3
1780630020000,62552.3,62596.0,62500.0,62570.0
1780630200000,62570.0,62861.0,62569.9,62823.2
1780630380000,62823.2,62842.8,62700.1,62743.9
1780630560000,62743.9,62749.4,62613.1,62617.2
1780630740000,62617.2,62746.3,62590.3,62610.5
1780630920000,62610.5,62649.9,62542.7,62635.6
1780631100000,62635.6,62794.3,62621.0,62765.0
1780631280000,62765.0,62831.8,62735.0,62759.9
1780631460000,62759.9,62790.6,62658.6,62660.4
1780631640000,62660.4,62793.7,62658.6,62761.5
1780631820000,62761.5,62777.7,62650.8,62698.1
1780632000000,62698.1,62726.1,62560.0,62571.0
1780632180000,62571.0,62642.8,62456.1,62615.4
1780632360000,62615.4,62954.9,62615.3,62854.1
1780632540000,62854.1,62900.0,62739.9,62812.4
1780632720000,62812.4,62886.2,62774.2,62830.1
1780632900000,62830.1,62860.4,62717.3,62726.7
1780633080000,62726.7,62726.7,62620.3,62669.3
1780633260000,62669.3,62781.2,62669.3,62749.9
1780633440000,62749.9,63186.5,62753.5,63146.3
1780633620000,63146.3,63220.7,63089.6,63211.0
1780633800000,63211.0,63212.9,62991.8,63066.6
1780633980000,63066.6,63138.2,63024.1,63138.2
1780634160000,63138.2,63188.9,63053.5,63118.3
1780634340000,63118.3,63118.3,63024.1,63030.8
1780634520000,63030.8,63052.2,62957.0,62993.2
1780634700000,62993.2,63042.3,62840.6,62864.1
1780634880000,62864.1,63110.8,62828.1,63102.3
1780635060000,63102.3,63157.9,63064.9,63147.8
1780635240000,63147.8,63299.0,63149.9,63190.5
1780635420000,63190.5,63628.7,63179.3,63588.9
1780635600000,63588.9,63667.0,63417.0,63478.0
1780635780000,63478.0,63486.9,63373.0,63479.9
1780635960000,63479.9,63530.6,63366.6,63369.9
1780636140000,63369.9,63457.7,63333.5,63414.2
1780636320000,63414.2,63421.6,63314.4,63356.7
1780636500000,63356.7,63389.3,63261.6,63277.8
1780636680000,63277.8,63347.1,63243.9,63347.1
1780636860000,63347.1,63499.9,63332.7,63383.9
1780637040000,63383.9,63436.7,63343.3,63435.9
1780637220000,63435.9,63536.8,63421.7,63482.4
1780637400000,63482.4,63539.8,63408.5,63428.9
1780637580000,63428.9,63481.4,63195.7,63195.7
1780637760000,63195.7,63279.5,63058.9,63102.5
1780637940000,63102.5,63196.9,62977.5,62987.1
1780638120000,62987.1,63025.6,62850.5,62858.7
1780638300000,62858.7,62922.0,62598.5,62691.9
1780638480000,62691.9,62830.9,62680.2,62811.0
1780638660000,62811.0,62953.0,62674.2,62718.7
1780638840000,62718.7,62788.8,62577.3,62605.6
1780639020000,62605.6,62669.4,62233.2,62292.8
1780639200000,62292.8,62442.4,62143.5,62231.4
1780639380000,62231.4,62394.3,61946.4,62315.5
1780639560000,62315.5,62604.6,62286.2,62544.7
1780639740000,62544.7,62563.9,62350.1,62360.7
1780639920000,62360.7,62421.0,62036.4,62041.1
1780640100000,62041.1,62222.0,61850.5,61949.9
1780640280000,61949.9,62043.1,61586.9,61590.8
1780640460000,61590.8,61663.3,61209.9,61346.7
1780640640000,61346.7,61563.6,61074.8,61451.7
1780640820000,61451.7,61750.3,61429.5,61642.4
1780641000000,61642.4,61919.9,61606.7,61852.7
1780641180000,61852.7,61964.7,61623.2,61727.3
1780641360000,61727.3,61929.6,61658.8,61768.8
1780641540000,61768.8,61893.0,61750.8,61811.8
1780641720000,61811.8,62170.0,61680.0,62118.2
1780641900000,62118.2,62175.2,61847.3,61999.7
1780642080000,61999.7,62075.3,61749.8,61830.3
1780642260000,61830.3,61946.9,61775.2,61946.9
1780642440000,61946.9,62017.4,61888.5,61888.5
1780642620000,61888.5,61992.2,61844.9,61916.9
1780642800000,61916.9,61958.9,61588.4,61628.1
1780642980000,61628.1,61759.2,61561.7,61605.8
1780643160000,61605.8,61659.1,61376.2,61522.7
1780643340000,61522.7,61649.8,61416.5,61426.0
1780643520000,61426.0,61565.0,61345.1,61467.0
1780643700000,61467.0,61699.3,61460.2,61670.1
1780643880000,61670.1,61779.0,61568.5,61606.8
1780644060000,61606.8,61908.6,61595.9,61893.3
1780644240000,61893.3,62060.1,61749.4,62049.9
1780644420000,62049.9,62333.0,62046.0,62221.4
1780644600000,62221.4,62395.5,62154.3,62290.6
1780644780000,62290.6,62526.9,62257.0,62526.9
1780644960000,62526.9,62796.0,62472.5,62767.8
1780645140000,62767.8,62847.0,62641.7,62846.8
1780645320000,62846.8,62869.9,62742.9,62850.6
1780645500000,62850.6,62963.8,62721.0,62880.5
1780645680000,62880.5,62939.7,62752.0,62786.0
1780645860000,62786.0,62949.9,62776.6,62833.1
1780646040000,62833.1,62926.1,62800.1,62822.1
1780646220000,62822.1,63084.4,62810.0,63075.6
1780646400000,63075.6,63087.9,62917.6,62932.6
1780646580000,62932.6,62958.6,62771.8,62865.0
1780646760000,62865.0,62950.5,62731.0,62731.1
1780646940000,62731.1,62778.1,62662.1,62740.6
1780647120000,62740.6,62784.9,62711.0,62770.9
1780647300000,62770.9,62783.6,62546.6,62548.5
1780647480000,62548.5,62659.1,62544.4,62622.4
1780647660000,62622.4,62740.0,62585.0,62672.6
1780647840000,62672.6,62699.6,62637.3,62687.5
1780648020000,62687.5,62842.4,62675.4,62776.3
1780648200000,62776.3,62898.9,62701.6,62769.3
1780648380000,62769.3,62767.0,62647.8,62699.9
1780648560000,62699.9,62700.0,62494.9,62495.6
1780648740000,62495.6,62648.9,62480.6,62638.4
1780648920000,62638.4,62677.8,62501.3,62501.4
1780649100000,62501.4,62528.7,62454.9,62514.6
1780649280000,62514.6,62584.9,62500.4,62509.7
1780649460000,62509.7,62518.4,62352.7,62364.6
1780649640000,62364.6,62435.2,62243.1,62434.3
1780649820000,62434.3,62468.7,62385.8,62427.9
1780650000000,62427.9,62619.9,62405.1,62588.1
1780650180000,62588.1,62629.2,62457.1,62540.0
1780650360000,62540.0,62659.2,62536.4,62613.7
1780650540000,62613.7,62758.3,62613.7,62708.4
1780650720000,62708.4,63077.0,62591.8,63077.0
1780650900000,63077.0,63230.3,62955.8,62956.4
1780651080000,62956.4,63049.9,62867.2,62951.6
1780651260000,62951.6,63050.0,62894.6,63034.1
1780651440000,63034.1,63099.5,62974.3,63034.8
1780651620000,63034.8,63111.0,62971.0,63078.8
1780651800000,63078.8,63095.9,62903.2,62945.0
1780651980000,62945.0,63039.9,62934.6,62965.0
1780652160000,62965.0,62965.1,62845.5,62867.6
1780652340000,62867.6,62867.7,62737.7,62737.7
1780652520000,62737.7,62811.2,62736.0,62788.5
1780652700000,62788.5,62899.1,62781.2,62850.3
1780652880000,62850.3,62862.5,62770.6,62845.2
1780653060000,62845.2,62969.5,62808.8,62818.2
1780653240000,62818.2,62880.0,62802.3,62836.0
1780653420000,62836.0,62843.1,62779.1,62832.5
1780653600000,62832.5,62910.5,62746.9,62777.7
1780653780000,62777.7,62849.9,62700.4,62715.7
1780653960000,62715.7,62731.4,62628.9,62681.2
1780654140000,62681.2,62778.3,62616.0,62707.5
1780654320000,62707.5,62768.8,62681.7,62722.2
1780654500000,62722.2,62722.3,62560.0,62575.8
1780654680000,62575.8,62591.3,62516.4,62555.4
1780654860000,62555.4,62601.5,62468.2,62517.5
1780655040000,62517.5,62575.1,62502.8,62529.9
1780655220000,62529.9,62601.9,62508.1,62548.9
1780655400000,62548.9,62622.1,62539.4,62600.0
1780655580000,62600.0,62625.6,62497.3,62512.5
1780655760000,62512.5,62530.4,62351.0,62372.6
1780655940000,62372.6,62421.3,62342.1,62386.4
1780656120000,62386.4,62683.0,62372.5,62644.1
1780656300000,62644.1,62644.1,62554.9,62577.0
1780656480000,62577.0,62586.1,62518.0,62557.8
1780656660000,62557.8,62566.6,62413.9,62483.7
1780656840000,62483.7,62522.2,62458.4,62479.2
1780657020000,62479.2,62542.9,62479.2,62514.3
1780657200000,62514.3,62514.3,62367.5,62418.1
1780657380000,62418.1,62463.1,62314.7,62377.7
1780657560000,62377.7,62418.2,62317.8,62330.1
1780657740000,62330.1,62353.6,62222.6,62353.6
1780657920000,62353.6,62354.1,62284.0,62292.9
1780658100000,62292.9,62398.3,62210.5,62377.4
1780658280000,62377.4,62494.6,62377.4,62494.6
1780658460000,62494.6,62622.0,62446.3,62500.1
1780658640000,62500.1,62500.1,62300.0,62375.8
1780658820000,62375.8,62484.9,62375.7,62439.5
1780659000000,62439.5,62496.8,62258.8,62289.2
1780659180000,62289.2,62364.3,62262.4,62340.7
1780659360000,62340.7,62344.7,62235.8,62283.9
1780659540000,62283.9,62287.0,62170.0,62192.7
1780659720000,62192.7,62220.4,62087.7,62087.8
1780659900000,62087.8,62179.0,61966.1,62133.3
1780660080000,62133.3,62236.1,62113.4,62186.6
1780660260000,62186.6,62199.8,62062.7,62077.4
1780660440000,62077.4,62077.4,61967.1,62055.5
1780660620000,62055.5,62058.8,61929.5,61930.0
1780660800000,61930.0,61957.8,61674.3,61794.9
1780660980000,61794.9,61841.0,61612.6,61793.9
1780661160000,61793.9,62166.7,61780.1,62054.9
1780661340000,62054.9,62255.9,62000.0,62087.3
1780661520000,62087.3,62181.2,62063.8,62120.7
1780661700000,62120.7,62245.8,62120.6,62235.3
1780661880000,62235.3,62344.8,62188.4,62217.8
1780662060000,62217.8,62333.0,62131.5,62333.0
1780662240000,62333.0,62432.7,62237.8,62268.5
1780662420000,62268.5,62268.5,62130.5,62185.2
1780662600000,62185.2,62389.6,61783.5,61925.7
1780662780000,61925.7,61949.9,61656.2,61661.9
1780662960000,61661.9,61974.1,61579.9,61957.6
1780663140000,61957.6,62041.4,61809.2,61945.6
1780663320000,61945.6,62070.4,61869.5,61942.0
1780663500000,61942.0,62064.0,61846.3,61875.7
1780663680000,61875.7,61993.5,61850.1,61868.5
1780663860000,61868.5,62034.9,61830.4,61919.6
1780664040000,61919.6,61992.2,61852.6,61948.3
1780664220000,61948.3,61999.7,61883.6,61939.6
1780664400000,61939.6,62045.5,61896.5,61896.6
1780664580000,61896.6,62149.1,61889.2,62017.8
1780664760000,62017.8,62030.9,61915.7,61915.8
1780664940000,61915.8,62019.5,61892.4,61952.9
1780665120000,61952.9,62050.3,61929.0,61961.1
1780665300000,61961.1,61997.5,61855.2,61966.4
1780665480000,61966.4,62281.6,61963.4,62262.6
1780665660000,62262.6,62297.3,62058.8,62081.8
1780665840000,62081.8,62222.9,62077.1,62160.3
1780666020000,62160.3,62204.1,62095.6,62095.6
1780666200000,62095.6,62221.8,61870.2,62116.6
1780666380000,62116.6,62310.0,62104.8,62201.2
1780666560000,62201.2,62204.5,61792.6,61792.6
1780666740000,61792.6,61863.1,61655.0,61660.9
1780666920000,61660.9,61869.7,61644.9,61814.7
1780667100000,61814.7,61854.0,61659.2,61659.2
1780667280000,61659.2,61657.5,61211.1,61284.8
1780667460000,61284.8,61314.2,61060.9,61120.4
1780667640000,61120.4,61229.9,60899.6,60917.3
1780667820000,60917.3,60916.3,60694.0,60700.4
1780668000000,60700.4,60975.5,60655.2,60837.5
1780668180000,60837.5,60837.4,60540.0,60614.5
1780668360000,60614.5,61020.0,60424.0,61020.0
1780668540000,61020.0,61197.8,60652.2,60721.9
1780668720000,60721.9,60909.0,60621.7,60830.1
1780668900000,60830.1,61035.8,60760.0,60841.5
1780669080000,60841.5,60884.6,60660.3,60874.1
1780669260000,60874.1,60912.0,60590.5,60590.5
1780669440000,60590.5,60599.9,60350.0,60384.5
1780669620000,60384.5,60510.0,60301.6,60363.6
1780669800000,60363.6,60469.5,60302.4,60361.2
1780669980000,60361.2,60953.6,60350.0,60934.0
1780670160000,60934.0,61165.6,60789.4,60867.6
1780670340000,60867.6,60954.1,60810.7,60937.6
1780670520000,60937.6,61016.9,60683.6,60809.8
1780670700000,60809.8,61104.9,60809.7,60898.0
1780670880000,60898.0,61037.6,60726.0,60900.0
1780671060000,60900.0,61034.2,60788.0,60821.6
1780671240000,60821.6,60829.0,60588.0,60747.2
1780671420000,60747.2,60914.4,60729.0,60835.1
1780671600000,60835.1,60888.0,60584.4,60835.3
1780671780000,60835.3,61016.7,60804.0,60806.4
1780671960000,60806.4,60908.2,60746.9,60765.4
1780672140000,60765.4,60797.0,60588.9,60588.9
1780672320000,60588.9,60656.5,60494.9,60579.7
1780672500000,60579.7,60763.4,60470.6,60763.3
1780672680000,60763.3,60849.9,60631.8,60631.8
1780672860000,60631.8,60938.5,60622.1,60862.0
1780673040000,60862.0,61105.6,60841.1,60992.4
1780673220000,60992.4,61019.4,60680.1,60760.5
1780673400000,60760.5,60832.1,60539.0,60539.0
1780673580000,60539.0,60629.9,60503.1,60545.1
1780673760000,60545.1,60571.0,60200.0,60277.3
1780673940000,60277.3,60300.0,60012.9,60100.0
1780674120000,60100.0,60446.8,60099.4,60342.2
1780674300000,60342.2,60365.0,60177.0,60189.9
1780674480000,60189.9,60605.6,60179.0,60484.4
1780674660000,60484.4,60580.2,60415.0,60491.2
1780674840000,60491.2,60592.2,60474.5,60494.5
1780675020000,60494.5,60534.8,60382.9,60400.8
1780675200000,60400.8,60400.9,60155.0,60191.1
1780675380000,60191.1,60250.7,60153.8,60185.0
1780675560000,60185.0,60485.9,60153.0,60153.8
1780675740000,60153.8,60153.9,59785.0,59815.0
1780675920000,59815.0,61049.1,59739.3,60863.3
1780676100000,60863.3,61130.0,60695.8,60901.2
1780676280000,60901.2,61124.2,60856.5,60989.8
1780676460000,60989.8,61526.8,60968.1,61120.4
1780676640000,61120.4,61238.0,61051.4,61100.6
1780676820000,61100.6,61245.0,60863.1,60899.9
1780677000000,60899.9,61038.1,60832.7,60881.4
1780677180000,60881.4,60944.8,60669.8,60882.6
1780677360000,60882.6,60965.4,60810.3,60901.8
1780677540000,60901.8,60959.7,60832.9,60888.6
1780677720000,60888.6,60896.3,60708.9,60805.2
1780677900000,60805.2,60942.7,60773.9,60932.9
1780678080000,60932.9,61275.7,60906.3,61227.4
1780678260000,61227.4,61352.2,61172.6,61293.6
1780678440000,61293.6,61445.0,61265.8,61339.6
1780678620000,61339.6,61450.0,61329.6,61358.1
1780678800000,61358.1,61487.6,61172.3,61172.3
1780678980000,61172.3,61397.7,61168.9,61284.3
1780679160000,61284.3,61390.0,61181.4,61386.2
1780679340000,61386.2,61413.4,60938.8,60947.1
1780679520000,60947.1,61080.0,60901.9,61030.4
1780679700000,61030.4,61049.9,60783.3,60830.0
1780679880000,60830.0,60849.9,60759.4,60787.3
1780680060000,60787.3,60938.0,60785.8,60793.8
1780680240000,60793.8,60822.6,60658.3,60703.0
1780680420000,60703.0,60769.2,60628.9,60665.5
1780680600000,60665.5,60790.3,60655.0,60749.9
1780680780000,60749.9,60874.5,60728.7,60759.9
1780680960000,60759.9,60859.5,60727.4,60836.6
1780681140000,60836.6,61127.7,60792.0,60900.1
1780681320000,60900.1,60987.9,60712.2,60729.3
1780681500000,60729.3,60802.6,60682.5,60757.9
1780681680000,60757.9,60765.5,60626.7,60754.7
1780681860000,60754.7,60826.0,60656.1,60800.6
1780682040000,60800.6,60800.6,60671.4,60737.3
1780682220000,60737.3,60806.2,60737.3,60786.4
1780682400000,60786.4,60932.9,60763.1,60802.3
1780682580000,60802.3,60802.3,60672.5,60740.9
1780682760000,60740.9,60871.9,60740.9,60763.1
1780682940000,60763.1,60804.8,60645.0,60700.0
1780683120000,60700.0,60773.6,60577.1,60593.6
1780683300000,60593.6,60638.6,60527.7,60563.8
1780683480000,60563.8,60589.4,60362.6,60499.9
1780683660000,60499.9,60530.0,60331.6,60335.0
1780683840000,60335.0,60347.6,60184.2,60198.5
1780684020000,60198.5,60251.9,60078.0,60131.8
1780684200000,60131.8,60268.6,60065.3,60135.7
1780684380000,60135.7,60254.5,60083.1,60150.7
1780684560000,60150.7,60151.0,59939.8,60063.5
1780684740000,60063.5,60315.7,60057.0,60057.1
1780684920000,60057.1,60070.5,59614.6,59921.5
1780685100000,59921.5,59951.3,59640.8,59741.9
1780685280000,59741.9,59806.4,59630.9,59747.6
1780685460000,59747.6,59777.7,59190.9,59206.8
1780685640000,59206.8,59615.9,59105.4,59587.1
1780685820000,59587.1,59600.0,59269.5,59363.2
1780686000000,59363.2,59499.3,59108.8,59491.7
1780686180000,59491.7,59585.9,59277.2,59419.5
1780686360000,59419.5,59449.9,59230.2,59252.2
1780686540000,59252.2,59514.9,59235.0,59348.5
1780686720000,59348.5,59412.6,59252.6,59357.6
1780686900000,59357.6,59383.5,59090.0,59118.3
1780687080000,59118.3,59430.0,59115.1,59429.9
1780687260000,59429.9,59545.5,59331.2,59488.5
1780687440000,59488.5,59690.3,59443.9,59652.1
1780687620000,59652.1,59833.0,59652.1,59818.2
1780687800000,59818.2,59832.9,59445.9,59489.9
1780687980000,59489.9,59769.9,59486.4,59736.0
1780688160000,59736.0,59768.2,59585.0,59746.4
1780688340000,59746.4,59869.1,59520.7,59613.2
1780688520000,59613.2,59737.9,59563.2,59718.7
1780688700000,59718.7,60312.5,59710.2,60302.8
1780688880000,60302.8,60435.2,60118.7,60278.4
1780689060000,60278.4,60399.0,60109.1,60127.3
1780689240000,60127.3,60251.8,60086.3,60219.9
1780689420000,60219.9,60426.0,60157.4,60271.9
1780689600000,60271.9,60426.6,60125.0,60170.1
1780689780000,60170.1,60176.8,59903.8,59903.9
1780689960000,59903.9,60640.2,59903.9,60634.7
1780690140000,60634.7,60950.3,60582.2,60709.5
1780690320000,60709.5,60827.2,60675.1,60825.7
1780690500000,60825.7,61042.0,60684.9,60789.7
1780690680000,60789.7,61005.4,60764.8,61005.3
1780690860000,61005.3,61055.1,60778.2,60832.0
1780691040000,60832.0,61038.1,60800.0,60891.6
1780691220000,60891.6,61032.4,60875.1,60922.6
1780691400000,60922.6,61234.2,60862.4,61155.0
1780691580000,61155.0,61159.8,60935.2,61144.8
1780691760000,61144.8,61217.1,61081.3,61187.7
1780691940000,61187.7,61224.9,61126.7,61161.5
1780692120000,61161.5,61285.3,61161.4,61241.9
1780692300000,61241.9,61400.0,61173.4,61306.2
1780692480000,61306.2,61767.2,61262.4,61649.7
1780692660000,61649.7,61697.1,61466.4,61470.0
1780692840000,61470.0,61628.5,61444.0,61628.5
1780693020000,61628.5,61681.0,61568.6,61598.7
1780693200000,61598.7,61676.8,61534.2,61676.8
1780693380000,61676.8,61970.1,61661.2,61814.4
1780693560000,61814.4,61840.9,61667.6,61802.0
1780693740000,61802.0,61841.9,61628.7,61730.9
1780693920000,61730.9,61833.3,61665.3,61832.8
1780694100000,61832.8,61979.7,61650.5,61774.6
1780694280000,61774.6,61828.3,61676.5,61692.6
1780694460000,61692.6,61720.0,61583.2,61599.9
1780694640000,61599.9,61662.4,61538.3,61582.0
1780694820000,61582.0,61605.1,61542.1,61548.5
1780695000000,61548.5,61573.9,61416.4,61490.5
1780695180000,61490.5,61600.1,61449.4,61600.0
1780695360000,61600.0,61784.7,61585.1,61738.7
1780695540000,61738.7,61870.0,61720.2,61869.9
1780695720000,61869.9,61909.7,61806.4,61841.9
1780695900000,61841.9,61842.0,61737.8,61795.4
1780696080000,61795.4,61889.6,61755.9,61756.0
1780696260000,61756.0,61799.8,61680.0,61680.1
1780696440000,61680.1,61727.2,61634.2,61651.6
1780696620000,61651.6,61662.0,61601.2,61639.4
1780696800000,61639.4,61639.4,61478.0,61516.9
1780696980000,61516.9,61519.1,61331.0,61336.9
1780697160000,61336.9,61449.1,61182.9,61417.3
1780697340000,61417.3,61449.9,61271.0,61307.4
1780697520000,61307.4,61388.2,61240.0,61367.4
1780697700000,61367.4,61587.5,61271.0,61573.2
1780697880000,61573.2,61620.8,61425.1,61603.6
1780698060000,61603.6,61622.9,61461.0,61467.8
1780698240000,61467.8,61592.4,61388.6,61478.7
1780698420000,61478.7,61600.6,61423.8,61452.6
1780698600000,61452.6,61601.2,61369.9,61563.1
1780698780000,61563.1,61634.1,61506.1,61606.3
1780698960000,61606.3,61714.7,61565.4,61705.9
1780699140000,61705.9,61841.8,61669.9,61674.5
1780699320000,61674.5,61861.7,61671.5,61720.5
1780699500000,61720.5,61720.6,61508.4,61606.3
1780699680000,61606.3,61826.0,61606.4,61760.8
1780699860000,61760.8,61899.9,61650.0,61815.1
1780700040000,61815.1,61939.2,61721.1,61781.8
1780700220000,61781.8,61800.0,61521.1,61556.7
1780700400000,61556.7,61744.9,61475.1,61476.5
1780700580000,61476.5,61722.3,61465.8,61689.2
1780700760000,61689.2,61715.8,61450.0,61487.8
1780700940000,61487.8,61485.0,61323.7,61463.5
1780701120000,61463.5,61463.6,61272.0,61278.3
1780701300000,61278.3,61273.0,61057.5,61154.0
1780701480000,61154.0,61201.6,61051.1,61099.8
1780701660000,61099.8,61163.1,60930.5,60981.8
1780701840000,60981.8,61011.0,60784.6,60828.9
1780702020000,60828.9,60998.2,60824.3,60908.2
1780702200000,60908.2,60908.1,60661.2,60691.7
1780702380000,60691.7,60780.8,60476.5,60766.2
1780702560000,60766.2,60866.1,60697.5,60824.4
1780702740000,60824.4,60824.4,60600.2,60727.3
1780702920000,60727.3,60795.5,60678.0,60780.2
1780703100000,60780.2,60788.5,60657.0,60782.4
1780703280000,60782.4,60920.3,60747.8,60916.2
1780703460000,60916.2,61018.1,60897.5,60938.7
1780703640000,60938.7,60981.6,60887.3,60892.0
1780703820000,60892.0,61042.2,60871.0,61021.8
1780704000000,61021.8,61237.8,61017.3,61206.7
1780704180000,61206.7,61387.6,61138.2,61210.0
1780704360000,61210.0,61428.6,61209.9,61413.2
1780704540000,61413.2,61429.3,61338.4,61338.4
1780704720000,61338.4,61400.0,61314.8,61392.5
1780704900000,61392.5,61500.0,61375.8,61466.9
1780705080000,61466.9,61466.9,61220.0,61248.5
1780705260000,61248.5,61308.0,61145.3,61168.2
1780705440000,61168.2,61189.9,61112.5,61179.2
1780705620000,61179.2,61293.4,61145.2,61279.4
1780705800000,61279.4,61392.6,61236.8,61359.6
1780705980000,61359.6,61364.3,61169.6,61178.5
1780706160000,61178.5,61259.9,61164.8,61246.3
1780706340000,61246.3,61336.8,61169.2,61169.2
1780706520000,61169.2,61221.2,61142.6,61168.8
1780706700000,61168.8,61322.5,61147.7,61285.6
1780706880000,61285.6,61304.1,61191.9,61225.3
1780707060000,61225.3,61260.7,61180.1,61245.5
1780707240000,61245.5,61357.2,61245.7,61290.0
1780707420000,61290.0,61293.4,61220.6,61238.5
1780707600000,61238.5,61347.1,61238.5,61341.7
1780707780000,61341.7,61349.7,61300.2,61311.9
1780707960000,61311.9,61343.2,61274.6,61292.1
1780708140000,61292.1,61304.0,61226.5,61226.5
1780708320000,61226.5,61263.4,61072.8,61116.7
1780708500000,61116.7,61203.5,61047.6,61143.8
1780708680000,61143.8,61150.4,61000.0,61000.1
1780708860000,61000.1,61003.8,60942.1,60963.4
1780709040000,60963.4,61089.8,60950.0,61085.0
1780709220000,61085.0,61270.9,61090.0,61268.0
1780709400000,61268.0,61268.1,61169.5,61170.0
1780709580000,61170.0,61266.1,61164.4,61171.5
1780709760000,61171.5,61206.1,61040.2,61074.6
1780709940000,61074.6,61117.4,61043.8,61050.7
1780710120000,61050.7,61080.3,60980.2,61024.9
1780710300000,61024.9,61136.9,61022.1,61053.7
1780710480000,61053.7,61089.8,60956.3,60956.4
1780710660000,60956.4,61098.5,60918.0,61067.3
1780710840000,61067.3,61143.6,61040.1,61085.3
1780711020000,61085.3,61124.5,61025.6,61025.7
1780711200000,61025.7,61047.7,60950.0,60950.0
1780711380000,60950.0,60993.6,60909.2,60911.9
1780711560000,60911.9,60990.5,60834.4,60957.3
1780711740000,60957.3,61072.2,60887.8,60897.9
1780711920000,60897.9,60898.0,60838.4,60849.1
1780712100000,60849.1,60887.1,60723.9,60743.6
1780712280000,60743.6,60750.0,60642.4,60687.5
1780712460000,60687.5,60925.3,60683.6,60925.2
1780712640000,60925.2,60968.9,60784.9,60858.2
1780712820000,60858.2,60870.6,60771.6,60771.7
1780713000000,60771.7,60929.9,60754.9,60892.6
1780713180000,60892.6,60976.4,60875.7,60909.2
1780713360000,60909.2,60940.8,60856.0,60925.7
1780713540000,60925.7,61036.2,60910.3,60969.8
1780713720000,60969.8,60964.7,60894.0,60907.5
1780713900000,60907.5,61027.6,60840.7,61000.6
1780714080000,61000.6,61116.8,60991.2,61116.4
1780714260000,61116.4,61159.9,61067.6,61088.5
1780714440000,61088.5,61088.5,60956.4,60970.9
1780714620000,60970.9,60981.3,60899.2,60918.4
1780714800000,60918.4,60920.0,60847.1,60918.7
1780714980000,60918.7,60940.5,60759.9,60787.9
1780715160000,60787.9,60856.8,60770.1,60770.1
1780715340000,60770.1,60864.7,60765.5,60809.6
1780715520000,60809.6,60906.6,60774.4,60848.0
1780715700000,60848.0,60888.0,60782.7,60833.2
1780715880000,60833.2,60918.0,60808.7,60825.7
1780716060000,60825.7,60876.9,60790.0,60807.5
1780716240000,60807.5,60817.1,60688.0,60695.5
1780716420000,60695.5,60777.4,60685.1,60767.3
1780716600000,60767.3,60768.0,60555.0,60563.1
1780716780000,60563.1,60679.9,60490.2,60650.2
1780716960000,60650.2,60731.1,60617.6,60649.9
1780717140000,60649.9,60663.2,60563.3,60593.7
1780717320000,60593.7,60691.6,60573.0,60688.4
1780717500000,60688.4,60697.8,60610.2,60643.3
1780717680000,60643.3,60697.8,60606.8,60687.7
1780717860000,60687.7,60776.0,60588.0,60668.2
1780718040000,60668.2,60720.0,60622.8,60697.2
1780718220000,60697.2,60713.4,60631.0,60662.7
1780718400000,60662.7,60843.2,60644.0,60825.1
1780718580000,60825.1,60836.9,60493.4,60513.1
1780718760000,60513.1,60516.4,60353.5,60373.2
1780718940000,60373.2,60431.6,60254.2,60264.0
1780719120000,60264.0,60281.9,60051.3,60103.4
1780719300000,60103.4,60319.5,59984.2,60255.2
1780719480000,60255.2,60269.9,59933.0,60053.7
1780719660000,60053.7,60092.7,59923.3,60043.9
1780719840000,60043.9,60164.8,60001.4,60036.0
1780720020000,60036.0,60106.3,59815.0,59927.0
1780720200000,59927.0,60019.4,59678.2,59697.3
1780720380000,59697.3,59724.9,59451.3,59688.6
1780720560000,59688.6,59820.7,59472.7,59596.4
1780720740000,59596.4,59804.8,59596.5,59730.8
1780720920000,59730.8,59812.4,59693.1,59759.4
1780721100000,59759.4,59969.6,59664.1,59909.5
1780721280000,59909.5,59971.7,59720.9,59844.6
1780721460000,59844.6,60199.0,59844.6,60168.9
1780721640000,60168.9,60264.7,60066.8,60072.1
1780721820000,60072.1,60094.6,59923.6,60068.4
1780722000000,60068.4,60082.6,59578.9,59772.8
1780722180000,59772.8,59940.1,59734.0,59865.4
1780722360000,59865.4,60021.2,59728.0,59918.6
1780722540000,59918.6,60216.1,59913.0,60064.4
1780722720000,60064.4,60070.1,59848.1,59853.9
1780722900000,59853.9,60049.9,59829.3,59973.9
1780723080000,59973.9,60166.0,59952.4,60166.0
1780723260000,60166.0,60978.0,60153.7,60904.2
1780723440000,60904.2,61032.4,60686.3,60849.9
1780723620000,60849.9,60884.8,60677.8,60719.4
1780723800000,60719.4,60751.5,60579.1,60616.0
1780723980000,60616.0,60828.1,60583.4,60810.7
1780724160000,60810.7,60942.4,60705.7,60726.4
1780724340000,60726.4,60864.9,60715.5,60781.7
1780724520000,60781.7,60879.9,60711.3,60795.0
1780724700000,60795.0,60907.6,60724.3,60852.0
1780724880000,60852.0,61033.0,60822.6,60990.0
1780725060000,60990.0,61018.6,60833.3,60847.7
1780725240000,60847.7,60931.0,60808.3,60924.9
1780725420000,60924.9,60960.0,60823.8,60918.9
1780725600000,60918.9,61093.7,60917.6,61073.9
1780725780000,61073.9,61248.5,61073.9,61108.0
1780725960000,61108.0,61107.9,60990.9,61067.9
1780726140000,61067.9,61140.0,60975.1,61024.5
1780726320000,61024.5,61149.9,61024.5,61136.6
1780726500000,61136.6,61193.9,60989.9,61032.9
1780726680000,61032.9,61128.7,60974.8,61112.5
1780726860000,61112.5,61224.5,61083.5,61111.5
1780727040000,61111.5,61135.2,60989.2,61019.5
1780727220000,61019.5,61038.5,60982.1,61007.9
1780727400000,61007.9,61031.3,60947.4,61007.9
1780727580000,61007.9,61069.6,60950.1,61027.3
1780727760000,61027.3,61160.8,61007.8,61007.8
1780727940000,61007.8,61042.6,60946.7,60954.5
1780728120000,60954.5,60983.2,60774.9,60788.3
1780728300000,60788.3,60896.7,60764.1,60867.8
1780728480000,60867.8,60933.0,60737.0,60750.9
1780728660000,60750.9,60945.6,60656.9,60885.1
1780728840000,60885.1,60900.4,60743.9,60767.9
1780729020000,60767.9,60796.3,60700.0,60771.8
1780729200000,60771.8,60782.6,60705.4,60762.4
1780729380000,60762.4,60822.6,60735.8,60798.7
1780729560000,60798.7,61023.4,60778.7,60974.5
1780729740000,60974.5,61074.9,60944.8,61031.3
1780729920000,61031.3,61124.0,60955.0,61068.9
1780730100000,61068.9,61212.7,61004.4,61018.2
1780730280000,61018.2,61072.4,60916.6,60939.8
1780730460000,60939.8,60943.8,60823.0,60865.8
1780730640000,60865.8,60900.0,60831.8,60870.1
1780730820000,60870.1,60878.3,60812.2,60859.9
1780731000000,60859.9,60940.8,60843.6,60892.9
1780731180000,60892.9,61026.9,60892.9,60992.5
1780731360000,60992.5,61011.6,60882.8,60920.8
1780731540000,60920.8,61020.0,60920.7,61019.9
1780731720000,61019.9,61070.0,60977.8,61021.2
1780731900000,61021.2,61079.9,60990.9,61024.3
1780732080000,61024.3,61055.3,60987.1,60991.9
1780732260000,60991.9,61011.3,60940.9,60946.2
1780732440000,60946.2,61004.5,60938.1,60963.7
1780732620000,60963.7,60999.1,60948.8,60975.1
1780732800000,60975.1,60976.0,60869.5,60893.8
1780732980000,60893.8,60976.0,60850.1,60969.8
1780733160000,60969.8,61008.0,60909.9,61007.9
1780733340000,61007.9,61124.9,60974.8,61043.2
1780733520000,61043.2,61139.7,61043.2,61115.0
1780733700000,61115.0,61140.9,61045.7,61059.5
1780733880000,61059.5,61129.7,60995.0,61117.0
1780734060000,61117.0,61144.3,61034.0,61079.5
1780734240000,61079.5,61169.4,61077.4,61167.6
1780734420000,61167.6,61428.6,61137.9,61374.7
1780734600000,61374.7,61473.3,61300.9,61359.1
1780734780000,61359.1,61359.1,61265.1,61289.3
1780734960000,61289.3,61369.6,61272.3,61316.9
1780735140000,61316.9,61322.4,61280.2,61299.1
1780735320000,61299.1,61369.8,61299.0,61334.9
1780735500000,61334.9,61353.1,61256.1,61353.0
1780735680000,61353.0,61393.6,61322.6,61381.5
1780735860000,61381.5,61454.6,61369.8,61427.8
1780736040000,61427.8,61450.3,61355.5,61389.2
1780736220000,61389.2,61399.7,61205.7,61239.5
1780736400000,61239.5,61285.3,61186.7,61238.6
1780736580000,61238.6,61243.8,61096.2,61097.6
1780736760000,61097.6,61208.3,61096.8,61197.3
1780736940000,61197.3,61246.7,61138.8,61234.6
1780737120000,61234.6,61249.2,61155.7,61195.9
1780737300000,61195.9,61249.6,61167.0,61230.2
1780737480000,61230.2,61240.5,61107.4,61116.2
1780737660000,61116.2,61158.7,61068.8,61134.6
1780737840000,61134.6,61240.3,61119.5,61226.9
1780738020000,61226.9,61298.2,61200.0,61286.7
1780738200000,61286.7,61286.7,61200.1,61238.7
1780738380000,61238.7,61281.1,61202.5,61217.4
1780738560000,61217.4,61269.5,61200.1,61240.8
1780738740000,61240.8,61260.8,61075.0,61087.6
1780738920000,61087.6,61118.5,61027.9,61069.1
1780739100000,61069.1,61093.8,60902.3,60961.7
1780739280000,60961.7,60967.4,60858.7,60936.3
1780739460000,60936.3,60975.2,60886.9,60907.3
1780739640000,60907.3,60978.7,60876.9,60976.3
1780739820000,60976.3,60997.0,60936.3,60954.2
1780740000000,60954.2,60956.7,60721.6,60743.8
1780740180000,60743.8,60850.0,60692.6,60771.4
1780740360000,60771.4,60808.3,60672.3,60709.4
1780740540000,60709.4,60747.2,60549.4,60655.9
1780740720000,60655.9,60704.6,60576.0,60594.5
1780740900000,60594.5,60718.7,60570.1,60577.2
1780741080000,60577.2,60612.6,60452.9,60456.3
1780741260000,60456.3,60660.5,60450.0,60643.0
1780741440000,60643.0,60656.5,60558.6,60597.0
1780741620000,60597.0,60659.6,60479.5,60499.7
1780741800000,60499.7,60510.9,60159.3,60325.3
1780741980000,60325.3,60403.6,60289.1,60381.9
1780742160000,60381.9,60391.2,60226.0,60295.7
1780742340000,60295.7,60349.6,60244.4,60333.1
1780742520000,60333.1,60477.0,60327.1,60390.1
1780742700000,60390.1,60451.9,60317.4,60352.0
1780742880000,60352.0,60422.2,60315.2,60400.0
1780743060000,60400.0,60535.3,60399.9,60507.3
1780743240000,60507.3,60576.2,60457.2,60504.6
1780743420000,60504.6,60579.2,60477.0,60555.4
1780743600000,60555.4,60770.5,60520.1,60752.9
1780743780000,60752.9,60744.9,60636.9,60647.5
1780743960000,60647.5,60708.6,60647.5,60665.9
1780744140000,60665.9,60690.4,60605.6,60620.1
1780744320000,60620.1,60668.9,60566.3,60610.0
1780744500000,60610.0,60832.2,60567.7,60801.1
1780744680000,60801.1,60801.1,60604.6,60614.4
1780744860000,60614.4,60730.5,60614.3,60725.9
1780745040000,60725.9,60758.2,60661.9,60690.1
1780745220000,60690.1,60785.0,60677.0,60772.8
1780745400000,60772.8,60772.8,60697.4,60740.1
1780745580000,60740.1,60832.1,60721.8,60812.6
1780745760000,60812.6,60818.8,60731.3,60781.9
1780745940000,60781.9,60831.8,60770.0,60831.8
1780746120000,60831.8,60839.9,60775.0,60794.4
1780746300000,60794.4,60937.7,60780.0,60933.5
1780746480000,60933.5,60933.6,60824.7,60863.6
1780746660000,60863.6,60900.0,60863.6,60875.3
1780746840000,60875.3,60884.3,60810.0,60810.1
1780747020000,60810.1,60816.3,60707.6,60773.5
1780747200000,60773.5,60933.1,60773.4,60929.8
1780747380000,60929.8,60980.0,60848.2,60927.7
1780747560000,60927.7,61061.6,60900.0,61055.1
1780747740000,61055.1,61066.8,60936.0,60943.4
1780747920000,60943.4,61039.4,60934.3,61022.8
1780748100000,61022.8,61075.7,60924.5,60953.4
1780748280000,60953.4,60953.5,60879.9,60901.7
1780748460000,60901.7,60934.2,60821.9,60824.9
1780748640000,60824.9,60874.8,60796.0,60844.6
1780748820000,60844.6,60861.3,60694.7,60698.2
1780749000000,60698.2,60754.2,60612.8,60754.1
1780749180000,60754.1,60840.0,60717.4,60814.9
1780749360000,60814.9,60844.0,60691.2,60741.7
1780749540000,60741.7,60754.1,60685.1,60745.8
1780749720000,60745.8,60819.3,60713.3,60802.5
1780749900000,60802.5,60943.1,60750.9,60930.8
1780750080000,60930.8,61023.2,60879.4,60959.7
1780750260000,60959.7,61153.5,60918.7,61063.2
1780750440000,61063.2,61107.5,61044.6,61045.4
1780750620000,61045.4,61045.5,60976.8,60999.7
1780750800000,60999.7,61004.6,60929.3,60957.5
1780750980000,60957.5,61073.6,60944.8,61020.8
1780751160000,61020.8,61052.1,60952.9,60959.6
1780751340000,60959.6,61041.1,60940.0,60991.8
1780751520000,60991.8,61032.0,60971.4,60972.9
1780751700000,60972.9,60973.0,60876.4,60896.5
1780751880000,60896.5,60974.0,60880.0,60956.5
1780752060000,60956.5,61026.7,60892.5,60897.6
1780752240000,60897.6,60928.5,60860.0,60865.2
1780752420000,60865.2,60906.2,60834.6,60851.3
1780752600000,60851.3,60868.7,60673.2,60683.9
1780752780000,60683.9,60834.9,60671.9,60808.5
1780752960000,60808.5,60830.0,60737.6,60811.1
1780753140000,60811.1,60848.7,60765.0,60809.0
1780753320000,60809.0,60874.5,60791.8,60874.5
1780753500000,60874.5,61026.2,60818.8,60822.6
1780753680000,60822.6,60832.9,60744.3,60780.1
1780753860000,60780.1,60800.0,60734.0,60752.1
1780754040000,60752.1,60776.8,60741.1,60765.0
1780754220000,60765.0,60802.7,60751.8,60779.4
1780754400000,60779.4,60926.4,60741.4,60926.3
1780754580000,60926.3,60966.8,60842.4,60926.5
1780754760000,60926.5,60972.5,60894.0,60972.4
1780754940000,60972.4,60975.0,60839.1,60921.7
1780755120000,60921.7,60947.7,60856.5,60872.1
1780755300000,60872.1,60928.0,60852.1,60866.7
1780755480000,60866.7,60990.6,60856.6,60956.2
1780755660000,60956.2,60990.0,60850.0,60850.1
1780755840000,60850.1,60900.0,60766.4,60766.4
1780756020000,60766.4,60868.5,60758.4,60857.8
1780756200000,60857.8,60946.1,60793.3,60942.0
1780756380000,60942.0,60942.1,60876.1,60936.5
1780756560000,60936.5,60978.5,60893.7,60917.7
1780756740000,60917.7,60949.9,60868.6,60927.4
1780756920000,60927.4,60965.2,60886.0,60924.4
1780757100000,60924.4,60942.1,60871.6,60942.1
1780757280000,60942.1,60976.0,60901.6,60976.0
1780757460000,60976.0,60976.0,60898.6,60898.6
1780757640000,60898.6,60955.5,60856.0,60882.9
1780757820000,60882.9,60897.5,60740.9,60762.5
1780758000000,60762.5,60850.4,60624.0,60649.9
1780758180000,60649.9,60679.5,60532.1,60532.1
1780758360000,60532.1,60670.8,60522.2,60626.7
1780758540000,60626.7,60705.0,60600.0,60612.4
1780758720000,60612.4,60629.2,60528.4,60587.0
1780758900000,60587.0,60663.8,60506.4,60537.5
1780759080000,60537.5,60537.3,60357.1,60473.0
1780759260000,60473.0,60652.1,60468.2,60490.3
1780759440000,60490.3,60649.8,60486.1,60613.2
1780759620000,60613.2,60657.5,60592.3,60641.9
1780759800000,60641.9,60717.7,60546.5,60572.8
1780759980000,60572.8,60740.1,60542.0,60706.0
1780760160000,60706.0,60730.0,60666.1,60687.7
1780760340000,60687.7,60847.5,60687.7,60840.0
1780760520000,60840.0,60895.0,60796.0,60824.0
1780760700000,60824.0,60899.9,60788.0,60788.1
1780760880000,60788.1,60821.8,60714.9,60789.8
1780761060000,60789.8,60815.6,60692.4,60721.0
1780761240000,60721.0,60785.6,60689.1,60778.2
1780761420000,60778.2,60800.0,60746.0,60754.1
1780761600000,60754.1,60833.7,60665.6,60827.9
1780761780000,60827.9,60943.7,60814.8,60828.2
1780761960000,60828.2,60840.6,60742.7,60814.9
1780762140000,60814.9,60832.8,60680.5,60768.1
1780762320000,60768.1,60797.2,60722.9,60751.4
1780762500000,60751.4,60794.6,60701.8,60774.4
1780762680000,60774.4,60787.9,60681.3,60703.1
1780762860000,60703.1,60716.7,60630.1,60671.8
1780763040000,60671.8,60768.6,60566.7,60575.6
1780763220000,60575.6,60637.3,60573.9,60591.1
1780763400000,60591.1,60653.9,60527.0,60602.4
1780763580000,60602.4,60610.8,60437.9,60546.2
1780763760000,60546.2,60563.7,60511.5,60540.9
1780763940000,60540.9,60709.5,60511.0,60675.8
1780764120000,60675.8,60742.5,60656.8,60738.7
1780764300000,60738.7,60830.5,60691.0,60791.5
1780764480000,60791.5,60827.6,60770.4,60789.1
1780764660000,60789.1,60830.5,60775.1,60809.5
1780764840000,60809.5,60806.5,60655.7,60665.7
1780765020000,60665.7,60749.1,60665.7,60749.1
1780765200000,60749.1,60817.2,60747.7,60760.6
1780765380000,60760.6,60768.0,60658.5,60694.8
1780765560000,60694.8,60713.7,60623.0,60645.7
1780765740000,60645.7,60658.2,60570.0,60658.1
1780765920000,60658.1,60726.8,60646.3,60690.1
1780766100000,60690.1,60732.2,60651.0,60674.5
1780766280000,60674.5,60731.0,60645.8,60731.0
1780766460000,60731.0,60737.1,60555.0,60576.3
1780766640000,60576.3,60636.1,60572.2,60619.9
1780766820000,60619.9,60656.7,60577.3,60649.4
1780767000000,60649.4,60705.7,60633.6,60686.5
1780767180000,60686.5,60776.7,60686.4,60750.0
1780767360000,60750.0,60750.0,60610.2,60614.1
1780767540000,60614.1,60644.9,60561.5,60608.8
1780767720000,60608.8,60680.2,60601.1,60680.1
1780767900000,60680.1,60710.6,60527.5,60600.0
1780768080000,60600.0,60624.7,60532.1,60562.6
1780768260000,60562.6,60614.4,60557.3,60605.2
1780768440000,60605.2,60605.2,60490.1,60493.0
1780768620000,60493.0,60587.3,60465.5,60553.2
1780768800000,60553.2,60603.8,60540.9,60565.9
1780768980000,60565.9,60565.9,60517.2,60517.3
1780769160000,60517.3,60524.6,60440.0,60440.1
1780769340000,60440.1,60587.0,60427.8,60565.7
1780769520000,60565.7,60576.5,60462.4,60464.2
1780769700000,60464.2,60484.2,60390.1,60403.1
1780769880000,60403.1,60480.0,60364.4,60444.9
1780770060000,60444.9,60524.2,60425.1,60502.3
1780770240000,60502.3,60626.2,60486.4,60607.2
1780770420000,60607.2,60723.5,60600.9,60675.0
1780770600000,60675.0,60673.2,60503.2,60536.1
1780770780000,60536.1,60590.4,60515.4,60521.4
1780770960000,60521.4,60624.3,60508.0,60599.3
1780771140000,60599.3,60631.0,60550.1,60557.9
1780771320000,60557.9,60587.8,60550.8,60579.9
1780771500000,60579.9,60605.0,60508.7,60538.9
1780771680000,60538.9,60548.0,60463.3,60474.3
1780771860000,60474.3,60560.0,60474.3,60555.3
1780772040000,60555.3,60620.0,60534.0,60600.4
1780772220000,60600.4,60655.6,60591.1,60605.9
1780772400000,60605.9,60606.0,60555.2,60588.3
1780772580000,60588.3,60614.6,60529.0,60614.6
1780772760000,60614.6,60704.0,60609.9,60688.8
1780772940000,60688.8,60738.8,60688.7,60710.4
1780773120000,60710.4,60760.4,60689.9,60689.9
1780773300000,60689.9,60706.0,60628.5,60658.8
1780773480000,60658.8,60683.6,60589.6,60608.6
1780773660000,60608.6,60623.1,60585.7,60623.0
1780773840000,60623.0,60642.9,60562.3,60578.0
1780774020000,60578.0,60588.1,60565.8,60582.0
1780774200000,60582.0,60597.7,60566.8,60593.0
1780774380000,60593.0,60618.7,60537.6,60537.6
1780774560000,60537.6,60599.7,60502.1,60572.2
1780774740000,60572.2,60572.2,60521.9,60541.5
1780774920000,60541.5,60598.2,60539.3,60595.7
1780775100000,60595.7,60656.3,60588.5,60621.9
1780775280000,60621.9,60621.8,60573.5,60585.7
1780775460000,60585.7,60623.7,60570.0,60584.2
1780775640000,60584.2,60632.7,60575.0,60626.7
1780775820000,60626.7,60649.9,60560.8,60563.9
1780776000000,60563.9,60610.1,60484.5,60540.1
1780776180000,60540.1,60560.0,60491.2,60501.6
1780776360000,60501.6,60562.6,60489.1,60531.1
1780776540000,60531.1,60569.9,60512.1,60547.1
1780776720000,60547.1,60588.0,60538.1,60541.2
1780776900000,60541.2,60565.0,60496.5,60550.0
1780777080000,60550.0,60615.3,60515.2,60534.8
1780777260000,60534.8,60602.9,60534.7,60576.5
1780777440000,60576.5,60606.2,60550.0,60594.5
1780777620000,60594.5,60603.2,60541.1,60566.8
1780777800000,60566.8,60605.8,60546.3,60589.1
1780777980000,60589.1,60677.9,60589.0,60629.9
1780778160000,60629.9,60673.5,60620.6,60643.3
1780778340000,60643.3,60650.0,60590.8,60620.8
1780778520000,60620.8,60722.6,60613.1,60702.9
1780778700000,60702.9,60729.1,60670.1,60675.3
1780778880000,60675.3,60685.8,60613.3,60685.8
1780779060000,60685.8,60705.0,60666.7,60688.4
1780779240000,60688.4,60707.3,60634.1,60656.5
1780779420000,60656.5,60720.0,60656.4,60678.5
1780779600000,60678.5,60742.3,60673.3,60708.1
1780779780000,60708.1,60708.2,60677.0,60704.0
1780779960000,60704.0,60730.4,60686.1,60703.4
1780780140000,60703.4,60870.9,60701.5,60855.1
1780780320000,60855.1,60869.9,60794.3,60826.7
1780780500000,60826.7,60870.0,60815.3,60818.9
1780780680000,60818.9,60853.9,60797.1,60850.3
1780780860000,60850.3,60914.8,60837.4,60879.5
1780781040000,60879.5,60885.1,60836.8,60855.1
1780781220000,60855.1,60871.6,60838.7,60859.2
1780781400000,60859.2,60915.8,60859.1,60904.0
1780781580000,60904.0,60969.2,60900.1,60900.1
1780781760000,60900.1,60900.1,60803.6,60803.6
1780781940000,60803.6,60837.9,60762.8,60831.7
1780782120000,60831.7,60831.7,60781.3,60792.2
1780782300000,60792.2,60812.9,60714.5,60812.9
1780782480000,60812.9,60836.1,60801.1,60818.8
1780782660000,60818.8,60840.0,60798.6,60798.7
1780782840000,60798.7,60838.6,60744.1,60744.1
1780783020000,60744.1,60750.0,60706.2,60719.3
1780783200000,60719.3,60788.6,60650.2,60761.5
1780783380000,60761.5,60773.9,60579.9,60581.7
1780783560000,60581.7,60662.7,60555.5,60579.9
1780783740000,60579.9,60644.4,60555.6,60644.4
1780783920000,60644.4,60644.4,60566.4,60591.4
1780784100000,60591.4,60725.3,60570.0,60724.1
1780784280000,60724.1,60740.0,60684.0,60694.9
1780784460000,60694.9,60717.2,60560.0,60572.5
1780784640000,60572.5,60572.5,60408.3,60415.2
1780784820000,60415.2,60449.7,60403.2,60426.3
1780785000000,60426.3,60482.3,60393.4,60478.0
1780785180000,60478.0,60543.8,60466.2,60504.8
1780785360000,60504.8,60574.3,60487.4,60566.3
1780785540000,60566.3,60571.9,60505.7,60571.8
1780785720000,60571.8,60571.9,60515.5,60552.5
1780785900000,60552.5,60614.6,60559.7,60606.5
1780786080000,60606.5,60642.0,60579.8,60627.6
1780786260000,60627.6,60660.4,60606.5,60649.2
1780786440000,60649.2,60687.6,60574.1,60574.2
1780786620000,60574.2,60589.3,60510.5,60513.1
1780786800000,60513.1,60647.6,60511.0,60647.5
1780786980000,60647.5,60690.8,60641.6,60658.4
1780787160000,60658.4,60694.4,60642.4,60680.1
1780787340000,60680.1,60705.8,60659.5,60697.8
1780787520000,60697.8,60732.9,60681.3,60685.3
1780787700000,60685.3,60711.2,60667.9,60695.4
1780787880000,60695.4,60695.4,60616.6,60668.8
1780788060000,60668.8,60676.5,60628.0,60633.4
1780788240000,60633.4,60649.2,60552.5,60624.9
1780788420000,60624.9,60688.4,60621.9,60681.9
1780788600000,60681.9,60699.9,60641.7,60662.0
1780788780000,60662.0,60707.9,60661.9,60696.4
1780788960000,60696.4,60804.6,60695.3,60784.2
1780789140000,60784.2,60889.9,60765.3,60874.1
1780789320000,60874.1,60870.1,60816.6,60822.3
1780789500000,60822.3,60849.8,60771.6,60799.5
1780789680000,60799.5,60833.1,60793.9,60801.0
1780789860000,60801.0,60814.7,60776.7,60814.7
1780790040000,60814.7,60911.0,60809.3,60868.3
1780790220000,60868.3,60866.0,60838.0,60849.8
1780790400000,60849.8,60904.5,60811.5,60885.7
1780790580000,60885.7,60905.0,60818.5,60845.7
1780790760000,60845.7,60851.3,60788.6,60828.8
1780790940000,60828.8,60840.8,60761.7,60787.1
1780791120000,60787.1,60808.9,60773.8,60782.2
1780791300000,60782.2,60835.7,60775.0,60818.5
1780791480000,60818.5,60862.4,60779.6,60780.1
1780791660000,60780.1,60824.9,60779.6,60787.9
1780791840000,60787.9,60808.3,60750.1,60770.6
1780792020000,60770.6,60812.7,60741.1,60812.7
1780792200000,60812.7,60962.7,60802.8,60895.4
1780792380000,60895.4,60934.6,60865.0,60905.8
1780792560000,60905.8,60936.6,60870.1,60879.6
1780792740000,60879.6,60907.7,60769.2,60790.6
1780792920000,60790.6,60800.0,60755.6,60755.7
1780793100000,60755.7,60760.5,60708.0,60743.8
1780793280000,60743.8,60785.6,60730.5,60759.2
1780793460000,60759.2,60784.2,60750.2,60765.8
1780793640000,60765.8,60774.0,60726.2,60746.4
1780793820000,60746.4,60780.0,60747.3,60748.3
1780794000000,60748.3,60869.9,60720.9,60869.9
1780794180000,60869.9,61118.9,60858.4,60994.9
1780794360000,60994.9,61380.8,60944.6,61332.1
1780794540000,61332.1,61350.8,61200.7,61305.9
1780794720000,61305.9,61357.8,61251.0,61276.4
1780794900000,61276.4,61493.0,61215.8,61410.1
1780795080000,61410.1,61604.8,61323.2,61327.8
1780795260000,61327.8,61584.2,61327.8,61555.4
1780795440000,61555.4,61555.4,61432.7,61434.1
1780795620000,61434.1,61637.3,61434.0,61607.0
1780795800000,61607.0,61622.9,61440.1,61481.9
1780795980000,61481.9,61580.2,61454.1,61574.5
1780796160000,61574.5,61575.3,61391.8,61399.6
1780796340000,61399.6,61445.9,61395.5,61445.9
1780796520000,61445.9,61450.0,61368.5,61419.8
1780796700000,61419.8,61447.0,61340.2,61440.8
1780796880000,61440.8,61567.5,61387.5,61399.5
1780797060000,61399.5,61420.0,61369.2,61390.1
1780797240000,61390.1,61464.0,61370.1,61462.9
1780797420000,61462.9,61488.6,61447.4,61452.5
1780797600000,61452.5,61513.7,61400.0,61488.8
1780797780000,61488.8,61507.3,61425.6,61480.0
1780797960000,61480.0,61527.6,61466.0,61527.6
1780798140000,61527.6,61527.6,61421.3,61424.3
1780798320000,61424.3,61437.8,61375.8,61375.8
1780798500000,61375.8,61398.2,61268.4,61275.1
1780798680000,61275.1,61292.5,61183.9,61183.9
1780798860000,61183.9,61291.7,61151.0,61283.1
1780799040000,61283.1,61349.0,61216.6,61216.6
1780799220000,61216.6,61237.4,61156.3,61225.3
1780799400000,61225.3,61246.8,61161.3,61226.6
1780799580000,61226.6,61295.4,61206.6,61206.6
1780799760000,61206.6,61255.2,61166.1,61246.4
1780799940000,61246.4,61284.9,61216.8,61249.1
1780800120000,61249.1,61295.2,61236.2,61289.3
1780800300000,61289.3,61417.0,61289.2,61417.0
1780800480000,61417.0,61540.1,61406.1,61529.5
1780800660000,61529.5,61529.5,61371.9,61413.9
1780800840000,61413.9,61514.4,61413.1,61511.2
1780801020000,61511.2,61519.6,61463.9,61472.5
1780801200000,61472.5,61472.5,61411.9,61432.2
1780801380000,61432.2,61468.2,61376.7,61448.4
1780801560000,61448.4,61487.8,61436.3,61438.9
1780801740000,61438.9,61477.0,61431.6,61459.4
1780801920000,61459.4,61500.0,61417.1,61499.9
1780802100000,61499.9,61543.8,61453.3,61543.8
1780802280000,61543.8,61763.2,61529.8,61650.1
1780802460000,61650.1,61733.9,61548.0,61577.9
1780802640000,61577.9,61637.9,61551.4,61551.4
1780802820000,61551.4,61649.9,61526.2,61634.9
1780803000000,61634.9,61657.2,61566.2,61651.3
1780803180000,61651.3,61651.3,61571.4,61601.3
1780803360000,61601.3,61613.6,61539.6,61584.2
1780803540000,61584.2,61594.9,61520.3,61554.1
1780803720000,61554.1,61639.9,61545.1,61639.8
1780803900000,61639.8,61639.9,61547.8,61600.0
1780804080000,61600.0,61608.6,61573.7,61602.6
1780804260000,61602.6,61615.5,61578.3,61612.6
1780804440000,61612.6,61644.2,61594.6,61629.0
1780804620000,61629.0,61711.4,61611.7,61671.1
1780804800000,61671.1,61680.6,61541.3,61549.9
1780804980000,61549.9,61610.0,61529.0,61575.9
1780805160000,61575.9,61599.9,61543.2,61599.9
1780805340000,61599.9,61614.3,61479.6,61492.9
1780805520000,61492.9,61521.9,61480.0,61521.9
1780805700000,61521.9,61579.6,61521.9,61559.2
1780805880000,61559.2,61606.7,61559.8,61570.1
1780806060000,61570.1,61573.0,61493.5,61528.6
1780806240000,61528.6,61528.6,61447.1,61489.6
1780806420000,61489.6,61534.8,61470.1,61524.9
1780806600000,61524.9,61564.4,61511.4,61532.5
1780806780000,61532.5,61644.9,61532.4,61644.9
1780806960000,61644.9,61677.5,61620.0,61677.5
1780807140000,61677.5,61739.6,61654.6,61734.9
1780807320000,61734.9,61809.9,61689.0,61707.5
1780807500000,61707.5,61750.0,61662.0,61749.9
1780807680000,61749.9,61816.6,61749.9,61816.5
1780807860000,61816.5,61830.0,61762.4,61796.9
1780808040000,61796.9,61859.9,61795.0,61847.5
1780808220000,61847.5,61866.1,61833.5,61854.1
1780808400000,61854.1,61854.2,61783.2,61791.4
1780808580000,61791.4,61795.4,61764.6,61769.4
1780808760000,61769.4,61844.8,61761.5,61771.1
1780808940000,61771.1,61804.7,61761.5,61779.4
1780809120000,61779.4,61941.0,61761.5,61847.1
1780809300000,61847.1,61992.9,61753.0,61935.9
1780809480000,61935.9,62125.8,61800.0,61823.9
1780809660000,61823.9,61858.3,61765.7,61843.6
1780809840000,61843.6,61908.9,61801.9,61815.9
1780810020000,61815.9,61828.2,61695.1,61708.7
1780810200000,61708.7,61769.9,61629.6,61641.1
1780810380000,61641.1,61747.0,61608.5,61720.3
1780810560000,61720.3,61797.9,61702.4,61793.4
1780810740000,61793.4,61829.5,61753.1,61765.9
1780810920000,61765.9,61838.6,61753.3,61834.2
1780811100000,61834.2,61834.2,61724.1,61750.4
1780811280000,61750.4,61751.4,61672.4,61676.7
1780811460000,61676.7,61747.8,61655.6,61695.7
1780811640000,61695.7,61727.4,61671.6,61724.6
1780811820000,61724.6,61747.9,61700.1,61709.3
1780812000000,61709.3,61726.6,61616.4,61635.7
1780812180000,61635.7,61649.9,61575.5,61604.9
1780812360000,61604.9,61688.0,61600.2,61641.0
1780812540000,61641.0,61675.3,61641.0,61665.9
1780812720000,61665.9,61698.5,61636.3,61643.3
1780812900000,61643.3,61809.1,61612.4,61721.0
1780813080000,61721.0,61809.3,61710.0,61743.1
1780813260000,61743.1,61839.5,61743.0,61825.2
1780813440000,61825.2,61863.6,61760.6,61809.5
1780813620000,61809.5,61990.4,61809.5,61945.9
1780813800000,61945.9,62060.0,61934.5,62030.5
1780813980000,62030.5,62122.8,62016.3,62094.5
1780814160000,62094.5,62247.5,62062.4,62081.8
1780814340000,62081.8,62223.2,62052.8,62120.7
1780814520000,62120.7,62194.9,62106.0,62169.0
1780814700000,62169.0,62213.6,62074.8,62081.7
1780814880000,62081.7,62119.9,62076.6,62085.0
1780815060000,62085.0,62154.5,62032.5,62037.1
1780815240000,62037.1,62056.4,62007.9,62052.6
1780815420000,62052.6,62143.8,62046.5,62080.2
1780815600000,62080.2,62080.2,61954.3,62059.0
1780815780000,62059.0,62179.2,62059.0,62124.3
1780815960000,62124.3,62220.4,62094.7,62138.2
1780816140000,62138.2,62168.9,62112.2,62114.8
1780816320000,62114.8,62129.9,62080.1,62104.1
1780816500000,62104.1,62171.2,62069.7,62069.8
1780816680000,62069.8,62118.2,62026.5,62099.9
1780816860000,62099.9,62122.1,62054.1,62116.5
1780817040000,62116.5,62225.9,62116.5,62201.2
1780817220000,62201.2,62209.8,62150.3,62204.3
1780817400000,62204.3,62239.3,62185.7,62217.7
1780817580000,62217.7,62230.0,62184.3,62222.2
1780817760000,62222.2,62229.0,62172.4,62173.9
1780817940000,62173.9,62215.0,62169.5,62188.9
1780818120000,62188.9,62200.0,62154.6,62196.9
1780818300000,62196.9,62200.0,62150.0,62199.9
1780818480000,62199.9,62220.0,62185.9,62193.2
1780818660000,62193.2,62229.9,62177.1,62228.8
1780818840000,62228.8,62346.9,62228.8,62343.1
1780819020000,62343.1,62380.0,62312.7,62365.9
1780819200000,62365.9,62399.9,62329.9,62399.7
1780819380000,62399.7,62406.5,62217.4,62296.3
1780819560000,62296.3,62312.6,62222.6,62310.2
1780819740000,62310.2,62350.7,62280.0,62280.1
1780819920000,62280.1,62348.5,62280.0,62343.3
1780820100000,62343.3,62343.2,62280.0,62299.7
1780820280000,62299.7,62369.4,62293.6,62344.3
1780820460000,62344.3,62459.5,62344.2,62440.1
1780820640000,62440.1,62460.0,62392.9,62459.9
1780820820000,62459.9,62550.0,62452.8,62500.0
1780821000000,62500.0,62519.9,62428.5,62440.0
1780821180000,62440.0,62496.6,62427.6,62490.5
1780821360000,62490.5,62636.9,62490.5,62630.4
1780821540000,62630.4,62630.9,62355.9,62414.9
1780821720000,62414.9,62528.0,62389.0,62525.0
1780821900000,62525.0,62775.3,62524.9,62749.2
1780822080000,62749.2,62942.3,62722.6,62778.2
1780822260000,62778.2,62788.7,62690.4,62698.3
1780822440000,62698.3,62861.8,62695.1,62792.8
1780822620000,62792.8,62847.6,62730.5,62822.9
1780822800000,62822.9,62846.3,62745.5,62837.5
1780822980000,62837.5,62837.5,62756.3,62827.6
1780823160000,62827.6,62886.7,62766.2,62776.4
1780823340000,62776.4,62818.4,62758.1,62773.3
1780823520000,62773.3,62800.0,62681.0,62799.9
1780823700000,62799.9,62864.2,62715.8,62775.7
1780823880000,62775.7,62795.4,62690.8,62712.2
1780824060000,62712.2,62733.9,62610.6,62630.8
1780824240000,62630.8,62640.0,62574.7,62596.8
1780824420000,62596.8,62670.5,62596.7,62663.4
1780824600000,62663.4,62667.9,62540.1,62585.5
1780824780000,62585.5,62585.6,62503.6,62503.7
1780824960000,62503.7,62533.1,62464.3,62533.1
1780825140000,62533.1,62580.0,62483.1,62496.3
1780825320000,62496.3,62549.3,62485.8,62513.3
1780825500000,62513.3,62520.2,62377.6,62400.5
1780825680000,62400.5,62502.4,62387.8,62497.7
1780825860000,62497.7,62604.4,62490.0,62597.3
1780826040000,62597.3,62615.1,62495.0,62500.1
1780826220000,62500.1,62539.9,62476.1,62509.9
1780826400000,62509.9,62545.9,62356.8,62376.6
1780826580000,62376.6,62429.8,62363.6,62372.5
1780826760000,62372.5,62410.0,62361.6,62383.1
1780826940000,62383.1,62392.1,62352.4,62392.1
1780827120000,62392.1,62439.2,62353.6,62380.0
1780827300000,62380.0,62454.0,62377.8,62431.9
1780827480000,62431.9,62443.8,62367.4,62387.9
1780827660000,62387.9,62494.4,62385.0,62489.9
1780827840000,62489.9,62547.0,62480.5,62499.9
1780828020000,62499.9,62499.9,62440.0,62481.1
1780828200000,62481.1,62534.9,62408.9,62436.7
1780828380000,62436.7,62473.2,62342.5,62444.0
1780828560000,62444.0,62441.9,62290.9,62310.1
1780828740000,62310.1,62342.9,62279.0,62290.0
1780828920000,62290.0,62348.0,62290.0,62336.7
1780829100000,62336.7,62336.7,62283.1,62302.2
1780829280000,62302.2,62407.6,62272.6,62323.5
1780829460000,62323.5,62401.9,62289.4,62353.3
1780829640000,62353.3,62410.0,62333.1,62395.0
1780829820000,62395.0,62439.9,62322.8,62343.6
1780830000000,62343.6,62411.6,62343.6,62350.0
1780830180000,62350.0,62395.5,62333.0,62380.0
1780830360000,62380.0,62450.1,62336.5,62425.9
1780830540000,62425.9,62496.5,62425.9,62478.7
1780830720000,62478.7,62495.3,62395.2,62428.3
1780830900000,62428.3,62485.8,62387.6,62483.1
1780831080000,62483.1,62485.8,62407.2,62462.3
1780831260000,62462.3,62490.0,62425.5,62489.9
1780831440000,62489.9,62525.6,62487.0,62494.1
1780831620000,62494.1,62529.8,62476.0,62496.4
1780831800000,62496.4,62533.9,62472.8,62497.5
1780831980000,62497.5,62500.0,62413.6,62495.9
1780832160000,62495.9,62635.6,62495.9,62621.9
1780832340000,62621.9,62641.0,62598.1,62610.0
1780832520000,62610.0,62659.1,62610.0,62658.9
1780832700000,62658.9,62730.5,62634.9,62712.7
1780832880000,62712.7,62727.0,62613.5,62622.5
1780833060000,62622.5,62635.4,62553.7,62584.6
1780833240000,62584.6,62646.9,62540.0,62580.9
1780833420000,62580.9,62639.9,62565.6,62598.8
1780833600000,62598.8,62610.0,62540.0,62540.0
1780833780000,62540.0,62617.7,62540.0,62616.1
1780833960000,62616.1,62616.2,62524.1,62530.8
1780834140000,62530.8,62546.3,62170.6,62208.1
1780834320000,62208.1,62268.9,62006.7,62054.9
1780834500000,62054.9,62205.0,61878.0,61909.6
1780834680000,61909.6,62079.5,61838.4,62047.1
1780834860000,62047.1,62134.1,61901.0,61909.3
1780835040000,61909.3,61971.9,61878.7,61909.2
1780835220000,61909.2,62007.8,61900.8,61920.6
1780835400000,61920.6,61926.0,61849.7,61851.8
1780835580000,61851.8,61872.7,61646.9,61797.6
1780835760000,61797.6,61881.4,61758.7,61875.0
1780835940000,61875.0,61899.4,61733.0,61774.7
1780836120000,61774.7,61786.2,61543.2,61623.8
1780836300000,61623.8,61803.2,61607.1,61797.9
1780836480000,61797.9,61846.7,61762.8,61819.9
1780836660000,61819.9,61842.2,61709.4,61715.6
1780836840000,61715.6,61829.9,61715.7,61791.7
1780837020000,61791.7,61976.3,61788.4,61871.0
1780837200000,61871.0,61871.1,61789.5,61791.3
1780837380000,61791.3,61808.7,61717.9,61717.9
1780837560000,61717.9,61791.1,61680.1,61704.9
1780837740000,61704.9,61755.9,61669.3,61717.0
1780837920000,61717.0,61750.0,61619.9,61749.9
1780838100000,61749.9,61778.0,61630.1,61650.0
1780838280000,61650.0,61712.5,61628.1,61664.9
1780838460000,61664.9,61700.7,61638.1,61678.7
1780838640000,61678.7,61727.2,61661.4,61721.9
1780838820000,61721.9,61828.9,61721.8,61825.1
1780839000000,61825.1,61880.0,61755.2,61796.8
1780839180000,61796.8,61822.7,61762.4,61762.5
1780839360000,61762.5,61783.0,61640.9,61689.3
1780839540000,61689.3,61720.0,61655.1,61666.7
1780839720000,61666.7,61733.6,61666.6,61708.9
1780839900000,61708.9,61750.0,61706.8,61718.0
1780840080000,61718.0,61755.2,61660.3,61755.2
1780840260000,61755.2,61794.8,61737.8,61744.9
1780840440000,61744.9,61767.2,61694.3,61758.3
1780840620000,61758.3,61758.3,61675.0,61675.0
1780840800000,61675.0,61776.4,61675.0,61772.3
1780840980000,61772.3,61776.6,61720.9,61773.6
1780841160000,61773.6,61775.5,61730.1,61730.9
1780841340000,61730.9,61770.7,61730.7,61767.9
1780841520000,61767.9,61796.0,61762.4,61762.5
1780841700000,61762.5,61877.0,61715.8,61877.0
1780841880000,61877.0,62056.4,61843.0,61997.1
1780842060000,61997.1,62039.3,61881.7,61997.4
1780842240000,61997.4,62127.3,61968.4,62045.0
1780842420000,62045.0,62117.8,62000.0,62057.8
1780842600000,62057.8,62283.6,62057.7,62225.5
1780842780000,62225.5,62260.0,62167.7,62200.0
1780842960000,62200.0,62247.0,62152.3,62152.4
1780843140000,62152.4,62154.3,61920.5,61942.3
1780843320000,61942.3,62000.3,61896.6,61965.9
1780843500000,61965.9,61966.0,61763.1,61827.9
1780843680000,61827.9,61847.2,61710.0,61791.4
1780843860000,61791.4,61894.7,61791.4,61833.5
1780844040000,61833.5,61894.9,61822.3,61888.1
1780844220000,61888.1,61904.2,61850.3,61877.8
1780844400000,61877.8,61871.9,61765.0,61765.1
1780844580000,61765.1,61796.7,61649.9,61657.4
1780844760000,61657.4,61819.6,61640.1,61780.7
1780844940000,61780.7,61805.1,61724.8,61790.5
1780845120000,61790.5,61832.8,61756.5,61809.7
1780845300000,61809.7,61870.0,61700.1,61700.5
1780845480000,61700.5,61776.8,61684.8,61707.8
1780845660000,61707.8,61811.2,61707.7,61780.8
1780845840000,61780.8,61863.4,61774.8,61849.7
1780846020000,61849.7,61945.3,61793.9,61936.4
1780846200000,61936.4,62080.4,61929.7,62018.0
1780846380000,62018.0,62069.8,61923.2,62024.4
1780846560000,62024.4,62050.0,61975.9,62037.4
1780846740000,62037.4,62130.6,62037.0,62117.0
1780846920000,62117.0,62117.3,62038.2,62072.9
1780847100000,62072.9,62072.8,61968.9,62030.0
1780847280000,62030.0,62054.9,61941.0,62021.4
1780847460000,62021.4,62188.0,62018.1,62136.0
1780847640000,62136.0,62136.0,61961.1,62022.3
1780847820000,62022.3,62071.7,62002.5,62071.6
1780848000000,62071.6,62099.6,61981.2,61987.1
1780848180000,61987.1,62024.8,61948.1,61977.6
1780848360000,61977.6,61999.9,61931.2,61946.5
1780848540000,61946.5,62054.6,61935.0,61942.8
1780848720000,61942.8,62165.0,61942.9,62130.9
1780848900000,62130.9,62182.1,62071.8,62152.5
1780849080000,62152.5,62228.0,62125.5,62227.9
1780849260000,62227.9,62248.9,62190.8,62221.3
1780849440000,62221.3,62301.2,62205.6,62205.6
1780849620000,62205.6,62205.7,62111.6,62143.5
1780849800000,62143.5,62262.8,62121.0,62236.5
1780849980000,62236.5,62250.0,62191.6,62191.6
1780850160000,62191.6,62225.0,62172.0,62210.0
1780850340000,62210.0,62219.9,62140.0,62149.8
1780850520000,62149.8,62180.1,62124.1,62124.2
1780850700000,62124.2,62196.5,62124.2,62130.3
1780850880000,62130.3,62200.0,62125.7,62173.2
1780851060000,62173.2,62212.8,62150.4,62150.4
1780851240000,62150.4,62174.0,61948.0,61996.5
1780851420000,61996.5,62055.8,61965.0,62054.1
1780851600000,62054.1,62119.9,62012.3,62086.8
1780851780000,62086.8,62237.8,62081.9,62161.9
1780851960000,62161.9,62279.7,62154.5,62265.0
1780852140000,62265.0,62277.3,62200.0,62200.0
1780852320000,62200.0,62299.9,62200.0,62256.9
1780852500000,62256.9,62294.0,62222.6,62235.4
1780852680000,62235.4,62273.5,62229.0,62253.5
1780852860000,62253.5,62294.7,62202.4,62254.3
1780853040000,62254.3,62255.9,62202.8,62213.4
1780853220000,62213.4,62240.9,62208.1,62216.5
1780853400000,62216.5,62268.0,62199.1,62244.8
1780853580000,62244.8,62273.7,62198.9,62248.6
1780853760000,62248.6,62288.8,62241.6,62254.5
1780853940000,62254.5,62277.1,62200.1,62266.5
1780854120000,62266.5,62288.9,62224.3,62242.8
1780854300000,62242.8,62238.3,62182.0,62182.0
1780854480000,62182.0,62199.9,62081.3,62172.6
1780854660000,62172.6,62199.9,62061.6,62122.9
1780854840000,62122.9,62174.6,62122.9,62145.1
1780855020000,62145.1,62153.0,62121.0,62129.6
1780855200000,62129.6,62218.5,62121.4,62182.7
1780855380000,62182.7,62198.7,62120.4,62152.1
1780855560000,62152.1,62199.1,62141.8,62199.0
1780855740000,62199.0,62218.0,62179.5,62195.8
1780855920000,62195.8,62267.2,62169.9,62246.8
1780856100000,62246.8,62246.9,62107.4,62115.3
1780856280000,62115.3,62155.4,62111.8,62153.2
1780856460000,62153.2,62190.0,62150.0,62154.3
1780856640000,62154.3,62185.5,62154.2,62180.3
1780856820000,62180.3,62208.6,62167.8,62196.1
1780857000000,62196.1,62254.9,62178.0,62254.9
1780857180000,62254.9,62266.0,62189.0,62221.1
1780857360000,62221.1,62225.0,62130.1,62160.3
1780857540000,62160.3,62187.0,62142.6,62152.1
1780857720000,62152.1,62184.0,62152.1,62173.1
1780857900000,62173.1,62208.4,62171.2,62192.2
1780858080000,62192.2,62207.8,62055.0,62061.0
1780858260000,62061.0,62082.5,62028.0,62058.3
1780858440000,62058.3,62082.2,62058.3,62079.9
1780858620000,62079.9,62120.9,61988.5,61998.2
1780858800000,61998.2,62009.1,61688.8,61707.2
1780858980000,61707.2,61855.0,61658.1,61689.7
1780859160000,61689.7,61700.0,61577.0,61583.8
1780859340000,61583.8,61741.2,61544.4,61704.3
1780859520000,61704.3,61736.5,61618.8,61629.1
1780859700000,61629.1,61627.9,61352.6,61366.0
1780859880000,61366.0,61398.5,61240.1,61336.8
1780860060000,61336.8,61489.1,61335.0,61472.5
1780860240000,61472.5,61484.4,61280.0,61359.0
1780860420000,61359.0,61472.5,61324.3,61456.1
1780860600000,61456.1,61469.3,61325.0,61325.9
1780860780000,61325.9,61414.3,61260.0,61285.0
1780860960000,61285.0,61350.0,61270.0,61307.2
1780861140000,61307.2,61322.6,61213.5,61292.6
1780861320000,61292.6,61300.2,61167.3,61191.6
1780861500000,61191.6,61279.8,61152.3,61197.0
1780861680000,61197.0,61443.0,61189.6,61288.1
1780861860000,61288.1,61441.6,61275.7,61275.8
1780862040000,61275.8,61335.6,61259.0,61281.2
1780862220000,61281.2,61305.8,61239.2,61303.8
1780862400000,61303.8,61343.3,61189.5,61329.5
1780862580000,61329.5,61513.6,61329.6,61469.1
1780862760000,61469.1,61549.5,61469.0,61493.6
1780862940000,61493.6,61685.0,61493.3,61587.2
1780863120000,61587.2,61603.4,61510.6,61555.6
1780863300000,61555.6,61555.7,61425.5,61492.6
1780863480000,61492.6,61647.1,61494.9,61603.2
1780863660000,61603.2,61872.0,61597.8,61782.7
1780863840000,61782.7,61789.7,61682.3,61783.8
1780864020000,61783.8,61782.0,61707.7,61715.1
1780864200000,61715.1,61786.7,61709.0,61741.7
1780864380000,61741.7,61800.0,61731.1,61780.2
1780864560000,61780.2,61780.2,61680.1,61698.6
1780864740000,61698.6,61714.1,61668.6,61694.7
1780864920000,61694.7,61779.2,61694.6,61760.5
1780865100000,61760.5,61788.0,61730.3,61787.9
1780865280000,61787.9,61875.3,61763.1,61859.8
1780865460000,61859.8,61947.3,61830.4,61851.4
1780865640000,61851.4,61867.7,61806.2,61848.0
1780865820000,61848.0,61914.8,61843.1,61843.1
1780866000000,61843.1,61898.8,61815.2,61815.3
1780866180000,61815.3,61815.3,61669.7,61740.0
1780866360000,61740.0,61759.9,61700.0,61721.7
1780866540000,61721.7,61817.6,61709.8,61817.5
1780866720000,61817.5,61980.0,61814.8,61925.8
1780866900000,61925.8,61979.9,61833.0,61846.6
1780867080000,61846.6,61899.9,61736.5,61736.5
1780867260000,61736.5,61778.2,61685.0,61773.2
1780867440000,61773.2,61814.0,61753.6,61794.3
1780867620000,61794.3,61828.7,61737.7,61754.3
1780867800000,61754.3,61823.3,61746.5,61764.7
1780867980000,61764.7,61785.9,61655.4,61762.6
1780868160000,61762.6,61802.7,61710.2,61766.1
1780868340000,61766.1,61807.6,61690.1,61690.7
1780868520000,61690.7,61710.8,61677.4,61680.2
1780868700000,61680.2,61735.5,61680.2,61686.2
1780868880000,61686.2,61723.8,61634.8,61637.4
1780869060000,61637.4,61675.9,61636.1,61637.1
1780869240000,61637.1,61719.4,61618.5,61689.6
1780869420000,61689.6,61768.1,61689.5,61754.9
1780869600000,61754.9,61841.7,61690.3,61827.4
1780869780000,61827.4,61872.2,61763.0,61763.0
1780869960000,61763.0,61857.4,61713.0,61840.8
1780870140000,61840.8,61999.0,61819.2,61999.0
1780870320000,61999.0,63761.3,61999.0,63727.4
1780870500000,63727.4,64228.6,63229.1,63414.0
1780870680000,63414.0,63518.0,63056.5,63111.6
1780870860000,63111.6,63190.5,62950.4,62984.8
1780871040000,62984.8,63049.9,62854.6,63031.9
1780871220000,63031.9,63092.2,62900.6,62968.2
1780871400000,62968.2,63049.8,62780.9,62782.4
1780871580000,62782.4,63124.3,62756.5,63109.4
1780871760000,63109.4,63376.3,63074.1,63256.5
1780871940000,63256.5,63259.9,62999.9,63016.6
1780872120000,63016.6,63154.5,62982.9,63133.3
1780872300000,63133.3,63285.6,63116.0,63130.3
1780872480000,63130.3,63191.9,63048.5,63128.8
1780872660000,63128.8,63172.8,63070.5,63105.0
1780872840000,63105.0,63101.7,62822.3,62880.6
1780873020000,62880.6,62971.9,62816.0,62835.7
1780873200000,62835.7,63031.2,62792.0,62952.2
1780873380000,62952.2,62967.2,62770.4,62794.3
1780873560000,62794.3,62847.2,62762.5,62827.7
1780873740000,62827.7,62900.0,62781.4,62882.8
1780873920000,62882.8,62994.0,62809.4,62980.0
1780874100000,62980.0,63006.4,62779.9,62795.4
1780874280000,62795.4,62921.2,62774.5,62921.2
1780874460000,62921.2,62964.9,62819.0,62885.2
1780874640000,62885.2,63171.5,62885.1,63159.7
1780874820000,63159.7,63248.7,63161.6,63231.2
1780875000000,63231.2,63291.9,63160.5,63291.7
1780875180000,63291.7,63291.8,63087.5,63088.5
1780875360000,63088.5,63218.8,63088.5,63190.2
1780875540000,63190.2,63218.1,63140.8,63154.6
1780875720000,63154.6,63280.4,63154.6,63265.5
1780875900000,63265.5,63368.9,63224.8,63342.1
1780876080000,63342.1,63428.0,63178.6,63198.1
1780876260000,63198.1,63232.2,63073.6,63141.4
1780876440000,63141.4,63199.5,63108.5,63184.1
1780876620000,63184.1,63310.5,63178.1,63297.8
1780876800000,63297.8,63316.3,63159.5,63168.2
1780876980000,63168.2,63279.4,63119.5,63127.3
1780877160000,63127.3,63264.2,63127.3,63191.4
1780877340000,63191.4,63249.9,63111.3,63142.9
1780877520000,63142.9,63225.9,63142.9,63215.4
1780877700000,63215.4,63248.4,63134.1,63238.9
1780877880000,63238.9,63246.9,63114.2,63205.0
1780878060000,63205.0,63269.4,63137.8,63221.8
1780878240000,63221.8,63423.0,63215.8,63367.8
1780878420000,63367.8,63490.5,63346.2,63472.6
1780878600000,63472.6,63584.9,63372.0,63416.6
1780878780000,63416.6,63495.8,63386.6,63474.3
1780878960000,63474.3,63705.1,63474.3,63654.6
1780879140000,63654.6,63840.0,63611.7,63684.9
1780879320000,63684.9,63777.5,63657.8,63688.3
1780879500000,63688.3,63698.4,63528.9,63557.7
1780879680000,63557.7,63718.0,63536.0,63650.6
1780879860000,63650.6,63766.4,63650.5,63720.5
1780880040000,63720.5,63720.5,63551.7,63551.8
1780880220000,63551.8,63630.4,63517.3,63599.2
1780880400000,63599.2,63619.4,63419.1,63470.3
1780880580000,63470.3,63483.2,63285.5,63312.8
1780880760000,63312.8,63350.0,63275.5,63308.2
1780880940000,63308.2,63329.0,63170.3,63205.6
1780881120000,63205.6,63232.7,63026.9,63037.9
1780881300000,63037.9,63045.0,62928.5,63033.3
1780881480000,63033.3,63148.9,62950.0,62962.7
1780881660000,62962.7,63084.8,62950.1,63002.8
1780881840000,63002.8,63000.7,62763.2,62918.6
1780882020000,62918.6,62979.9,62720.7,62797.4
1780882200000,62797.4,63011.5,62682.0,62940.4
1780882380000,62940.4,63070.5,62848.5,63013.8
1780882560000,63013.8,63020.0,62922.4,63020.0
1780882740000,63020.0,63074.6,62960.3,63052.8
1780882920000,63052.8,63099.2,63012.7,63093.2
1780883100000,63093.2,63161.5,63066.9,63086.9
1780883280000,63086.9,63114.8,62958.6,62980.9
1780883460000,62980.9,63143.4,62980.9,63004.5
1780883640000,63004.5,63227.9,62985.1,63214.4
1780883820000,63214.4,63222.0,63106.3,63185.1
1780884000000,63185.1,63238.3,63083.7,63117.8
1780884180000,63117.8,63160.3,62994.6,63038.3
1780884360000,63038.3,63137.6,62990.7,62995.2
1780884540000,62995.2,63079.9,62971.4,63029.4
1780884720000,63029.4,63148.6,63026.0,63098.1
1780884900000,63098.1,63098.2,62981.2,63042.8
1780885080000,63042.8,63042.8,62932.9,62995.9
1780885260000,62995.9,63068.0,62995.8,63055.3
1780885440000,63055.3,63196.9,63036.2,63174.9
1780885620000,63174.9,63187.3,62992.0,63081.3
1780885800000,63081.3,63170.5,62976.6,63028.1
1780885980000,63028.1,63028.1,62919.9,62919.9
1780886160000,62919.9,63053.4,62881.9,63032.4
1780886340000,63032.4,63104.1,62979.8,63000.0
1780886520000,63000.0,63039.5,62991.3,63038.0
1780886700000,63038.0,63038.1,62981.0,62993.7
1780886880000,62993.7,63108.3,62912.3,63108.2
1780887060000,63108.2,63117.2,63045.0,63048.6
1780887240000,63048.6,63090.0,63037.6,63051.9
1780887420000,63051.9,63109.7,63040.2,63097.2
1780887600000,63097.2,63112.6,63042.4,63042.4
1780887780000,63042.4,63055.8,62944.1,62960.0
1780887960000,62960.0,63120.4,62957.2,63115.0
1780888140000,63115.0,63438.2,63106.4,63287.8
1780888320000,63287.8,63299.0,63220.1,63253.2
1780888500000,63253.2,63290.0,63210.6,63236.0
1780888680000,63236.0,63246.0,63148.6,63245.9
1780888860000,63245.9,63338.1,63203.3,63203.3
1780889040000,63203.3,63250.0,63176.4,63194.5
1780889220000,63194.5,63219.7,63117.3,63121.9
1780889400000,63121.9,63205.4,63119.1,63164.9
1780889580000,63164.9,63180.0,63147.0,63158.7
1780889760000,63158.7,63162.0,63039.7,63048.3
1780889940000,63048.3,63167.8,63044.2,63162.9
1780890120000,63162.9,63181.1,63078.3,63120.0
1780890300000,63120.0,63141.2,63078.6,63078.7
1780890480000,63078.7,63088.5,63050.6,63064.8
1780890660000,63064.8,63100.0,63046.4,63091.4
1780890840000,63091.4,63150.0,63076.4,63149.9
1780891020000,63149.9,63157.7,63082.2,63101.6
1780891200000,63101.6,63150.0,63087.4,63087.5
1780891380000,63087.5,63088.8,62913.0,62916.9
1780891560000,62916.9,62944.9,62776.8,62907.7
1780891740000,62907.7,62985.4,62905.4,62939.1
1780891920000,62939.1,62981.0,62869.6,62975.7
1780892100000,62975.7,63017.8,62902.1,63010.0
1780892280000,63010.0,63017.2,62821.8,62830.1
1780892460000,62830.1,62919.8,62809.1,62858.9
1780892640000,62858.9,62948.9,62843.1,62930.0
1780892820000,62930.0,62936.9,62892.2,62910.0
1780893000000,62910.0,62962.5,62843.3,62929.6
1780893180000,62929.6,62928.5,62758.3,62769.0
1780893360000,62769.0,62807.3,62750.0,62755.2
1780893540000,62755.2,62785.3,62711.9,62720.9
1780893720000,62720.9,62723.7,62624.7,62676.7
1780893900000,62676.7,62817.0,62672.9,62783.7
1780894080000,62783.7,62860.6,62781.5,62800.1
1780894260000,62800.1,62875.6,62725.4,62810.6
1780894440000,62810.6,62808.9,62734.6,62779.2
1780894620000,62779.2,62779.1,62648.3,62654.8
1780894800000,62654.8,62800.0,62654.7,62800.0
1780894980000,62800.0,62800.0,62677.0,62677.0
1780895160000,62677.0,62677.1,62529.3,62592.5
1780895340000,62592.5,62715.1,62577.0,62620.0
1780895520000,62620.0,62620.1,62514.7,62553.9
1780895700000,62553.9,62622.0,62465.7,62608.9
1780895880000,62608.9,62650.0,62581.0,62590.2
1780896060000,62590.2,62651.5,62587.7,62610.5
1780896240000,62610.5,62631.1,62536.8,62591.7
1780896420000,62591.7,62719.2,62586.7,62703.9
1780896600000,62703.9,62714.9,62585.8,62613.8
1780896780000,62613.8,62672.6,62491.2,62505.0
1780896960000,62505.0,62569.2,62420.1,62518.0
1780897140000,62518.0,62530.7,62387.0,62404.0
1780897320000,62404.0,62508.6,62377.0,62446.6
1780897500000,62446.6,62557.9,62426.1,62505.5
1780897680000,62505.5,62591.3,62487.2,62580.1
1780897860000,62580.1,62661.0,62561.2,62576.5
1780898040000,62576.5,62755.7,62576.4,62729.5
1780898220000,62729.5,62750.0,62662.8,62740.8
1780898400000,62740.8,62936.6,62702.1,62826.0
1780898580000,62826.0,62907.2,62802.4,62807.1
1780898760000,62807.1,62881.1,62804.0,62855.5
1780898940000,62855.5,62952.8,62845.9,62921.0
1780899120000,62921.0,62943.0,62885.2,62915.2
1780899300000,62915.2,62929.9,62850.1,62916.7
1780899480000,62916.7,63119.7,62916.7,63000.0
1780899660000,63000.0,63090.0,62982.0,63007.8
1780899840000,63007.8,63043.9,62930.9,63007.5
1780900020000,63007.5,63068.9,63001.3,63040.1
1780900200000,63040.1,63052.0,63004.4,63035.2
1780900380000,63035.2,63073.6,62973.3,62977.2
1780900560000,62977.2,63016.8,62881.3,62903.2
1780900740000,62903.2,62976.7,62902.9,62933.2
1780900920000,62933.2,63019.8,62901.9,63001.7
1780901100000,63001.7,63015.9,62946.3,62969.1
1780901280000,62969.1,62969.1,62900.1,62939.6
1780901460000,62939.6,62984.0,62935.2,62977.5
1780901640000,62977.5,62987.6,62950.0,62968.7
1780901820000,62968.7,62978.9,62918.1,62954.9
1780902000000,62954.9,62994.9,62880.0,62889.5
1780902180000,62889.5,62953.5,62785.7,62809.3
1780902360000,62809.3,62934.7,62779.0,62921.5
1780902540000,62921.5,63037.8,62889.7,63025.7
1780902720000,63025.7,63178.0,63023.2,63058.6
1780902900000,63058.6,63135.9,62944.5,63097.4
1780903080000,63097.4,63147.0,63021.6,63130.2
1780903260000,63130.2,63196.8,63104.9,63148.3
1780903440000,63148.3,63187.0,63117.3,63176.3
1780903620000,63176.3,63223.1,63136.8,63152.1
1780903800000,63152.1,63241.0,63143.7,63146.8
1780903980000,63146.8,63208.7,63129.8,63181.2
1780904160000,63181.2,63212.8,63158.0,63175.0
1780904340000,63175.0,63246.8,63142.7,63142.8
1780904520000,63142.8,63142.7,63056.2,63084.5
1780904700000,63084.5,63191.5,63072.6,63189.9
1780904880000,63189.9,63320.9,63189.8,63284.5
1780905060000,63284.5,63284.6,63209.0,63249.9
1780905240000,63249.9,63304.8,63209.0,63277.8
1780905420000,63277.8,63300.0,63215.6,63259.9
1780905600000,63259.9,63259.9,63032.4,63161.6
1780905780000,63161.6,63170.4,63099.3,63136.7
1780905960000,63136.7,63200.0,63058.3,63101.8
1780906140000,63101.8,63202.1,63070.6,63136.4
1780906320000,63136.4,63162.0,63110.9,63159.8
1780906500000,63159.8,63194.8,63013.7,63049.2
1780906680000,63049.2,63123.1,63012.1,63015.1
1780906860000,63015.1,63024.1,62955.7,63022.0
1780907040000,63022.0,63089.0,63020.8,63073.4
1780907220000,63073.4,63078.6,63001.4,63075.9
1780907400000,63075.9,63096.0,63009.6,63084.9
1780907580000,63084.9,63173.5,63077.3,63134.7
1780907760000,63134.7,63158.8,63090.0,63146.0
1780907940000,63146.0,63153.2,63062.3,63093.3
1780908120000,63093.3,63156.3,63093.2,63136.7
1780908300000,63136.7,63159.2,63019.0,63042.6
1780908480000,63042.6,63122.1,63039.5,63049.6
1780908660000,63049.6,63056.9,63000.0,63038.2
1780908840000,63038.2,63066.5,63028.1,63061.4
1780909020000,63061.4,63150.0,63048.7,63100.9
1780909200000,63100.9,63205.0,63093.5,63204.9
1780909380000,63204.9,63281.0,63193.0,63254.1
1780909560000,63254.1,63283.7,63175.1,63204.8
1780909740000,63204.8,63239.6,63102.7,63227.6
1780909920000,63227.6,63318.4,63223.8,63306.4
1780910100000,63306.4,63554.6,63261.1,63409.8
1780910280000,63409.8,63513.6,63388.9,63508.8
1780910460000,63508.8,63545.8,63445.5,63462.4
1780910640000,63462.4,63467.4,63362.2,63362.2
1780910820000,63362.2,63395.4,63348.1,63355.1
1780911000000,63355.1,63375.4,63282.5,63312.8
1780911180000,63312.8,63312.8,63129.8,63136.3
1780911360000,63136.3,63379.0,63136.2,63200.0
1780911540000,63200.0,63309.5,63168.1,63179.1
1780911720000,63179.1,63343.4,63179.1,63332.9
1780911900000,63332.9,63415.6,63299.8,63368.0
1780912080000,63368.0,63448.9,63352.1,63444.7
1780912260000,63444.7,63444.8,63382.6,63391.8
1780912440000,63391.8,63433.9,63386.2,63420.4
1780912620000,63420.4,63473.8,63395.4,63469.9
1780912800000,63469.9,63524.9,63355.5,63461.5
1780912980000,63461.5,63477.5,63373.3,63408.4
1780913160000,63408.4,63457.4,63393.6,63403.7
1780913340000,63403.7,63422.8,63338.5,63367.4
1780913520000,63367.4,63389.7,63332.7,63352.3
1780913700000,63352.3,63356.8,63278.5,63278.5
1780913880000,63278.5,63288.8,63210.0,63255.8
1780914060000,63255.8,63264.3,63188.0,63203.9
1780914240000,63203.9,63217.6,63080.4,63092.0
1780914420000,63092.0,63125.0,63071.4,63121.4
1780914600000,63121.4,63133.4,63099.3,63107.0
1780914780000,63107.0,63393.8,63100.0,63229.2
1780914960000,63229.2,63255.9,63180.5,63189.4
1780915140000,63189.4,63219.2,63176.4,63189.0
1780915320000,63189.0,63236.7,63148.3,63180.6
1780915500000,63180.6,63207.8,63058.9,63109.3
1780915680000,63109.3,63151.5,63092.4,63140.0
1780915860000,63140.0,63147.9,63056.4,63134.0
1780916040000,63134.0,63145.0,63063.1,63078.8
1780916220000,63078.8,63131.5,63078.7,63131.4
1780916400000,63131.4,63137.6,63020.0,63050.7
1780916580000,63050.7,63115.9,63040.0,63083.9
1780916760000,63083.9,63198.9,63052.4,63167.9
1780916940000,63167.9,63431.1,63167.8,63329.9
1780917120000,63329.9,63413.2,63314.6,63410.8
1780917300000,63410.8,63478.7,63335.7,63389.8
1780917480000,63389.8,63547.9,63387.0,63467.1
1780917660000,63467.1,63640.9,63467.1,63627.4
1780917840000,63627.4,63644.5,63527.8,63603.4
1780918020000,63603.4,63604.5,63545.2,63582.2
1780918200000,63582.2,63635.4,63551.3,63630.1
1780918380000,63630.1,63670.3,63503.4,63670.0
1780918560000,63670.0,63852.0,63664.9,63827.1
1780918740000,63827.1,63839.1,63655.5,63679.0
1780918920000,63679.0,63705.6,63590.9,63598.5
1780919100000,63598.5,63636.4,63471.9,63488.4
1780919280000,63488.4,63545.1,63444.0,63496.7
1780919460000,63496.7,63499.8,63431.9,63466.8
1780919640000,63466.8,63466.9,63385.4,63434.6
1780919820000,63434.6,63491.9,63392.1,63450.1
1780920000000,63450.1,63631.2,63189.9,63196.9
1780920180000,63196.9,63236.9,62749.1,62819.3
1780920360000,62819.3,63068.8,62758.6,63005.0
1780920540000,63005.0,63069.0,62949.9,63037.2
1780920720000,63037.2,63037.2,62674.8,62678.7
1780920900000,62678.7,62933.0,62676.5,62922.8
1780921080000,62922.8,62964.6,62800.1,62897.3
1780921260000,62897.3,62953.7,62820.9,62920.6
1780921440000,62920.6,63019.2,62904.7,62976.7
1780921620000,62976.7,63072.8,62962.3,63068.0
1780921800000,63068.0,63255.5,63067.9,63161.4
1780921980000,63161.4,63217.0,63151.6,63209.9
1780922160000,63209.9,63465.2,63208.0,63320.3
1780922340000,63320.3,63444.4,63320.2,63385.6
1780922520000,63385.6,63640.0,63385.5,63609.7
1780922700000,63609.7,63624.9,63501.1,63555.9
1780922880000,63555.9,63605.6,63510.4,63510.4
1780923060000,63510.4,63588.7,63486.2,63580.8
1780923240000,63580.8,63663.6,63534.9,63632.4
1780923420000,63632.4,63919.5,63632.3,63833.3
1780923600000,63833.3,63853.6,63712.8,63712.8
1780923780000,63712.8,63800.0,63683.0,63706.5
1780923960000,63706.5,63822.9,63687.0,63782.1
1780924140000,63782.1,63881.9,63738.8,63813.7
1780924320000,63813.7,63919.9,63744.7,63744.8
1780924500000,63744.8,63800.0,63665.9,63684.0
1780924680000,63684.0,63756.3,63639.0,63720.5
1780924860000,63720.5,63903.1,63720.4,63739.0
1780925040000,63739.0,63745.5,63583.9,63597.1
1780925220000,63597.1,63626.9,63540.1,63563.1
1780925400000,63563.1,63635.9,63330.7,63393.5
1780925580000,63393.5,63676.0,63331.1,63657.2
1780925760000,63657.2,63742.2,63480.1,63555.5
1780925940000,63555.5,63598.9,63423.0,63473.8
1780926120000,63473.8,63574.5,63411.5,63456.4
1780926300000,63456.4,63662.9,63447.1,63500.5
1780926480000,63500.5,63567.9,63384.6,63522.5
1780926660000,63522.5,63848.2,63522.5,63777.2
1780926840000,63777.2,63799.6,63657.2,63779.2
1780927020000,63779.2,63783.3,63650.1,63720.5
1780927200000,63720.5,63837.8,63651.0,63665.0
1780927380000,63665.0,63720.5,63531.9,63600.2
1780927560000,63600.2,63773.0,63575.4,63772.9
1780927740000,63772.9,63837.0,63697.8,63810.1
1780927920000,63810.1,63877.9,63770.0,63838.3
1780928100000,63838.3,63844.4,63571.0,63672.6
1780928280000,63672.6,63794.6,63629.0,63741.1
1780928460000,63741.1,63833.6,63688.6,63833.6
1780928640000,63833.6,63855.0,63652.5,63720.5
1780928820000,63720.5,63834.5,63705.4,63730.2
1780929000000,63730.2,63866.2,63723.3,63859.9
1780929180000,63859.9,63911.0,63776.6,63801.3
1780929360000,63801.3,63869.1,63744.5,63798.6
1780929540000,63798.6,63888.0,63754.0,63831.8
1780929720000,63831.8,63884.8,63753.5,63865.7
1780929900000,63865.7,63914.3,63847.1,63881.8
1780930080000,63881.8,63898.2,63788.2,63847.2
1780930260000,63847.2,63906.1,63807.3,63846.2
1780930440000,63846.2,63914.3,63826.8,63900.4
1780930620000,63900.4,64054.0,63900.2,63933.6
1780930800000,63933.6,64062.1,63901.8,64039.5
1780930980000,64039.5,64074.3,63840.4,63955.4
1780931160000,63955.4,64020.2,63951.9,64018.8
1780931340000,64018.8,64085.0,63985.3,64066.0
1780931520000,64066.0,64176.9,64065.9,64155.4
1780931700000,64155.4,64169.5,63901.7,63906.2
1780931880000,63906.2,64179.3,63901.9,64073.8
1780932060000,64073.8,64099.6,64017.3,64056.2
1780932240000,64056.2,64118.6,63983.1,63991.2
1780932420000,63991.2,64084.7,63962.0,63966.1
1780932600000,63966.1,63981.4,63830.7,63911.6
1780932780000,63911.6,63927.2,63776.3,63788.9
1780932960000,63788.9,63938.5,63775.0,63831.9
1780933140000,63831.9,63867.8,63780.0,63799.9
1780933320000,63799.9,63849.8,63766.6,63838.6
1780933500000,63838.6,63845.0,63785.2,63821.5
1780933680000,63821.5,63830.4,63761.0,63808.0
1780933860000,63808.0,63996.4,63786.1,63885.1
1780934040000,63885.1,63892.9,63773.6,63778.2
1780934220000,63778.2,63778.2,63673.0,63745.4
1780934400000,63745.4,63806.3,63643.4,63803.2
1780934580000,63803.2,63868.6,63765.1,63853.7
1780934760000,63853.7,63908.0,63761.9,63780.3
1780934940000,63780.3,63848.3,63751.9,63844.4
1780935120000,63844.4,63867.4,63762.5,63768.7
1780935300000,63768.7,63883.8,63762.7,63866.9
1780935480000,63866.9,63960.0,63870.2,63938.1
1780935660000,63938.1,63968.8,63874.6,63916.4
1780935840000,63916.4,64014.5,63917.3,63990.4
1780936020000,63990.4,63990.3,63826.3,63836.8
1780936200000,63836.8,63850.6,63730.0,63766.2
1780936380000,63766.2,63784.8,63611.8,63616.9
1780936560000,63616.9,63671.9,63550.5,63551.4
1780936740000,63551.4,63739.8,63551.4,63725.2
1780936920000,63725.2,63728.4,63595.9,63655.0
1780937100000,63655.0,63667.2,63530.5,63604.2
1780937280000,63604.2,63630.0,63557.0,63562.4
1780937460000,63562.4,63574.4,63507.4,63537.4
1780937640000,63537.4,63544.9,63463.9,63493.6
1780937820000,63493.6,63517.7,63431.7,63496.9
1780938000000,63496.9,63549.3,63353.7,63364.9
1780938180000,63364.9,63543.0,63271.3,63523.4
1780938360000,63523.4,63558.1,63457.6,63491.8
1780938540000,63491.8,63502.1,63339.9,63399.8
1780938720000,63399.8,63442.8,63283.9,63322.9
1780938900000,63322.9,63460.0,63323.0,63455.2
1780939080000,63455.2,63463.6,63376.8,63460.1
1780939260000,63460.1,63518.5,63460.0,63492.9
1780939440000,63492.9,63594.4,63465.2,63570.3
1780939620000,63570.3,63620.0,63523.5,63598.7
1780939800000,63598.7,63598.7,63374.6,63417.8
1780939980000,63417.8,63417.8,63305.5,63324.3
1780940160000,63324.3,63415.7,63313.3,63415.7
1780940340000,63415.7,63423.2,63261.6,63283.3
1780940520000,63283.3,63364.3,63233.6,63347.2
1780940700000,63347.2,63449.9,63347.2,63419.4
1780940880000,63419.4,63476.2,63395.0,63457.3
1780941060000,63457.3,63499.4,63440.8,63495.1
1780941240000,63495.1,63499.3,63431.3,63463.6
1780941420000,63463.6,63525.7,63463.6,63519.2
1780941600000,63519.2,63614.0,63519.1,63609.3
1780941780000,63609.3,63609.3,63542.6,63583.0
1780941960000,63583.0,63609.2,63481.6,63520.8
1780942140000,63520.8,63600.0,63501.7,63501.8
1780942320000,63501.8,63593.9,63480.4,63560.7
1780942500000,63560.7,63598.9,63500.6,63500.7
1780942680000,63500.7,63541.8,63494.5,63513.5
1780942860000,63513.5,63581.0,63497.5,63540.6
1780943040000,63540.6,63568.5,63503.7,63541.4
1780943220000,63541.4,63628.9,63522.2,63612.8
1780943400000,63612.8,63659.1,63488.7,63557.5
1780943580000,63557.5,63581.0,63472.7,63491.6
1780943760000,63491.6,63491.6,63411.0,63455.3
1780943940000,63455.3,63476.2,63394.0,63457.4
1780944120000,63457.4,63515.2,63457.4,63461.6
1780944300000,63461.6,63490.0,63365.5,63380.9
1780944480000,63380.9,63386.3,63305.0,63326.7
1780944660000,63326.7,63428.0,63320.7,63389.1
1780944840000,63389.1,63473.2,63362.4,63468.9
1780945020000,63468.9,63490.5,63407.7,63438.1
1780945200000,63438.1,63500.0,63400.0,63499.9
1780945380000,63499.9,63529.0,63435.0,63470.3
1780945560000,63470.3,63517.7,63433.1,63452.3
1780945740000,63452.3,63456.6,63349.1,63401.8
1780945920000,63401.8,63481.9,63391.2,63393.4
1780946100000,63393.4,63402.4,63332.1,63376.8
1780946280000,63376.8,63503.3,63333.3,63478.4
1780946460000,63478.4,63541.6,63424.6,63426.1
1780946640000,63426.1,63472.7,63402.3,63448.5
1780946820000,63448.5,63529.2,63446.4,63502.1
1780947000000,63502.1,63571.6,63473.2,63473.3
1780947180000,63473.3,63534.2,63457.5,63503.1
1780947360000,63503.1,63505.4,63442.9,63476.1
1780947540000,63476.1,63476.2,63400.9,63445.7
1780947720000,63445.7,63496.2,63445.7,63452.6
1780947900000,63452.6,63502.8,63422.0,63488.0
1780948080000,63488.0,63519.1,63450.7,63488.6
1780948260000,63488.6,63494.6,63363.1,63397.8
1780948440000,63397.8,63422.2,63350.0,63376.9
1780948620000,63376.9,63391.6,63317.7,63351.4
1780948800000,63351.4,63406.0,63312.7,63338.2
1780948980000,63338.2,63388.3,63331.1,63371.2
1780949160000,63371.2,63393.9,63330.7,63333.2
1780949340000,63333.2,63354.4,63272.1,63332.7
1780949520000,63332.7,63352.0,63169.1,63224.3
1780949700000,63224.3,63254.2,63133.9,63148.9
1780949880000,63148.9,63219.0,63148.9,63195.9
1780950060000,63195.9,63290.3,63174.1,63280.0
1780950240000,63280.0,63280.0,63201.1,63239.2
1780950420000,63239.2,63268.2,63131.7,63150.9
1780950600000,63150.9,63247.7,63149.9,63221.9
1780950780000,63221.9,63274.9,63205.9,63253.6
1780950960000,63253.6,63291.9,63253.0,63291.1
1780951140000,63291.1,63387.9,63291.0,63379.1
1780951320000,63379.1,63379.2,63318.3,63359.0
1780951500000,63359.0,63394.6,63334.6,63334.6
1780951680000,63334.6,63400.0,63334.7,63367.5
1780951860000,63367.5,63395.9,63361.1,63383.5
1780952040000,63383.5,63431.5,63382.5,63431.5
1780952220000,63431.5,63459.1,63407.2,63459.1
1780952400000,63459.1,63548.4,63455.1,63542.7
1780952580000,63542.7,63614.0,63522.1,63568.3
1780952760000,63568.3,63708.7,63548.4,63675.0
1780952940000,63675.0,63773.4,63671.2,63684.4
1780953120000,63684.4,63734.5,63672.6,63691.8
1780953300000,63691.8,63722.0,63631.8,63639.3
1780953480000,63639.3,63713.0,63583.7,63699.4
1780953660000,63699.4,63706.6,63614.2,63662.4
1780953840000,63662.4,63744.5,63657.0,63717.3
1780954020000,63717.3,63717.2,63662.4,63685.6
1780954200000,63685.6,63696.0,63600.0,63643.7
1780954380000,63643.7,63719.6,63643.6,63706.8
1780954560000,63706.8,63757.4,63706.7,63709.0
1780954740000,63709.0,63760.6,63695.6,63744.4
1780954920000,63744.4,63832.4,63744.3,63801.7
1780955100000,63801.7,63808.2,63715.5,63728.1
1780955280000,63728.1,63763.0,63728.0,63757.8
1780955460000,63757.8,63757.8,63713.7,63713.8
1780955640000,63713.8,63728.0,63694.1,63712.4
1780955820000,63712.4,63763.9,63690.8,63690.8
1780956000000,63690.8,63690.8,63484.8,63510.8
1780956180000,63510.8,63548.3,63480.5,63494.4
1780956360000,63494.4,63515.5,63427.2,63456.0
1780956540000,63456.0,63456.1,63379.9,63396.8
1780956720000,63396.8,63420.7,63250.0,63257.0
1780956900000,63257.0,63299.0,63230.0,63259.4
1780957080000,63259.4,63274.3,63171.2,63270.2
1780957260000,63270.2,63418.4,63262.2,63364.9
1780957440000,63364.9,63364.9,63252.1,63293.9
1780957620000,63293.9,63345.0,63286.7,63328.9
1780957800000,63328.9,63359.3,63273.4,63343.2
1780957980000,63343.2,63343.3,63205.7,63305.3
1780958160000,63305.3,63341.2,63286.1,63308.4
1780958340000,63308.4,63308.4,63265.3,63266.6
1780958520000,63266.6,63277.7,63235.7,63265.9
1780958700000,63265.9,63280.2,63215.5,63215.6
1780958880000,63215.6,63307.6,63192.7,63297.7
1780959060000,63297.7,63310.0,63271.3,63293.4
1780959240000,63293.4,63367.8,63284.3,63325.1
1780959420000,63325.1,63430.1,63296.4,63407.6
1780959600000,63407.6,63480.7,63370.1,63381.3
1780959780000,63381.3,63433.9,63366.0,63371.0
1780959960000,63371.0,63513.6,63371.0,63513.6
1780960140000,63513.6,63555.9,63431.1,63467.8
1780960320000,63467.8,63555.9,63454.6,63555.9
1780960500000,63555.9,63567.5,63258.3,63258.3
1780960680000,63258.3,63270.5,63052.1,63108.7
1780960860000,63108.7,63198.0,63040.9,63155.1
1780961040000,63155.1,63189.1,63053.6,63089.3
1780961220000,63089.3,63148.0,63078.2,63116.2
1780961400000,63116.2,63136.1,62984.3,63065.2
1780961580000,63065.2,63082.0,63002.4,63043.3
1780961760000,63043.3,63170.2,63043.3,63129.2
1780961940000,63129.2,63158.6,63069.4,63158.5
1780962120000,63158.5,63168.8,63084.8,63100.0
1780962300000,63100.0,63106.9,62983.7,62994.0
1780962480000,62994.0,63028.2,62939.8,63019.5
1780962660000,63019.5,63052.1,62996.2,63012.7
1780962840000,63012.7,63050.0,62967.5,63049.9
1780963020000,63049.9,63096.7,63040.4,63058.0
1780963200000,63058.0,63126.5,63022.2,63119.4
1780963380000,63119.4,63119.4,62988.2,63022.1
1780963560000,63022.1,63100.0,62991.6,63055.2
1780963740000,63055.2,63055.2,62982.6,63010.0
1780963920000,63010.0,63041.5,62963.8,62972.9
1780964100000,62972.9,63157.3,62949.7,63065.7
1780964280000,63065.7,63109.4,62966.6,63010.0
1780964460000,63010.0,63024.0,62851.4,62937.3
1780964640000,62937.3,62937.3,62806.3,62932.9
1780964820000,62932.9,62933.0,62672.5,62698.3
1780965000000,62698.3,62742.6,62525.0,62570.8
1780965180000,62570.8,62736.4,62562.5,62645.2
1780965360000,62645.2,62688.5,62541.7,62548.5
1780965540000,62548.5,62664.9,62540.6,62660.2
1780965720000,62660.2,62724.8,62616.3,62677.6
1780965900000,62677.6,62677.6,62470.7,62470.8
1780966080000,62470.8,62488.3,62381.4,62393.5
1780966260000,62393.5,62542.1,62393.5,62535.5
1780966440000,62535.5,62596.4,62490.7,62542.3
1780966620000,62542.3,62544.9,62450.0,62522.6
1780966800000,62522.6,62672.4,62513.5,62648.8
1780966980000,62648.8,62681.0,62591.0,62638.8
1780967160000,62638.8,62686.3,62513.0,62555.0
1780967340000,62555.0,62660.9,62558.5,62616.3
1780967520000,62616.3,62679.9,62614.9,62626.8
1780967700000,62626.8,62705.7,62586.9,62685.5
1780967880000,62685.5,62696.3,62622.8,62691.7
1780968060000,62691.7,62835.6,62665.3,62749.9
1780968240000,62749.9,62788.8,62720.1,62759.9
1780968420000,62759.9,62832.6,62750.1,62750.1
1780968600000,62750.1,62800.0,62723.6,62758.9
1780968780000,62758.9,62846.6,62738.3,62758.8
1780968960000,62758.8,62815.8,62663.0,62681.7
1780969140000,62681.7,62787.2,62675.0,62749.4
1780969320000,62749.4,62765.5,62628.8,62677.8
1780969500000,62677.8,62768.4,62677.8,62765.7
1780969680000,62765.7,62825.2,62707.9,62712.2
1780969860000,62712.2,62770.3,62667.5,62751.9
1780970040000,62751.9,62762.1,62722.3,62748.4
1780970220000,62748.4,62777.9,62731.3,62732.9
1780970400000,62732.9,62824.8,62731.3,62784.2
1780970580000,62784.2,62837.3,62696.9,62735.9
1780970760000,62735.9,62797.8,62707.4,62780.3
1780970940000,62780.3,62808.9,62712.7,62761.9
1780971120000,62761.9,62761.9,62701.8,62706.6
1780971300000,62706.6,62706.6,62588.1,62658.1
1780971480000,62658.1,62658.1,62541.8,62553.6
1780971660000,62553.6,62667.3,62545.5,62654.9
1780971840000,62654.9,62716.3,62605.2,62630.1
1780972020000,62630.1,62754.3,62626.6,62754.2
1780972200000,62754.2,62804.9,62716.5,62731.8
1780972380000,62731.8,62759.4,62590.0,62610.4
1780972560000,62610.4,62633.3,62506.8,62532.8
1780972740000,62532.8,62645.1,62519.3,62628.2
1780972920000,62628.2,62646.8,62580.0,62629.3
1780973100000,62629.3,62746.3,62629.3,62698.2
1780973280000,62698.2,62737.5,62650.1,62650.1
1780973460000,62650.1,62703.8,62619.2,62698.3
1780973640000,62698.3,62794.6,62694.3,62790.6
1780973820000,62790.6,62845.9,62780.9,62839.9
1780974000000,62839.9,62910.3,62803.8,62813.9
1780974180000,62813.9,62845.0,62776.5,62830.9
1780974360000,62830.9,62869.7,62798.9,62807.7
1780974540000,62807.7,62841.5,62780.3,62841.5
1780974720000,62841.5,62894.0,62828.0,62879.6
1780974900000,62879.6,62940.0,62876.8,62899.4
1780975080000,62899.4,62945.8,62837.2,62872.0
1780975260000,62872.0,62878.6,62780.0,62798.7
1780975440000,62798.7,62798.7,62739.2,62792.9
1780975620000,62792.9,62818.1,62766.6,62770.7
1780975800000,62770.7,62830.7,62686.9,62731.9
1780975980000,62731.9,62737.9,62664.3,62728.9
1780976160000,62728.9,62746.4,62677.1,62680.0
1780976340000,62680.0,62755.4,62680.0,62751.5
1780976520000,62751.5,62801.2,62715.1,62791.7
1780976700000,62791.7,62791.7,62737.6,62745.4
1780976880000,62745.4,62814.4,62735.6,62764.1
1780977060000,62764.1,62769.6,62720.0,62730.3
1780977240000,62730.3,62733.5,62710.0,62729.5
1780977420000,62729.5,62861.9,62729.4,62841.1
1780977600000,62841.1,62849.7,62779.8,62811.9
1780977780000,62811.9,62848.9,62715.4,62741.5
1780977960000,62741.5,62863.9,62717.7,62862.1
1780978140000,62862.1,62956.1,62850.0,62933.1
1780978320000,62933.1,62936.1,62875.9,62875.9
1780978500000,62875.9,62880.2,62841.0,62855.5
1780978680000,62855.5,62877.5,62805.0,62877.5
1780978860000,62877.5,62884.0,62828.1,62829.4
1780979040000,62829.4,62835.5,62808.7,62811.9
1780979220000,62811.9,62811.9,62760.2,62760.3
1780979400000,62760.3,62820.9,62731.1,62794.0
1780979580000,62794.0,63268.1,62777.8,63177.5
1780979760000,63177.5,63360.0,63146.3,63267.2
1780979940000,63267.2,63371.2,63218.3,63223.0
1780980120000,63223.0,63230.8,63170.6,63213.6
1780980300000,63213.6,63348.3,63183.7,63294.2
1780980480000,63294.2,63400.7,63270.3,63344.7
1780980660000,63344.7,63344.8,63221.7,63301.9
1780980840000,63301.9,63312.5,63260.8,63260.8
1780981020000,63260.8,63260.9,63213.7,63213.7
1780981200000,63213.7,63244.5,63171.9,63173.7
1780981380000,63173.7,63285.5,63163.5,63229.7
1780981560000,63229.7,63229.7,63088.0,63103.8
1780981740000,63103.8,63139.2,63089.5,63122.1
1780981920000,63122.1,63245.7,63105.7,63223.7
1780982100000,63223.7,63335.7,63223.7,63308.2
1780982280000,63308.2,63321.9,63290.0,63295.0
1780982460000,63295.0,63321.2,63270.3,63301.9
1780982640000,63301.9,63326.6,63269.8,63297.8
1780982820000,63297.8,63302.6,63280.0,63285.0
1780983000000,63285.0,63396.9,63277.0,63382.4
1780983180000,63382.4,63499.7,63369.8,63468.0
1780983360000,63468.0,63489.9,63372.6,63404.8
1780983540000,63404.8,63437.3,63369.8,63386.4
1780983720000,63386.4,63427.3,63334.0,63347.9
1780983900000,63347.9,63398.0,63340.0,63391.1
1780984080000,63391.1,63423.1,63334.1,63352.2
1780984260000,63352.2,63434.6,63322.7,63404.1
1780984440000,63404.1,63409.9,63281.8,63299.0
1780984620000,63299.0,63338.1,63286.3,63318.5
1780984800000,63318.5,63345.3,63250.4,63284.5
1780984980000,63284.5,63378.9,63273.1,63378.9
1780985160000,63378.9,63400.8,63303.9,63367.2
1780985340000,63367.2,63390.8,63289.6,63373.4
1780985520000,63373.4,63373.8,63329.2,63348.2
1780985700000,63348.2,63379.5,63319.0,63379.4
1780985880000,63379.4,63417.4,63342.5,63417.4
1780986060000,63417.4,63471.7,63408.1,63471.7
1780986240000,63471.7,63487.1,63382.6,63423.4
1780986420000,63423.4,63427.8,63383.2,63409.8
1780986600000,63409.8,63444.5,63342.6,63345.4
1780986780000,63345.4,63384.9,63343.6,63359.5
1780986960000,63359.5,63390.0,63345.2,63374.9
1780987140000,63374.9,63408.2,63296.2,63304.7
1780987320000,63304.7,63326.8,63300.1,63326.8
1780987500000,63326.8,63390.8,63326.7,63361.6
1780987680000,63361.6,63379.1,63255.0,63257.6
1780987860000,63257.6,63268.4,63202.7,63220.4
1780988040000,63220.4,63285.3,63209.6,63257.9
1780988220000,63257.9,63279.5,63246.4,63279.4
1780988400000,63279.4,63370.0,63279.4,63308.5
1780988580000,63308.5,63387.9,63308.4,63311.8
1780988760000,63311.8,63399.9,63293.8,63397.2
1780988940000,63397.2,63424.0,63392.0,63392.1
1780989120000,63392.1,63393.4,63270.1,63271.8
1780989300000,63271.8,63317.9,63233.2,63289.5
1780989480000,63289.5,63344.0,63289.5,63300.9
1780989660000,63300.9,63320.0,63282.4,63293.4
1780989840000,63293.4,63293.7,63184.3,63184.4
1780990020000,63184.4,63184.4,62973.8,62999.9
1780990200000,62999.9,63152.7,62999.9,63126.9
1780990380000,63126.9,63140.2,63078.0,63088.8
1780990560000,63088.8,63131.4,63051.4,63109.8
1780990740000,63109.8,63179.7,63109.8,63174.8
1780990920000,63174.8,63178.5,63150.5,63160.0
1780991100000,63160.0,63188.8,63140.6,63159.3
1780991280000,63159.3,63167.3,63140.5,63166.1
1780991460000,63166.1,63175.4,63087.0,63158.9
1780991640000,63158.9,63172.2,63148.4,63161.9
1780991820000,63161.9,63174.1,63152.1,63170.8
1780992000000,63170.8,63183.0,63081.2,63084.7
1780992180000,63084.7,63124.7,62931.5,62967.9
1780992360000,62967.9,62971.8,62725.5,62911.9
1780992540000,62911.9,62912.0,62738.1,62792.0
1780992720000,62792.0,62922.8,62792.0,62894.0
1780992900000,62894.0,62935.9,62866.1,62866.1
1780993080000,62866.1,62916.7,62850.0,62912.8
1780993260000,62912.8,62930.1,62857.2,62920.0
1780993440000,62920.0,62954.8,62888.6,62918.5
1780993620000,62918.5,62920.0,62840.9,62840.9
1780993800000,62840.9,62899.7,62776.3,62863.7
1780993980000,62863.7,62918.2,62846.6,62891.0
1780994160000,62891.0,62922.5,62850.7,62903.5
1780994340000,62903.5,62956.0,62891.8,62948.7
1780994520000,62948.7,62985.7,62936.3,62949.3
1780994700000,62949.3,62976.2,62891.5,62914.7
1780994880000,62914.7,62914.7,62825.2,62878.4
1780995060000,62878.4,62950.0,62867.9,62877.0
1780995240000,62877.0,62912.8,62807.5,62812.5
1780995420000,62812.5,62831.1,62800.0,62817.0
1780995600000,62817.0,62863.2,62800.0,62822.7
1780995780000,62822.7,62821.3,62788.4,62815.0
1780995960000,62815.0,62825.4,62680.0,62690.4
1780996140000,62690.4,62776.0,62690.3,62737.9
1780996320000,62737.9,62836.1,62734.4,62829.9
1780996500000,62829.9,62909.1,62824.5,62858.8
1780996680000,62858.8,62922.5,62856.5,62859.9
1780996860000,62859.9,62905.9,62850.0,62850.1
1780997040000,62850.1,62850.1,62820.0,62833.2
1780997220000,62833.2,62841.1,62788.0,62789.7
1780997400000,62789.7,62788.1,62703.1,62723.8
1780997580000,62723.8,62732.0,62584.4,62657.3
1780997760000,62657.3,62715.1,62555.5,62601.4
1780997940000,62601.4,62630.9,62575.8,62630.9
1780998120000,62630.9,62649.8,62602.3,62643.4
1780998300000,62643.4,62670.6,62634.6,62651.1
1780998480000,62651.1,62665.3,62611.8,62647.3
1780998660000,62647.3,62670.7,62631.4,62661.9
1780998840000,62661.9,62674.5,62627.2,62674.5
1780999020000,62674.5,62695.5,62674.4,62682.5
1780999200000,62682.5,62736.1,62666.7,62703.7
1780999380000,62703.7,62768.6,62703.7,62768.6
1780999560000,62768.6,62768.6,62560.9,62613.4
1780999740000,62613.4,62672.0,62576.8,62655.0
1780999920000,62655.0,62746.4,62643.1,62745.7
1781000100000,62745.7,62745.6,62673.1,62720.0
1781000280000,62720.0,62741.0,62677.7,62740.9
1781000460000,62740.9,62745.9,62665.2,62689.7
1781000640000,62689.7,62745.9,62681.0,62730.2
1781000820000,62730.2,62737.7,62692.9,62706.8
1781001000000,62706.8,62728.8,62650.0,62677.8
1781001180000,62677.8,62673.2,62602.0,62656.6
1781001360000,62656.6,62696.9,62629.7,62650.3
1781001540000,62650.3,62653.4,62625.9,62653.4
1781001720000,62653.4,62692.6,62640.0,62672.7
1781001900000,62672.7,62681.6,62613.3,62665.2
1781002080000,62665.2,62674.0,62631.8,62633.7
1781002260000,62633.7,62750.0,62630.4,62660.1
1781002440000,62660.1,62802.9,62657.1,62789.8
1781002620000,62789.8,62789.9,62750.0,62750.1
1781002800000,62750.1,62787.7,62647.3,62653.1
1781002980000,62653.1,62653.1,62533.2,62564.8
1781003160000,62564.8,62647.3,62550.3,62624.4
1781003340000,62624.4,62630.0,62548.6,62573.6
1781003520000,62573.6,62583.5,62486.4,62494.0
1781003700000,62494.0,62527.4,62490.2,62508.9
1781003880000,62508.9,62517.1,62490.4,62494.1
1781004060000,62494.1,62555.5,62460.7,62555.5
1781004240000,62555.5,62609.4,62520.5,62543.1
1781004420000,62543.1,62575.8,62543.0,62562.9
1781004600000,62562.9,62603.7,62540.2,62569.2
1781004780000,62569.2,62596.3,62557.2,62581.7
1781004960000,62581.7,62581.7,62489.0,62523.4
1781005140000,62523.4,62595.7,62520.4,62595.7
1781005320000,62595.7,62639.0,62594.6,62599.3
1781005500000,62599.3,62622.0,62589.0,62606.6
1781005680000,62606.6,62618.7,62555.1,62606.6
1781005860000,62606.6,62612.6,62581.2,62608.0
1781006040000,62608.0,62609.0,62536.5,62579.9
1781006220000,62579.9,62700.8,62579.8,62679.8
1781006400000,62679.8,62758.3,62658.4,62743.1
1781006580000,62743.1,62830.5,62722.8,62757.7
1781006760000,62757.7,62868.2,62753.6,62812.9
1781006940000,62812.9,62827.6,62760.1,62776.7
1781007120000,62776.7,62809.3,62696.9,62803.4
1781007300000,62803.4,62817.9,62712.8,62755.8
1781007480000,62755.8,62772.6,62734.5,62734.9
1781007660000,62734.9,62734.9,62630.1,62634.9
1781007840000,62634.9,62723.0,62632.5,62716.1
1781008020000,62716.1,62716.2,62607.8,62622.2
1781008200000,62622.2,62644.8,62582.7,62621.4
1781008380000,62621.4,62621.3,62507.5,62552.2
1781008560000,62552.2,62634.5,62529.4,62552.6
1781008740000,62552.6,62585.8,62521.6,62545.7
1781008920000,62545.7,62559.1,62481.3,62486.7
1781009100000,62486.7,62527.7,62405.2,62500.4
1781009280000,62500.4,62568.0,62500.4,62567.2
1781009460000,62567.2,62588.0,62517.2,62545.8
1781009640000,62545.8,62572.8,62527.2,62541.3
1781009820000,62541.3,62640.9,62520.9,62611.6
1781010000000,62611.6,62717.7,62568.5,62607.5
1781010180000,62607.5,62665.8,62550.2,62664.6
1781010360000,62664.6,62670.0,62600.5,62649.2
1781010540000,62649.2,62649.9,62614.8,62620.8
1781010720000,62620.8,62623.5,62511.9,62528.8
1781010900000,62528.8,62543.4,62468.5,62470.0
1781011080000,62470.0,62469.9,62288.0,62372.7
1781011260000,62372.7,62376.4,62248.8,62277.2
1781011440000,62277.2,62313.1,62234.5,62257.9
1781011620000,62257.9,62339.9,62258.0,62314.4
1781011800000,62314.4,62485.1,62250.6,62415.6
1781011980000,62415.6,62427.6,62252.6,62316.1
1781012160000,62316.1,62316.8,62129.0,62223.6
1781012340000,62223.6,62285.1,62125.5,62247.9
1781012520000,62247.9,62445.4,62243.8,62406.2
1781012700000,62406.2,62424.2,62318.1,62369.1
1781012880000,62369.1,62508.8,62318.2,62318.3
1781013060000,62318.3,62512.9,62300.0,62384.2
1781013240000,62384.2,62384.3,62255.1,62335.1
1781013420000,62335.1,62377.2,62236.5,62249.1
1781013600000,62249.1,62371.6,62236.6,62290.2
1781013780000,62290.2,62329.9,62089.1,62181.0
1781013960000,62181.0,62253.0,62080.8,62193.9
1781014140000,62193.9,62203.5,61948.0,62070.0
1781014320000,62070.0,62143.5,61971.4,61986.9
1781014500000,61986.9,62052.7,61826.0,61861.5
1781014680000,61861.5,61876.3,61669.9,61707.9
1781014860000,61707.9,61817.0,61620.0,61767.2
1781015040000,61767.2,61876.0,61691.6,61755.1
1781015220000,61755.1,61793.8,61523.8,61572.2
1781015400000,61572.2,61608.3,61462.5,61570.2
1781015580000,61570.2,61670.6,61402.8,61439.5
1781015760000,61439.5,61511.1,61380.2,61423.6
1781015940000,61423.6,61507.7,61337.9,61468.2
1781016120000,61468.2,61470.5,61285.5,61332.6
1781016300000,61332.6,61345.6,61099.2,61130.2
1781016480000,61130.2,61243.2,61129.0,61200.2
1781016660000,61200.2,61348.5,61200.2,61253.5
1781016840000,61253.5,61405.5,61251.6,61293.3
1781017020000,61293.3,61519.9,61293.3,61519.8
1781017200000,61519.8,61535.4,61300.1,61351.4
1781017380000,61351.4,61477.7,61346.4,61374.9
1781017560000,61374.9,61578.5,61375.2,61569.4
1781017740000,61569.4,61668.9,61562.0,61588.7
1781017920000,61588.7,61680.9,61499.0,61620.8
1781018100000,61620.8,61679.9,61550.0,61560.6
1781018280000,61560.6,61620.7,61530.1,61592.4
1781018460000,61592.4,61591.1,61362.6,61375.8
1781018640000,61375.8,61463.3,61375.8,61412.1
1781018820000,61412.1,61445.4,61269.0,61283.2
1781019000000,61283.2,61397.5,61210.7,61212.7
1781019180000,61212.7,61387.9,61200.0,61387.8
1781019360000,61387.8,61387.8,61179.0,61208.2
1781019540000,61208.2,61386.4,61202.0,61317.2
1781019720000,61317.2,61399.6,61276.3,61292.9
1781019900000,61292.9,61344.4,61200.0,61221.0
1781020080000,61221.0,61314.9,61221.0,61243.6
1781020260000,61243.6,61381.4,61226.5,61247.7
1781020440000,61247.7,61253.3,61037.9,61041.7
1781020620000,61041.7,61149.8,61001.0,61102.9
1781020800000,61102.9,61191.2,61081.0,61089.8
1781020980000,61089.8,61109.5,60937.9,60965.5
1781021160000,60965.5,61040.4,60911.5,60929.4
1781021340000,60929.4,61094.3,60908.9,61094.3
1781021520000,61094.3,61120.7,60968.8,60977.3
1781021700000,60977.3,61008.3,60909.3,60920.7
1781021880000,60920.7,61014.2,60827.7,60917.5
1781022060000,60917.5,61058.3,60876.1,61032.2
1781022240000,61032.2,61106.3,60890.1,60890.1
1781022420000,60890.1,61033.2,60890.1,61019.6
1781022600000,61019.6,61134.5,60987.7,61131.3
1781022780000,61131.3,61211.8,61071.7,61205.3
1781022960000,61205.3,61293.1,60867.2,60879.2
1781023140000,60879.2,61035.6,60755.4,61002.4
1781023320000,61002.4,61230.7,60978.0,61216.0
1781023500000,61216.0,61430.0,61201.5,61383.9
1781023680000,61383.9,61383.9,61243.0,61292.9
1781023860000,61292.9,61358.3,61137.3,61251.8
1781024040000,61251.8,61320.0,61150.2,61288.2
1781024220000,61288.2,61474.1,61281.7,61367.5
1781024400000,61367.5,61511.5,61367.4,61489.8
1781024580000,61489.8,61655.0,61470.7,61546.8
1781024760000,61546.8,61564.7,61408.6,61413.4
1781024940000,61413.4,61537.9,61367.0,61534.4
1781025120000,61534.4,61635.2,61470.0,61577.7
1781025300000,61577.7,61790.0,61550.6,61732.3
1781025480000,61732.3,61857.3,61725.6,61799.1
1781025660000,61799.1,61851.9,61702.0,61717.4
1781025840000,61717.4,61782.2,61645.6,61698.3
1781026020000,61698.3,61787.0,61692.3,61718.7
1781026200000,61718.7,61759.7,61666.0,61746.1
1781026380000,61746.1,61819.7,61705.8,61729.2
1781026560000,61729.2,61774.8,61691.3,61734.2
1781026740000,61734.2,61808.9,61685.4,61788.5
1781026920000,61788.5,61789.9,61657.1,61663.1
1781027100000,61663.1,61671.3,61602.2,61609.0
1781027280000,61609.0,61673.5,61568.1,61669.1
1781027460000,61669.1,61825.0,61628.0,61655.2
1781027640000,61655.2,61729.9,61644.1,61707.4
1781027820000,61707.4,61719.5,61657.4,61667.1
1781028000000,61667.1,61749.7,61654.5,61662.6
1781028180000,61662.6,61699.9,61580.2,61690.1
1781028360000,61690.1,61800.0,61661.4,61777.1
1781028540000,61777.1,61790.0,61650.1,61666.8
1781028720000,61666.8,61741.2,61657.2,61721.6
1781028900000,61721.6,61783.8,61678.1,61735.3
1781029080000,61735.3,61939.0,61731.1,61819.1
1781029260000,61819.1,61853.1,61717.4,61760.1
1781029440000,61760.1,61795.2,61636.6,61636.7
1781029620000,61636.7,61749.0,61627.8,61707.1
1781029800000,61707.1,61783.9,61656.5,61661.4
1781029980000,61661.4,61745.7,61661.5,61708.9
1781030160000,61708.9,61798.3,61708.8,61738.2
1781030340000,61738.2,61764.6,61675.9,61687.3
1781030520000,61687.3,61701.6,61568.5,61572.8
1781030700000,61572.8,61661.2,61576.7,61628.4
1781030880000,61628.4,61669.0,61619.6,61653.4
1781031060000,61653.4,61724.3,61653.3,61706.6
1781031240000,61706.6,61724.8,61641.8,61723.4
1781031420000,61723.4,61800.0,61723.4,61756.2
1781031600000,61756.2,61780.0,61702.5,61767.1
1781031780000,61767.1,61889.9,61748.0,61839.8
1781031960000,61839.8,61838.8,61765.0,61808.8
1781032140000,61808.8,61838.3,61759.0,61770.7
1781032320000,61770.7,61805.7,61744.8,61748.4
1781032500000,61748.4,61759.3,61685.0,61736.5
1781032680000,61736.5,61832.9,61712.8,61792.4
1781032860000,61792.4,61848.4,61761.1,61830.4
1781033040000,61830.4,61887.3,61780.8,61780.8
1781033220000,61780.8,61845.5,61746.0,61844.2
1781033400000,61844.2,62022.9,61820.7,61934.6
1781033580000,61934.6,61993.2,61895.2,61956.8
1781033760000,61956.8,61959.9,61861.5,61863.4
1781033940000,61863.4,61869.9,61735.7,61790.7
1781034120000,61790.7,61866.2,61755.9,61852.4
1781034300000,61852.4,61866.2,61762.1,61762.1
1781034480000,61762.1,61974.7,61731.5,61974.6
1781034660000,61974.6,62061.3,61945.8,61987.3
1781034840000,61987.3,62068.3,61950.0,62046.2
1781035020000,62046.2,62079.5,62026.7,62068.8
1781035200000,62068.8,62099.9,61921.0,61932.0
1781035380000,61932.0,62078.6,61936.4,62039.6
1781035560000,62039.6,62061.2,61994.4,61995.7
1781035740000,61995.7,62085.0,61988.2,62084.9
1781035920000,62084.9,62187.5,62081.5,62184.6
1781036100000,62184.6,62250.0,62113.1,62123.7
1781036280000,62123.7,62167.0,62010.9,62011.0
1781036460000,62011.0,62018.4,61973.1,61974.8
1781036640000,61974.8,62006.9,61970.4,62000.0
1781036820000,62000.0,62085.1,61999.9,62061.7
1781037000000,62061.7,62061.7,61950.0,61970.1
1781037180000,61970.1,62023.7,61970.0,62002.3
1781037360000,62002.3,62106.4,62002.2,62068.0
1781037540000,62068.0,62085.2,62036.8,62085.2
1781037720000,62085.2,62155.4,62085.2,62099.7
1781037900000,62099.7,62108.0,62031.2,62050.9
1781038080000,62050.9,62061.6,62022.2,62025.6
1781038260000,62025.6,62050.0,62015.1,62047.4
1781038440000,62047.4,62087.6,62043.2,62061.8
1781038620000,62061.8,62132.3,62061.7,62132.3
1781038800000,62132.3,62149.8,62055.0,62055.1
1781038980000,62055.1,62068.0,62007.9,62040.9
1781039160000,62040.9,62110.6,62040.8,62062.6
1781039340000,62062.6,62105.2,62062.6,62097.2
1781039520000,62097.2,62133.2,62073.8,62109.3
1781039700000,62109.3,62117.7,62004.4,62004.6
1781039880000,62004.6,62012.8,61864.0,61875.9
1781040060000,61875.9,61902.9,61791.8,61888.9
1781040240000,61888.9,61906.1,61807.3,61811.7
1781040420000,61811.7,61814.3,61744.1,61776.9
1781040600000,61776.9,61841.4,61747.5,61779.8
1781040780000,61779.8,61843.7,61779.7,61791.2
1781040960000,61791.2,61866.3,61791.2,61859.4
1781041140000,61859.4,61880.9,61815.5,61849.4
1781041320000,61849.4,61849.8,61752.6,61767.0
1781041500000,61767.0,61809.7,61720.0,61783.3
1781041680000,61783.3,61800.0,61769.4,61778.6
1781041860000,61778.6,61790.4,61688.0,61693.8
1781042040000,61693.8,61697.5,61671.9,61689.0
1781042220000,61689.0,61750.0,61660.0,61732.5
1781042400000,61732.5,61748.4,61661.2,61675.6
1781042580000,61675.6,61695.0,61633.0,61676.4
1781042760000,61676.4,61708.2,61631.0,61708.1
1781042940000,61708.1,61720.0,61690.4,61720.0
1781043120000,61720.0,61821.2,61711.3,61803.7
1781043300000,61803.7,61864.9,61776.8,61776.8
1781043480000,61776.8,61918.0,61776.9,61917.9
1781043660000,61917.9,61917.9,61830.1,61850.9
1781043840000,61850.9,61862.0,61756.0,61762.8
1781044020000,61762.8,61781.4,61753.0,61781.4
1781044200000,61781.4,61880.0,61748.1,61880.0
1781044380000,61880.0,61945.4,61848.6,61909.2
1781044560000,61909.2,61922.0,61775.0,61833.0
1781044740000,61833.0,61864.0,61747.5,61756.8
1781044920000,61756.8,61833.8,61753.4,61822.3
1781045100000,61822.3,61849.9,61798.2,61819.0
1781045280000,61819.0,61819.0,61722.1,61726.8
1781045460000,61726.8,61759.9,61657.1,61658.4
1781045640000,61658.4,61753.4,61658.4,61678.6
1781045820000,61678.6,61694.9,61637.9,61687.9
1781046000000,61687.9,61739.5,61650.0,61730.0
1781046180000,61730.0,61762.0,61684.2,61709.0
1781046360000,61709.0,61769.8,61672.5,61765.0
1781046540000,61765.0,61765.1,61616.2,61647.1
1781046720000,61647.1,61736.4,61641.8,61714.0
1781046900000,61714.0,61839.6,61691.6,61800.1
1781047080000,61800.1,61850.0,61738.8,61830.3
1781047260000,61830.3,61836.5,61714.0,61714.0
1781047440000,61714.0,61788.2,61713.5,61769.9
1781047620000,61769.9,61776.3,61647.2,61657.7
1781047800000,61657.7,61694.5,61619.3,61668.9
1781047980000,61668.9,61700.0,61519.0,61537.3
1781048160000,61537.3,61600.9,61526.4,61546.8
1781048340000,61546.8,61595.2,61548.0,61563.0
1781048520000,61563.0,61614.4,61563.0,61607.3
1781048700000,61607.3,61653.8,61586.6,61610.0
1781048880000,61610.0,61631.4,61555.2,61581.7
1781049060000,61581.7,61722.0,61559.5,61690.3
1781049240000,61690.3,61714.8,61650.8,61671.8
1781049420000,61671.8,61695.0,61647.4,61694.9
1781049600000,61694.9,61769.4,61664.5,61764.7
1781049780000,61764.7,61850.0,61750.9,61848.0
1781049960000,61848.0,61864.0,61746.9,61761.0
1781050140000,61761.0,61819.3,61730.0,61799.5
1781050320000,61799.5,61824.6,61710.5,61803.8
1781050500000,61803.8,61814.3,61710.0,61740.0
1781050680000,61740.0,61795.0,61713.3,61713.4
1781050860000,61713.4,61755.0,61689.1,61719.1
1781051040000,61719.1,61769.6,61716.1,61727.2
1781051220000,61727.2,61840.0,61714.0,61819.9
1781051400000,61819.9,61843.1,61670.7,61674.9
1781051580000,61674.9,61668.1,61556.0,61559.1
1781051760000,61559.1,61634.5,61442.0,61606.4
1781051940000,61606.4,61606.5,61470.4,61470.4
1781052120000,61470.4,61544.4,61408.5,61491.3
1781052300000,61491.3,61580.9,61465.4,61577.6
1781052480000,61577.6,61666.0,61542.0,61587.7
1781052660000,61587.7,61671.5,61577.8,61671.5
1781052840000,61671.5,61783.9,61671.5,61774.2
1781053020000,61774.2,61904.6,61778.5,61886.5
1781053200000,61886.5,61918.5,61846.3,61871.0
1781053380000,61871.0,61945.4,61827.9,61830.0
1781053560000,61830.0,61839.6,61722.5,61737.4
1781053740000,61737.4,61769.9,61638.9,61726.1
1781053920000,61726.1,61819.0,61726.1,61797.3
1781054100000,61797.3,61850.0,61755.6,61831.5
1781054280000,61831.5,61859.9,61750.4,61761.2
1781054460000,61761.2,61790.8,61723.1,61738.2
1781054640000,61738.2,61806.9,61710.2,61783.9
1781054820000,61783.9,61840.1,61751.1,61799.7
1781055000000,61799.7,61835.0,61714.4,61834.9
1781055180000,61834.9,61861.4,61779.6,61824.3
1781055360000,61824.3,61824.3,61605.1,61642.1
1781055540000,61642.1,61736.0,61614.5,61630.0
1781055720000,61630.0,61636.7,61544.2,61606.4
1781055900000,61606.4,61661.4,61580.0,61616.0
1781056080000,61616.0,61816.7,61614.0,61750.4
1781056260000,61750.4,61757.7,61687.1,61727.6
1781056440000,61727.6,61761.3,61710.0,61714.6
1781056620000,61714.6,61721.1,61649.8,61680.7
1781056800000,61680.7,61808.0,61676.9,61780.9
1781056980000,61780.9,61780.9,61605.6,61647.6
1781057160000,61647.6,61689.4,61602.4,61603.2
1781057340000,61603.2,61626.2,61544.7,61544.8
1781057520000,61544.8,61561.2,61510.0,61526.4
1781057700000,61526.4,61544.4,61308.5,61372.8
1781057880000,61372.8,61446.5,61334.1,61435.8
1781058060000,61435.8,61487.6,61428.3,61431.6
1781058240000,61431.6,61480.6,61331.8,61338.8
1781058420000,61338.8,61466.0,61325.4,61466.0
1781058600000,61466.0,61522.3,61272.5,61323.4
1781058780000,61323.4,61345.9,61262.0,61298.2
1781058960000,61298.2,61406.5,61264.2,61385.3
1781059140000,61385.3,61394.3,61288.0,61330.4
1781059320000,61330.4,61370.7,61277.2,61342.2
1781059500000,61342.2,61354.0,61238.9,61263.7
1781059680000,61263.7,61308.4,61215.0,61228.9
1781059860000,61228.9,61257.3,61204.0,61214.0
1781060040000,61214.0,61275.3,61201.0,61268.2
1781060220000,61268.2,61315.0,61262.4,61271.4
1781060400000,61271.4,61357.9,61250.0,61342.7
1781060580000,61342.7,61431.0,61312.5,61431.0
1781060760000,61431.0,61449.9,61373.0,61436.1
1781060940000,61436.1,61452.5,61377.2,61412.7
1781061120000,61412.7,61421.2,61378.9,61402.1
1781061300000,61402.1,61458.4,61368.9,61388.1
1781061480000,61388.1,61394.7,61306.0,61324.8
1781061660000,61324.8,61385.7,61317.5,61368.3
1781061840000,61368.3,61415.6,61363.4,61406.9
1781062020000,61406.9,61565.1,61406.9,61539.9
1781062200000,61539.9,61540.0,61423.2,61423.3
1781062380000,61423.3,61484.8,61405.7,61435.3
1781062560000,61435.3,61525.6,61414.4,61522.8
1781062740000,61522.8,61522.9,61432.7,61432.8
1781062920000,61432.8,61504.6,61432.8,61496.1
1781063100000,61496.1,61544.3,61489.2,61506.0
1781063280000,61506.0,61559.7,61455.8,61455.8
1781063460000,61455.8,61505.4,61454.7,61487.9
1781063640000,61487.9,61518.6,61476.2,61494.5
1781063820000,61494.5,61521.7,61477.2,61518.2
1781064000000,61518.2,61535.0,61473.0,61487.5
1781064180000,61487.5,61496.4,61426.1,61475.7
1781064360000,61475.7,61503.3,61453.8,61503.3
1781064540000,61503.3,61534.2,61441.7,61443.0
1781064720000,61443.0,61492.4,61406.0,61473.7
1781064900000,61473.7,61499.9,61463.1,61470.1
1781065080000,61470.1,61520.0,61459.8,61504.1
1781065260000,61504.1,61504.2,61425.8,61478.7
1781065440000,61478.7,61500.0,61455.7,61485.4
1781065620000,61485.4,61485.4,61422.0,61440.7
1781065800000,61440.7,61440.8,61288.0,61292.6
1781065980000,61292.6,61332.8,61282.2,61322.7
1781066160000,61322.7,61322.8,61160.3,61185.7
1781066340000,61185.7,61280.4,61153.3,61193.8
1781066520000,61193.8,61212.6,61175.3,61199.9
1781066700000,61199.9,61288.8,61160.0,61272.0
1781066880000,61272.0,61344.0,61263.8,61303.9
1781067060000,61303.9,61312.3,61249.1,61256.0
1781067240000,61256.0,61272.6,61206.8,61211.1
1781067420000,61211.1,61269.5,61211.1,61267.5
1781067600000,61267.5,61295.1,61168.8,61217.3
1781067780000,61217.3,61265.5,61219.0,61257.3
1781067960000,61257.3,61290.8,61117.8,61146.1
1781068140000,61146.1,61166.5,61120.6,61136.7
1781068320000,61136.7,61163.1,61099.0,61145.0
1781068500000,61145.0,61146.2,61055.7,61138.9
1781068680000,61138.9,61150.0,61045.7,61081.2
1781068860000,61081.2,61153.0,61063.2,61132.3
1781069040000,61132.3,61210.0,61100.9,61180.1
1781069220000,61180.1,61237.0,61180.0,61237.0
1781069400000,61237.0,61268.3,61167.8,61264.1
1781069580000,61264.1,61303.7,61208.8,61233.7
1781069760000,61233.7,61239.4,61156.0,61190.1
1781069940000,61190.1,61261.4,61190.0,61241.7
1781070120000,61241.7,61258.2,61211.6,61249.9
1781070300000,61249.9,61267.6,61238.0,61249.8
1781070480000,61249.8,61262.6,61180.0,61249.3
1781070660000,61249.3,61288.1,61204.0,61288.0
1781070840000,61288.0,61356.0,61288.1,61356.0
1781071020000,61356.0,61368.0,61302.2,61321.6
1781071200000,61321.6,61336.4,61281.7,61281.8
1781071380000,61281.8,61373.8,61248.1,61337.9
1781071560000,61337.9,61399.0,61300.0,61354.3
1781071740000,61354.3,61375.0,61315.2,61356.5
1781071920000,61356.5,61366.7,61323.6,61364.4
1781072100000,61364.4,61420.0,61352.0,61419.9
1781072280000,61419.9,61459.4,61360.1,61361.6
1781072460000,61361.6,61387.6,61331.4,61344.8
1781072640000,61344.8,61379.9,61294.3,61379.9
1781072820000,61379.9,61384.5,61287.2,61317.1
1781073000000,61317.1,61332.9,61137.3,61162.3
1781073180000,61162.3,61189.7,61108.8,61147.8
1781073360000,61147.8,61355.0,61147.8,61354.9
1781073540000,61354.9,61432.3,61353.0,61353.0
1781073720000,61353.0,61407.0,61350.0,61403.7
1781073900000,61403.7,61488.0,61400.7,61488.0
1781074080000,61488.0,61492.9,61389.9,61399.0
1781074260000,61399.0,61451.9,61390.2,61450.2
1781074440000,61450.2,61485.0,61428.8,61444.8
1781074620000,61444.8,61447.9,61428.0,61436.4
1781074800000,61436.4,61455.5,61400.7,61455.5
1781074980000,61455.5,61547.0,61455.5,61481.2
1781075160000,61481.2,61520.8,61462.0,61490.4
1781075340000,61490.4,61568.4,61490.3,61525.8
1781075520000,61525.8,61550.0,61488.0,61539.6
1781075700000,61539.6,61633.0,61523.2,61625.9
1781075880000,61625.9,61688.0,61619.1,61669.1
1781076060000,61669.1,61682.5,61611.6,61630.7
1781076240000,61630.7,61649.8,61584.6,61612.2
1781076420000,61612.2,61627.8,61580.7,61614.9
1781076600000,61614.9,61617.9,61528.5,61541.3
1781076780000,61541.3,61772.0,61534.2,61691.4
1781076960000,61691.4,61754.4,61668.5,61672.6
1781077140000,61672.6,61723.5,61655.1,61697.6
1781077320000,61697.6,61727.4,61688.0,61723.9
1781077500000,61723.9,61726.6,61680.1,61719.9
1781077680000,61719.9,61724.0,61633.3,61659.8
1781077860000,61659.8,61748.9,61658.7,61713.3
1781078040000,61713.3,61716.6,61645.2,61654.3
1781078220000,61654.3,61676.1,61623.0,61654.4
1781078400000,61654.4,61669.0,61610.6,61616.8
1781078580000,61616.8,61641.0,61557.7,61623.2
1781078760000,61623.2,61623.2,61528.0,61537.9
1781078940000,61537.9,61680.0,61503.9,61679.9
1781079120000,61679.9,61680.0,61572.5,61582.3
1781079300000,61582.3,61707.6,61582.4,61679.4
1781079480000,61679.4,61686.0,61571.9,61605.2
1781079660000,61605.2,61615.0,61535.3,61550.1
1781079840000,61550.1,61563.3,61455.1,61461.8
1781080020000,61461.8,61508.0,61450.0,61508.0
1781080200000,61508.0,61575.6,61424.7,61447.5
1781080380000,61447.5,61474.6,61334.0,61379.2
1781080560000,61379.2,61424.6,61369.2,61389.6
1781080740000,61389.6,61398.4,61258.3,61300.0
1781080920000,61300.0,61300.5,61207.0,61207.8
1781081100000,61207.8,61230.8,61146.2,61198.8
1781081280000,61198.8,61219.0,61128.7,61175.9
1781081460000,61175.9,61294.7,61175.9,61252.8
1781081640000,61252.8,61254.0,61210.1,61254.0
1781081820000,61254.0,61268.2,61210.2,61228.8
1781082000000,61228.8,61288.0,61164.8,61212.0
1781082180000,61212.0,61237.3,61162.0,61171.4
1781082360000,61171.4,61230.7,61130.0,61132.3
1781082540000,61132.3,61217.9,61090.0,61111.1
1781082720000,61111.1,61156.7,61020.7,61032.4
1781082900000,61032.4,61080.2,61014.3,61080.1
1781083080000,61080.1,61110.8,60864.4,60925.2
1781083260000,60925.2,60953.7,60698.8,60894.0
1781083440000,60894.0,61069.9,60894.0,61068.1
1781083620000,61068.1,61217.3,61068.1,61176.6
1781083800000,61176.6,61267.9,61152.3,61226.5
1781083980000,61226.5,61313.7,61226.4,61313.6
1781084160000,61313.6,61389.9,61226.1,61379.6
1781084340000,61379.6,61396.4,61252.1,61290.6
1781084520000,61290.6,61300.0,61228.6,61234.3
1781084700000,61234.3,61250.0,61121.2,61133.5
1781084880000,61133.5,61215.4,61122.5,61215.4
1781085060000,61215.4,61291.7,61200.0,61200.3
1781085240000,61200.3,61372.5,61200.3,61353.7
1781085420000,61353.7,61376.9,61290.8,61303.2
1781085600000,61303.2,61321.1,61255.5,61262.2
1781085780000,61262.2,61295.0,61155.0,61155.1
1781085960000,61155.1,61190.5,61136.5,61175.5
1781086140000,61175.5,61223.4,61133.1,61153.1
1781086320000,61153.1,61269.0,61153.1,61205.5
1781086500000,61205.5,61240.8,61113.3,61121.8
1781086680000,61121.8,61187.0,61121.7,61132.1
1781086860000,61132.1,61229.4,61129.1,61229.1
1781087040000,61229.1,61254.2,61191.3,61217.7
1781087220000,61217.7,61333.2,61217.7,61301.6
1781087400000,61301.6,61426.7,61284.1,61355.7
1781087580000,61355.7,61381.1,61286.7,61292.9
1781087760000,61292.9,61333.1,61258.0,61271.3
1781087940000,61271.3,61287.0,61230.2,61267.6
1781088120000,61267.6,61313.5,61267.5,61281.9
1781088300000,61281.9,61328.2,61275.5,61281.6
1781088480000,61281.6,61337.3,61255.0,61333.3
1781088660000,61333.3,61344.5,61250.0,61272.8
1781088840000,61272.8,61350.0,61250.0,61338.5
1781089020000,61338.5,61383.9,61307.3,61350.1
1781089200000,61350.1,61405.2,61311.2,61394.4
1781089380000,61394.4,61405.0,60925.0,61070.3
1781089560000,61070.3,61084.0,60829.9,61048.3
1781089740000,61048.3,61095.9,60958.8,61050.1
1781089920000,61050.1,61144.8,60979.2,61138.1
1781090100000,61138.1,61215.1,61058.7,61058.8
1781090280000,61058.8,61112.8,61006.9,61091.8
1781090460000,61091.8,61228.6,61091.7,61129.1
1781090640000,61129.1,61140.2,60849.7,60983.2
1781090820000,60983.2,60985.7,60890.2,60936.2
1781091000000,60936.2,60990.0,60891.6,60893.0
1781091180000,60893.0,61016.6,60893.0,60972.0
1781091360000,60972.0,61006.4,60927.8,60965.8
1781091540000,60965.8,60999.7,60934.6,60985.4
1781091720000,60985.4,61033.4,60940.0,60990.5
1781091900000,60990.5,61071.8,60943.0,61067.5
1781092080000,61067.5,61087.7,60975.7,60990.1
1781092260000,60990.1,61083.5,60996.0,61011.9
1781092440000,61011.9,61058.4,60982.4,60991.1
1781092620000,60991.1,61035.0,60986.2,61003.1
1781092800000,61003.1,61012.8,60930.1,60993.2
1781092980000,60993.2,61115.2,60993.1,61096.7
1781093160000,61096.7,61135.0,61015.3,61032.5
1781093340000,61032.5,61154.7,61034.3,61149.9
1781093520000,61149.9,61194.1,61106.3,61160.9
1781093700000,61160.9,61218.0,61078.4,61125.0
1781093880000,61125.0,61128.1,61029.0,61059.6
1781094060000,61059.6,61119.7,61013.8,61043.5
1781094240000,61043.5,61105.8,61017.7,61100.0
1781094420000,61100.0,61144.8,61066.2,61138.8
1781094600000,61138.8,61689.9,61111.5,61625.6
1781094780000,61625.6,61918.0,61549.8,61557.0
1781094960000,61557.0,61739.3,61554.2,61725.2
1781095140000,61725.2,61730.0,61607.8,61669.0
1781095320000,61669.0,61706.9,61600.2,61659.9
1781095500000,61659.9,61754.9,61619.4,61700.1
1781095680000,61700.1,61770.4,61690.0,61735.8
1781095860000,61735.8,61730.9,61626.5,61665.1
1781096040000,61665.1,61689.9,61603.0,61649.4
1781096220000,61649.4,61666.0,61531.7,61531.7
1781096400000,61531.7,61597.4,61473.1,61482.6
1781096580000,61482.6,61517.0,61466.0,61516.2
1781096760000,61516.2,61582.1,61516.2,61545.6
1781096940000,61545.6,61554.9,61471.2,61494.2
1781097120000,61494.2,61547.3,61471.2,61501.3
1781097300000,61501.3,61507.1,61435.1,61439.6
1781097480000,61439.6,61474.8,61430.1,61462.2
1781097660000,61462.2,61553.0,61449.4,61505.9
1781097840000,61505.9,61521.9,61407.4,61410.6
1781098020000,61410.6,61561.1,61416.7,61531.1
1781098200000,61531.1,61788.0,61475.3,61679.5
1781098380000,61679.5,61878.1,61620.1,61817.3
1781098560000,61817.3,62161.8,61802.9,62077.4
1781098740000,62077.4,62198.1,62035.4,62052.4
1781098920000,62052.4,62357.2,62027.0,62357.1
1781099100000,62357.1,62378.2,62190.2,62274.6
1781099280000,62274.6,62421.6,62234.8,62283.4
1781099460000,62283.4,62304.1,62158.2,62164.7
1781099640000,62164.7,62237.9,62128.4,62128.5
1781099820000,62128.5,62219.9,62042.2,62124.0
1781100000000,62124.0,62133.5,61977.6,62075.1
1781100180000,62075.1,62200.0,62056.0,62148.7
1781100360000,62148.7,62230.0,62130.0,62229.9
1781100540000,62229.9,62229.9,62120.0,62152.4
1781100720000,62152.4,62174.8,61965.6,61975.1
1781100900000,61975.1,62045.0,61875.8,61921.1
1781101080000,61921.1,61943.3,61836.5,61857.7
1781101260000,61857.7,62011.2,61830.5,61991.3
1781101440000,61991.3,62142.5,61960.0,62029.2
1781101620000,62029.2,62109.3,61989.7,62027.2
1781101800000,62027.2,62039.6,61813.1,61935.9
1781101980000,61935.9,62008.3,61874.8,61928.5
1781102160000,61928.5,61926.8,61782.0,61809.6
1781102340000,61809.6,62089.4,61809.6,62070.0
1781102520000,62070.0,62088.9,61915.3,61918.3
1781102700000,61918.3,62003.1,61864.4,61969.4
1781102880000,61969.4,61983.8,61845.3,61902.7
1781103060000,61902.7,61949.9,61841.0,61869.9
1781103240000,61869.9,61961.0,61820.1,61858.5
1781103420000,61858.5,62174.4,61785.5,62170.9
1781103600000,62170.9,62397.1,62127.7,62293.0
1781103780000,62293.0,62349.5,61973.9,61973.9
1781103960000,61973.9,62027.9,61908.2,61950.4
1781104140000,61950.4,61995.8,61834.8,61883.9
1781104320000,61883.9,62010.8,61860.2,61911.6
1781104500000,61911.6,61971.9,61814.7,61954.8
1781104680000,61954.8,62159.1,61880.7,62153.9
1781104860000,62153.9,62298.7,62153.9,62298.7
1781105040000,62298.7,62330.9,62239.9,62263.1
1781105220000,62263.1,62326.9,62219.9,62229.7
1781105400000,62229.7,62354.2,62217.9,62286.1
1781105580000,62286.1,62339.1,62260.0,62269.8
1781105760000,62269.8,62334.6,62183.4,62183.8
1781105940000,62183.8,62270.4,62157.4,62256.6
1781106120000,62256.6,62391.1,62229.3,62363.6
1781106300000,62363.6,62552.4,62275.6,62275.6
1781106480000,62275.6,62367.0,62100.1,62262.8
1781106660000,62262.8,62651.5,62262.8,62636.7
1781106840000,62636.7,62830.6,62595.0,62595.0
1781107020000,62595.0,62723.3,62576.0,62604.8
1781107200000,62604.8,62617.1,62472.2,62477.8
1781107380000,62477.8,62523.2,62414.1,62428.4
1781107560000,62428.4,62578.1,62368.0,62368.1
1781107740000,62368.1,62448.4,62318.2,62359.5
1781107920000,62359.5,62417.8,62289.5,62305.0
1781108100000,62305.0,62417.2,62291.4,62295.3
1781108280000,62295.3,62322.5,62264.3,62264.4
1781108460000,62264.4,62357.3,62229.9,62255.8
1781108640000,62255.8,62255.8,62076.0,62179.1
1781108820000,62179.1,62275.8,62179.1,62252.9
1781109000000,62252.9,62280.0,62123.9,62218.2
1781109180000,62218.2,62384.9,62190.7,62335.8
1781109360000,62335.8,62369.8,62254.3,62316.7
1781109540000,62316.7,62330.5,62224.0,62229.3
1781109720000,62229.3,62267.4,62190.0,62192.4
1781109900000,62192.4,62192.5,61959.2,61959.2
1781110080000,61959.2,62039.6,61895.7,61943.7
1781110260000,61943.7,62149.6,61900.1,62095.0
1781110440000,62095.0,62179.6,62037.7,62106.5
1781110620000,62106.5,62197.7,62066.4,62194.6
1781110800000,62194.6,62310.1,62166.0,62290.3
1781110980000,62290.3,62330.3,62235.7,62240.2
1781111160000,62240.2,62283.8,62121.5,62144.4
1781111340000,62144.4,62165.1,61979.0,62058.4
1781111520000,62058.4,62088.8,61991.9,62063.8
1781111700000,62063.8,62169.5,62031.9,62083.4
1781111880000,62083.4,62150.0,62078.0,62133.3
1781112060000,62133.3,62133.3,61992.4,62038.2
1781112240000,62038.2,62136.3,61995.8,62028.2
1781112420000,62028.2,62054.5,61853.4,61871.4
1781112600000,61871.4,61897.3,61644.6,61692.8
1781112780000,61692.8,61879.9,61692.7,61747.3
1781112960000,61747.3,61800.0,61666.0,61700.1
1781113140000,61700.1,61813.9,61621.1,61663.3
1781113320000,61663.3,61818.7,61616.0,61713.1
1781113500000,61713.1,61916.6,61690.5,61904.4
1781113680000,61904.4,62015.8,61816.4,61866.5
1781113860000,61866.5,61923.3,61809.3,61847.1
1781114040000,61847.1,61942.2,61832.1,61942.1
1781114220000,61942.1,61977.2,61884.7,61944.5
1781114400000,61944.5,62024.9,61908.0,62019.2
1781114580000,62019.2,62105.9,61988.0,62098.9
1781114760000,62098.9,62128.7,61911.0,61996.0
1781114940000,61996.0,61999.2,61888.0,61963.5
1781115120000,61963.5,61982.4,61885.5,61930.3
1781115300000,61930.3,61974.9,61850.0,61850.1
1781115480000,61850.1,61934.2,61848.7,61904.4
1781115660000,61904.4,61937.4,61810.3,61913.4
1781115840000,61913.4,61954.1,61831.4,61868.4
1781116020000,61868.4,61993.8,61821.5,61992.3
1781116200000,61992.3,61992.3,61892.2,61921.6
1781116380000,61921.6,61956.6,61800.6,61832.8
1781116560000,61832.8,61861.2,61755.2,61786.7
1781116740000,61786.7,61802.9,61742.0,61742.1
1781116920000,61742.1,61800.6,61712.3,61750.6
1781117100000,61750.6,61760.0,61700.0,61723.6
1781117280000,61723.6,61813.7,61559.0,61632.2
1781117460000,61632.2,61784.8,61639.8,61767.8
1781117640000,61767.8,61813.6,61719.8,61771.2
1781117820000,61771.2,61868.1,61771.1,61849.2
1781118000000,61849.2,61880.1,61759.1,61816.1
1781118180000,61816.1,61846.6,61705.6,61749.3
1781118360000,61749.3,61910.2,61744.8,61897.8
1781118540000,61897.8,61897.9,61755.5,61755.6
1781118720000,61755.6,61780.0,61703.6,61718.0
1781118900000,61718.0,61791.6,61648.0,61648.2
1781119080000,61648.2,61729.8,61641.4,61675.2
1781119260000,61675.2,61714.5,61646.2,61657.1
1781119440000,61657.1,61801.6,61661.0,61694.2
1781119620000,61694.2,61776.7,61680.4,61760.0
1781119800000,61760.0,61866.8,61756.1,61842.2
1781119980000,61842.2,61941.9,61839.5,61921.5
1781120160000,61921.5,61987.0,61870.0,61981.4
1781120340000,61981.4,62038.0,61913.8,61969.2
1781120520000,61969.2,61994.1,61934.3,61988.3
1781120700000,61988.3,62010.0,61893.4,61914.0
1781120880000,61914.0,61953.3,61815.8,61942.2
1781121060000,61942.2,61976.1,61884.7,61975.8
1781121240000,61975.8,62004.0,61891.1,61978.9
1781121420000,61978.9,62014.7,61896.9,61912.3
1781121600000,61912.3,61919.1,61755.0,61820.3
1781121780000,61820.3,61894.3,61725.0,61770.1
1781121960000,61770.1,61833.5,61711.0,61742.1
1781122140000,61742.1,61786.8,61645.0,61772.3
1781122320000,61772.3,61802.1,61750.0,61781.2
1781122500000,61781.2,61820.3,61707.4,61765.7
1781122680000,61765.7,61824.3,61710.0,61735.9
1781122860000,61735.9,61918.4,61725.8,61835.7
1781123040000,61835.7,61916.2,61832.1,61882.7
1781123220000,61882.7,61888.0,61856.8,61881.4
1781123400000,61881.4,61881.4,61787.0,61832.7
1781123580000,61832.7,61899.5,61832.7,61859.8
1781123760000,61859.8,61896.9,61839.6,61844.3
1781123940000,61844.3,61868.3,61817.1,61841.8
1781124120000,61841.8,61848.9,61775.1,61775.1
1781124300000,61775.1,61809.8,61714.6,61748.3
1781124480000,61748.3,61804.1,61711.5,61718.9
1781124660000,61718.9,61760.0,61673.9,61699.2
1781124840000,61699.2,61749.9,61675.3,61699.9
1781125020000,61699.9,61780.4,61680.0,61770.1
1781125200000,61770.1,61773.1,61709.0,61726.8
1781125380000,61726.8,61760.0,61630.9,61647.6
1781125560000,61647.6,61686.9,61602.2,61608.2
1781125740000,61608.2,61621.8,61484.7,61493.8
1781125920000,61493.8,61536.6,61468.0,61517.5
1781126100000,61517.5,61665.8,61519.2,61623.8
1781126280000,61623.8,61623.8,61525.3,61573.9
1781126460000,61573.9,61632.0,61533.3,61568.5
1781126640000,61568.5,61572.6,61501.0,61553.5
1781126820000,61553.5,61591.0,61541.3,61546.9
1781127000000,61546.9,61666.6,61541.3,61659.0
1781127180000,61659.0,61697.7,61613.1,61631.1
1781127360000,61631.1,61636.6,61605.6,61624.5
1781127540000,61624.5,61624.5,61570.9,61614.0
1781127720000,61614.0,61657.9,61600.0,61654.0
1781127900000,61654.0,61663.9,61610.7,61640.8
1781128080000,61640.8,61661.2,61188.0,61337.6
1781128260000,61337.6,61337.6,61188.0,61196.7
1781128440000,61196.7,61276.4,61199.9,61276.4
1781128620000,61276.4,61331.8,61150.3,61327.4
1781128800000,61327.4,61336.3,61160.0,61160.1
1781128980000,61160.1,61233.1,61139.9,61158.9
1781129160000,61158.9,61253.3,61144.8,61253.3
1781129340000,61253.3,61303.5,61203.1,61203.1
1781129520000,61203.1,61273.0,61180.0,61217.9
1781129700000,61217.9,61216.9,61088.4,61099.5
1781129880000,61099.5,61250.0,61069.0,61106.7
1781130060000,61106.7,61259.1,61106.6,61209.1
1781130240000,61209.1,61304.9,61150.1,61242.3
1781130420000,61242.3,61314.6,61197.0,61225.1
1781130600000,61225.1,61413.1,61216.0,61367.2
1781130780000,61367.2,61382.3,61260.6,61360.8
1781130960000,61360.8,61382.3,61276.8,61371.8
1781131140000,61371.8,61416.3,61337.3,61385.8
1781131320000,61385.8,61547.9,61380.5,61527.3
1781131500000,61527.3,61536.2,61415.8,61416.0
1781131680000,61416.0,61463.7,61377.2,61415.3
1781131860000,61415.3,61457.4,61353.0,61408.9
1781132040000,61408.9,61445.0,61388.7,61396.2
1781132220000,61396.2,61409.3,61334.8,61353.1
1781132400000,61353.1,61353.2,61275.5,61323.1
1781132580000,61323.1,61344.7,61305.6,61322.2
1781132760000,61322.2,61331.7,61286.7,61286.8
1781132940000,61286.8,61311.3,61162.6,61197.8
1781133120000,61197.8,61211.9,61166.3,61180.6
1781133300000,61180.6,61224.9,61135.8,61222.9
1781133480000,61222.9,61469.6,61222.9,61445.3
1781133660000,61445.3,61487.2,61412.0,61478.0
1781133840000,61478.0,61499.0,61410.6,61451.2
1781134020000,61451.2,61549.0,61439.7,61524.3
1781134200000,61524.3,61550.9,61441.2,61498.2
1781134380000,61498.2,61525.6,61438.9,61504.4
1781134560000,61504.4,61549.1,61475.8,61482.9
1781134740000,61482.9,61543.7,61447.8,61537.5
1781134920000,61537.5,61582.1,61512.6,61517.3
1781135100000,61517.3,61519.6,61464.6,61506.9
1781135280000,61506.9,61522.1,61447.3,61466.3
1781135460000,61466.3,61559.2,61466.2,61534.8
1781135640000,61534.8,61534.8,61485.2,61492.3
1781135820000,61492.3,61510.9,61469.3,61483.6
1781136000000,61483.6,61629.7,61483.6,61596.6
1781136180000,61596.6,61621.6,61535.7,61610.7
1781136360000,61610.7,61650.1,61564.4,61600.0
1781136540000,61600.0,61626.7,61550.0,61626.7
1781136720000,61626.7,61664.8,61591.7,61654.7
1781136900000,61654.7,61951.6,61654.6,61947.2
1781137080000,61947.2,61947.2,61797.6,61927.8
1781137260000,61927.8,61954.7,61800.0,61823.4
1781137440000,61823.4,61849.9,61772.3,61849.9
1781137620000,61849.9,61861.1,61777.0,61860.5
1781137800000,61860.5,61869.5,61810.0,61851.4
1781137980000,61851.4,61871.9,61782.1,61831.8
1781138160000,61831.8,61831.8,61754.3,61774.8
1781138340000,61774.8,61808.0,61740.9,61807.9
1781138520000,61807.9,61865.9,61750.1,61756.1
1781138700000,61756.1,61906.3,61756.1,61834.0
1781138880000,61834.0,61885.8,61835.9,61862.2
1781139060000,61862.2,61899.5,61819.5,61843.4
1781139240000,61843.4,61843.4,61781.8,61797.0
1781139420000,61797.0,61859.9,61794.6,61794.6
1781139600000,61794.6,61912.4,61793.5,61874.9
1781139780000,61874.9,61988.3,61863.8,61964.4
1781139960000,61964.4,61981.0,61881.4,61926.5
1781140140000,61926.5,61956.5,61886.5,61948.6
1781140320000,61948.6,62089.2,61939.0,62012.0
1781140500000,62012.0,62142.2,61984.9,62081.7
1781140680000,62081.7,62188.9,62063.3,62097.7
1781140860000,62097.7,62155.8,62080.0,62155.1
1781141040000,62155.1,62211.7,62133.3,62135.4
1781141220000,62135.4,62149.9,62088.5,62149.9
1781141400000,62149.9,62177.6,62088.0,62174.1
1781141580000,62174.1,62180.9,62106.0,62125.8
1781141760000,62125.8,62254.2,62066.0,62254.2
1781141940000,62254.2,62342.8,62203.3,62334.0
1781142120000,62334.0,62337.6,62219.4,62227.9
1781142300000,62227.9,62270.5,62204.9,62237.4
1781142480000,62237.4,62257.2,62180.0,62204.7
1781142660000,62204.7,62268.4,62205.8,62229.6
1781142840000,62229.6,62241.6,62143.0,62185.2
1781143020000,62185.2,62232.5,62179.1,62180.4
1781143200000,62180.4,62253.8,62150.6,62184.4
1781143380000,62184.4,62243.8,62166.1,62195.0
1781143560000,62195.0,62209.1,62120.8,62121.5
1781143740000,62121.5,62140.9,62087.8,62087.9
1781143920000,62087.9,62157.0,62080.0,62145.0
1781144100000,62145.0,62234.5,62110.4,62230.0
1781144280000,62230.0,62278.3,62177.6,62191.1
1781144460000,62191.1,62191.2,62031.2,62055.1
1781144640000,62055.1,62120.0,62040.5,62119.9
1781144820000,62119.9,62133.3,62016.1,62033.5
1781145000000,62033.5,62065.3,61930.0,61940.2
1781145180000,61940.2,61985.0,61911.5,61970.8
1781145360000,61970.8,62041.9,61969.8,62009.3
1781145540000,62009.3,62076.8,62003.3,62061.1
1781145720000,62061.1,62061.2,62019.4,62042.7
1781145900000,62042.7,62045.0,61991.6,61998.6
1781146080000,61998.6,62060.1,61974.2,62056.4
1781146260000,62056.4,62082.7,62012.4,62065.0
1781146440000,62065.0,62187.2,62058.0,62161.7
1781146620000,62161.7,62200.0,62112.2,62113.6
1781146800000,62113.6,62161.3,62112.8,62137.4
1781146980000,62137.4,62161.2,62113.3,62117.4
1781147160000,62117.4,62117.3,62031.6,62063.6
1781147340000,62063.6,62105.6,62029.4,62039.3
1781147520000,62039.3,62063.9,61975.7,62037.0
1781147700000,62037.0,62103.7,62021.8,62074.1
1781147880000,62074.1,62097.9,61997.5,61997.5
1781148060000,61997.5,62056.1,61984.9,62031.1
1781148240000,62031.1,62078.2,62029.2,62069.2
1781148420000,62069.2,62087.4,62058.4,62081.0
1781148600000,62081.0,62268.4,62078.7,62232.7
1781148780000,62232.7,62525.0,62224.8,62398.5
1781148960000,62398.5,62412.2,62312.4,62346.0
1781149140000,62346.0,62373.7,62320.4,62359.1
1781149320000,62359.1,62394.1,62335.0,62338.9
1781149500000,62338.9,62436.6,62338.8,62387.0
1781149680000,62387.0,62448.4,62367.5,62431.3
1781149860000,62431.3,62471.5,62394.2,62457.8
1781150040000,62457.8,62873.2,62433.3,62695.3
1781150220000,62695.3,62775.0,62657.4,62657.6
1781150400000,62657.6,62674.2,62556.7,62618.3
1781150580000,62618.3,62642.3,62567.3,62588.9
1781150760000,62588.9,62605.0,62554.5,62604.9
1781150940000,62604.9,62663.7,62546.0,62663.4
1781151120000,62663.4,62713.0,62638.7,62638.7
1781151300000,62638.7,62680.2,62596.2,62610.5
1781151480000,62610.5,62679.6,62573.7,62670.6
1781151660000,62670.6,62679.6,62578.2,62607.8
1781151840000,62607.8,62631.0,62566.3,62603.9
1781152020000,62603.9,62603.9,62570.0,62590.2
1781152200000,62590.2,62620.0,62560.9,62578.7
1781152380000,62578.7,62588.0,62512.6,62544.1
1781152560000,62544.1,62644.1,62539.2,62632.1
1781152740000,62632.1,62669.9,62600.0,62605.0
1781152920000,62605.0,62637.5,62592.0,62630.0
1781153100000,62630.0,62745.7,62631.6,62739.1
1781153280000,62739.1,62814.7,62684.3,62814.6
1781153460000,62814.6,62827.0,62759.5,62772.7
1781153640000,62772.7,62804.5,62747.3,62749.9
1781153820000,62749.9,62750.0,62661.7,62692.8
1781154000000,62692.8,62694.3,62557.8,62582.0
1781154180000,62582.0,62587.5,62543.1,62549.9
1781154360000,62549.9,62575.0,62527.5,62573.8
1781154540000,62573.8,62611.7,62558.4,62566.4
1781154720000,62566.4,62604.6,62563.6,62596.5
1781154900000,62596.5,62681.1,62587.6,62658.6
1781155080000,62658.6,62662.1,62597.9,62634.1
1781155260000,62634.1,62696.7,62634.1,62646.6
1781155440000,62646.6,62674.7,62604.8,62616.9
1781155620000,62616.9,62626.1,62544.0,62605.3
1781155800000,62605.3,62639.9,62562.8,62638.9
1781155980000,62638.9,62658.4,62577.8,62585.3
1781156160000,62585.3,62646.7,62579.6,62643.9
1781156340000,62643.9,62643.9,62591.4,62635.0
1781156520000,62635.0,62674.7,62629.9,62673.6
1781156700000,62673.6,62683.2,62628.9,62628.9
1781156880000,62628.9,62639.9,62599.0,62606.3
1781157060000,62606.3,62659.8,62591.9,62659.8
1781157240000,62659.8,62677.8,62598.4,62631.9
1781157420000,62631.9,62653.5,62571.3,62581.7
1781157600000,62581.7,62600.0,62569.9,62570.3
1781157780000,62570.3,62600.0,62508.6,62551.6
1781157960000,62551.6,62620.0,62530.9,62619.9
1781158140000,62619.9,62695.8,62611.2,62686.8
1781158320000,62686.8,62788.4,62686.8,62751.6
1781158500000,62751.6,62859.4,62751.5,62775.9
1781158680000,62775.9,62821.5,62703.6,62821.5
1781158860000,62821.5,62966.7,62821.4,62913.9
1781159040000,62913.9,62970.5,62835.6,62847.9
1781159220000,62847.9,62871.0,62820.7,62845.6
1781159400000,62845.6,62919.0,62820.7,62897.9
1781159580000,62897.9,62938.0,62867.3,62905.8
1781159760000,62905.8,62962.7,62895.7,62945.4
1781159940000,62945.4,62974.9,62877.7,62955.6
1781160120000,62955.6,62959.9,62881.8,62919.9
1781160300000,62919.9,62920.0,62812.6,62823.8
1781160480000,62823.8,62828.7,62774.9,62793.1
1781160660000,62793.1,62800.0,62761.3,62767.6
1781160840000,62767.6,62783.5,62720.6,62734.0
1781161020000,62734.0,62767.1,62733.9,62734.2
1781161200000,62734.2,62764.7,62671.6,62671.6
1781161380000,62671.6,62685.8,62631.1,62638.6
1781161560000,62638.6,62649.7,62581.7,62624.8
1781161740000,62624.8,62664.9,62603.5,62641.1
1781161920000,62641.1,62641.5,62580.0,62623.1
1781162100000,62623.1,62662.0,62610.0,62657.7
1781162280000,62657.7,62715.3,62650.1,62715.1
1781162460000,62715.1,62770.0,62691.2,62702.8
1781162640000,62702.8,62742.0,62691.8,62706.9
1781162820000,62706.9,62759.1,62706.9,62759.1
1781163000000,62759.1,62812.2,62707.2,62724.0
1781163180000,62724.0,62742.4,62683.9,62704.8
1781163360000,62704.8,62725.5,62635.8,62638.6
1781163540000,62638.6,62650.0,62581.0,62628.0
1781163720000,62628.0,62666.9,62625.5,62647.4
1781163900000,62647.4,62725.7,62647.3,62698.1
1781164080000,62698.1,62706.9,62685.8,62699.8
1781164260000,62699.8,62703.1,62657.1,62663.3
1781164440000,62663.3,62700.0,62663.3,62694.9
1781164620000,62694.9,62703.6,62691.5,62693.2
1781164800000,62693.2,62759.5,62691.7,62738.0
1781164980000,62738.0,62760.0,62720.0,62735.0
1781165160000,62735.0,62762.5,62735.0,62759.1
1781165340000,62759.1,62799.1,62755.3,62764.4
1781165520000,62764.4,62853.5,62764.4,62799.9
1781165700000,62799.9,62804.3,62770.8,62781.3
1781165880000,62781.3,62821.9,62783.6,62796.7
1781166060000,62796.7,62895.7,62796.7,62895.6
1781166240000,62895.6,62911.2,62862.6,62878.5
1781166420000,62878.5,62933.7,62874.8,62924.6
1781166600000,62924.6,62931.4,62908.0,62908.0
1781166780000,62908.0,62929.0,62908.0,62923.8
1781166960000,62923.8,62924.9,62908.0,62908.0
1781167140000,62908.0,62960.6,62907.5,62908.0
1781167320000,62908.0,62908.1,62822.0,62832.6
1781167500000,62832.6,62924.6,62829.7,62924.5
1781167680000,62924.5,63025.2,62924.5,62943.9
1781167860000,62943.9,62972.5,62895.5,62911.0
1781168040000,62911.0,62928.0,62884.0,62892.3
1781168220000,62892.3,62927.3,62869.4,62927.2
1781168400000,62927.2,62927.3,62882.2,62922.7
1781168580000,62922.7,62936.9,62863.3,62863.3
1781168760000,62863.3,62863.3,62815.3,62829.2
1781168940000,62829.2,62853.9,62813.0,62813.2
1781169120000,62813.2,62840.9,62790.0,62840.8
1781169300000,62840.8,62840.9,62753.3,62771.3
1781169480000,62771.3,62838.1,62771.3,62788.0
1781169660000,62788.0,62788.1,62769.9,62782.8
1781169840000,62782.8,62807.0,62763.4,62783.5
1781170020000,62783.5,62800.0,62775.1,62794.3
1781170200000,62794.3,62889.9,62791.9,62876.4
1781170380000,62876.4,62941.7,62853.8,62888.3
1781170560000,62888.3,62910.0,62888.3,62893.5
1781170740000,62893.5,62912.9,62880.0,62880.0
1781170920000,62880.0,62908.2,62879.9,62908.2
1781171100000,62908.2,62908.2,62880.0,62880.0
1781171280000,62880.0,62903.6,62880.0,62899.9
1781171460000,62899.9,62970.7,62899.9,62918.1
1781171640000,62918.1,62956.1,62892.7,62893.0
1781171820000,62893.0,62922.7,62871.6,62899.9
1781172000000,62899.9,62936.5,62861.9,62861.9
1781172180000,62861.9,62871.8,62818.0,62858.6
1781172360000,62858.6,62954.9,62839.5,62924.4
1781172540000,62924.4,62924.4,62875.3,62907.0
1781172720000,62907.0,62929.0,62884.2,62884.3
1781172900000,62884.3,62906.1,62773.9,62797.5
1781173080000,62797.5,62839.9,62771.0,62810.4
1781173260000,62810.4,62836.5,62787.9,62824.5
1781173440000,62824.5,62824.5,62795.7,62806.3
1781173620000,62806.3,62845.8,62796.7,62824.5
1781173800000,62824.5,62914.5,62816.3,62869.5
1781173980000,62869.5,62888.7,62840.0,62881.1
1781174160000,62881.1,62929.5,62881.0,62915.5
1781174340000,62915.5,62915.6,62865.6,62887.4
1781174520000,62887.4,62920.0,62875.0,62899.2
1781174700000,62899.2,62942.0,62893.0,62939.9
1781174880000,62939.9,62945.0,62923.9,62944.8
1781175060000,62944.8,63071.5,62944.7,63001.0
1781175240000,63001.0,63157.9,63000.1,63030.5
1781175420000,63030.5,63188.0,63026.4,63121.4
1781175600000,63121.4,63158.8,63037.1,63143.5
1781175780000,63143.5,63178.2,63119.1,63139.9
1781175960000,63139.9,63144.8,63020.6,63099.9
1781176140000,63099.9,63182.6,63090.8,63180.0
1781176320000,63180.0,63180.1,63128.9,63164.5
1781176500000,63164.5,63188.0,63117.4,63181.9
1781176680000,63181.9,63181.9,63080.0,63097.3
1781176860000,63097.3,63148.1,63080.5,63133.7
1781177040000,63133.7,63147.0,63080.0,63080.1
1781177220000,63080.1,63172.5,63073.7,63129.7
1781177400000,63129.7,63235.9,63127.1,63184.5
1781177580000,63184.5,63202.2,63138.8,63142.5
1781177760000,63142.5,63142.5,63057.7,63071.5
1781177940000,63071.5,63128.8,63061.5,63105.7
1781178120000,63105.7,63126.0,63085.0,63103.9
1781178300000,63103.9,63103.9,63077.7,63079.1
1781178480000,63079.1,63126.5,63064.9,63113.5
1781178660000,63113.5,63220.0,63101.4,63159.9
1781178840000,63159.9,63160.0,63079.0,63093.2
1781179020000,63093.2,63107.7,63075.4,63078.0
1781179200000,63078.0,63085.4,63009.4,63026.0
1781179380000,63026.0,63070.8,62973.8,63048.9
1781179560000,63048.9,63082.0,62975.4,63012.5
1781179740000,63012.5,63149.7,62980.0,63145.1
1781179920000,63145.1,63173.7,63057.8,63125.4
1781180100000,63125.4,63150.0,63089.8,63089.9
1781180280000,63089.9,63166.1,62922.6,62929.9
1781180460000,62929.9,62956.1,62650.0,62744.3
1781180640000,62744.3,62812.4,62666.1,62769.5
1781180820000,62769.5,62773.2,62641.4,62660.0
1781181000000,62660.0,62765.8,62488.7,62630.2
1781181180000,62630.2,62780.3,62551.3,62725.0
1781181360000,62725.0,62852.7,62716.3,62760.9
1781181540000,62760.9,62833.9,62735.8,62822.4
1781181720000,62822.4,62921.9,62740.0,62890.0
1781181900000,62890.0,62961.6,62829.4,62883.1
1781182080000,62883.1,62947.6,62834.9,62871.3
1781182260000,62871.3,63023.5,62866.0,62924.8
1781182440000,62924.8,63011.2,62908.8,62982.3
1781182620000,62982.3,63011.0,62941.4,62978.2
1781182800000,62978.2,62979.9,62871.4,62894.9
1781182980000,62894.9,62943.4,62835.0,62890.1
1781183160000,62890.1,62910.4,62866.8,62886.0
1781183340000,62886.0,62908.8,62828.1,62839.7
1781183520000,62839.7,62897.4,62840.9,62878.5
1781183700000,62878.5,62933.0,62868.1,62914.3
1781183880000,62914.3,63021.0,62912.9,62983.9
1781184060000,62983.9,62990.5,62880.0,62880.1
1781184240000,62880.1,62883.0,62781.0,62817.4
1781184420000,62817.4,62820.0,62762.0,62792.4
1781184600000,62792.4,62792.5,62644.8,62694.4
1781184780000,62694.4,62842.0,62691.2,62841.9
1781184960000,62841.9,62908.2,62752.0,62758.1
1781185140000,62758.1,62861.8,62691.1,62720.4
1781185320000,62720.4,62940.0,62686.0,62940.0
1781185500000,62940.0,63099.7,62916.1,63026.1
1781185680000,63026.1,63130.6,62993.3,63113.5
1781185860000,63113.5,63199.4,63021.6,63196.7
1781186040000,63196.7,63200.0,63006.8,63006.8
1781186220000,63006.8,63050.0,62954.0,63042.8
1781186400000,63042.8,63059.9,62954.4,62995.8
1781186580000,62995.8,63050.0,62889.3,62897.3
1781186760000,62897.3,62959.8,62864.4,62944.7
1781186940000,62944.7,62955.0,62715.4,62818.1
1781187120000,62818.1,62846.8,62736.0,62757.1
1781187300000,62757.1,62839.9,62700.0,62776.0
1781187480000,62776.0,62833.0,62697.1,62832.9
1781187660000,62832.9,62936.5,62781.5,62898.9
1781187840000,62898.9,62955.5,62838.0,62841.8
1781188020000,62841.8,62994.0,62841.8,62982.2
1781188200000,62982.2,63006.3,62851.9,62899.9
1781188380000,62899.9,62937.4,62830.0,62925.9
1781188560000,62925.9,63037.8,62894.0,62918.9
1781188740000,62918.9,62922.8,62845.9,62866.5
1781188920000,62866.5,62900.1,62812.1,62821.1
1781189100000,62821.1,62898.5,62818.9,62855.3
1781189280000,62855.3,62930.0,62833.6,62908.7
1781189460000,62908.7,62982.0,62880.1,62900.6
1781189640000,62900.6,62930.2,62746.4,62769.9
1781189820000,62769.9,62840.4,62698.5,62699.6
1781190000000,62699.6,62743.4,62496.5,62588.1
1781190180000,62588.1,62698.4,62588.0,62608.8
1781190360000,62608.8,62818.1,62600.5,62767.6
1781190540000,62767.6,62784.6,62664.2,62710.7
1781190720000,62710.7,62829.0,62664.0,62664.5
1781190900000,62664.5,62741.1,62642.5,62651.2
1781191080000,62651.2,62754.8,62593.3,62741.4
1781191260000,62741.4,62788.3,62692.9,62771.8
1781191440000,62771.8,62783.7,62698.0,62736.1
1781191620000,62736.1,62749.7,62675.4,62699.9
1781191800000,62699.9,62718.8,62608.5,62696.5
1781191980000,62696.5,62809.8,62644.0,62778.9
1781192160000,62778.9,62834.7,62728.6,62826.1
1781192340000,62826.1,62855.8,62779.4,62781.8
1781192520000,62781.8,62789.5,62646.8,62652.9
1781192700000,62652.9,62698.9,62570.8,62684.7
1781192880000,62684.7,62684.7,62577.2,62589.3
1781193060000,62589.3,62625.3,62540.0,62565.0
1781193240000,62565.0,62649.9,62556.7,62649.9
1781193420000,62649.9,62721.2,62644.8,62721.2
1781193600000,62721.2,62786.6,62695.4,62719.7
1781193780000,62719.7,62730.9,62639.1,62699.9
1781193960000,62699.9,62808.4,62699.9,62792.2
1781194140000,62792.2,62792.1,62694.5,62720.4
1781194320000,62720.4,62797.1,62709.3,62792.8
1781194500000,62792.8,62809.9,62750.1,62791.9
1781194680000,62791.9,62796.6,62740.6,62740.7
1781194860000,62740.7,62776.8,62605.1,62611.4
1781195040000,62611.4,62621.5,62540.0,62580.2
1781195220000,62580.2,62636.8,62580.0,62604.8
1781195400000,62604.8,62615.4,62520.0,62579.2
1781195580000,62579.2,62725.4,62572.5,62694.6
1781195760000,62694.6,62780.0,62686.2,62722.2
1781195940000,62722.2,62722.2,62631.2,62631.2
1781196120000,62631.2,62682.9,62609.5,62629.0
1781196300000,62629.0,62662.7,62582.9,62622.6
1781196480000,62622.6,62657.5,62554.5,62607.3
1781196660000,62607.3,62612.8,62547.5,62600.1
1781196840000,62600.1,62636.4,62550.7,62566.3
1781197020000,62566.3,62581.6,62546.6,62546.6
1781197200000,62546.6,62595.4,62512.8,62516.3
1781197380000,62516.3,62516.4,62347.7,62463.8
1781197560000,62463.8,62497.4,62443.0,62461.4
1781197740000,62461.4,62541.3,62461.2,62471.5
1781197920000,62471.5,62502.4,62391.1,62433.0
1781198100000,62433.0,62480.0,62380.0,62457.0
1781198280000,62457.0,62457.0,62339.4,62393.7
1781198460000,62393.7,62404.1,62324.1,62368.4
1781198640000,62368.4,62395.4,62327.1,62330.1
1781198820000,62330.1,62954.2,62315.0,62931.0
1781199000000,62931.0,63433.7,62931.0,63433.7
1781199180000,63433.7,63452.9,63102.2,63218.0
1781199360000,63218.0,63230.9,63100.2,63204.0
1781199540000,63204.0,63350.6,63155.1,63337.3
1781199720000,63337.3,63358.0,63255.6,63302.4
1781199900000,63302.4,63470.4,63278.3,63430.9
1781200080000,63430.9,63588.0,63358.0,63444.8
1781200260000,63444.8,63573.6,63410.0,63435.0
1781200440000,63435.0,63459.1,63342.1,63392.2
1781200620000,63392.2,63641.4,63360.1,63614.3
1781200800000,63614.3,63767.5,63584.7,63584.8
1781200980000,63584.8,63681.6,63392.2,63393.8
1781201160000,63393.8,63414.2,63328.0,63332.2
1781201340000,63332.2,63414.9,63289.1,63408.1
1781201520000,63408.1,63484.0,63392.8,63444.7
1781201700000,63444.7,63583.3,63440.2,63532.9
1781201880000,63532.9,63569.9,63458.0,63517.9
1781202060000,63517.9,63566.7,63330.0,63350.2
1781202240000,63350.2,63415.6,63318.0,63415.0
1781202420000,63415.0,63421.8,63336.1,63363.5
1781202600000,63363.5,63439.5,63340.8,63370.2
1781202780000,63370.2,63431.3,63344.0,63420.8
1781202960000,63420.8,63500.0,63417.6,63483.9
1781203140000,63483.9,63534.5,63465.3,63474.5
1781203320000,63474.5,63518.3,63462.4,63512.7
1781203500000,63512.7,63545.3,63485.0,63545.3
1781203680000,63545.3,63545.3,63456.4,63483.4
1781203860000,63483.4,63538.8,63452.0,63520.5
1781204040000,63520.5,63520.8,63454.2,63508.7
1781204220000,63508.7,63508.8,63425.6,63425.9
1781204400000,63425.9,63572.8,63392.0,63525.1
1781204580000,63525.1,63529.2,63460.0,63460.4
1781204760000,63460.4,63467.5,63357.6,63388.8
1781204940000,63388.8,63447.9,63353.3,63427.7
1781205120000,63427.7,63540.0,63414.4,63499.0
1781205300000,63499.0,63627.6,63499.0,63618.7
1781205480000,63618.7,63668.0,63568.5,63613.5
1781205660000,63613.5,63669.2,63591.6,63653.8
1781205840000,63653.8,63665.5,63584.0,63643.9
1781206020000,63643.9,63644.0,63546.1,63560.1
1781206200000,63560.1,63876.3,63556.2,63833.2
1781206380000,63833.2,63901.0,63672.8,63740.4
1781206560000,63740.4,63790.0,63698.0,63698.0
1781206740000,63698.0,63765.0,63630.0,63753.8
1781206920000,63753.8,63771.8,63639.2,63653.4
1781207100000,63653.4,63680.0,63603.6,63679.1
1781207280000,63679.1,63694.6,63573.3,63613.2
1781207460000,63613.2,63670.0,63607.9,63650.5
1781207640000,63650.5,63671.5,63591.2,63622.8
1781207820000,63622.8,63641.3,63563.3,63567.6
1781208000000,63567.6,63629.9,63500.0,63604.1
1781208180000,63604.1,63621.3,63553.4,63612.4
1781208360000,63612.4,63615.3,63516.4,63536.2
1781208540000,63536.2,63540.2,63452.8,63493.1
1781208720000,63493.1,63506.4,63469.6,63500.0
1781208900000,63500.0,63511.5,63466.4,63511.5
1781209080000,63511.5,63516.3,63493.5,63505.0
1781209260000,63505.0,63509.0,63428.4,63454.6
1781209440000,63454.6,63465.6,63391.8,63391.9
1781209620000,63391.9,63427.0,63290.3,63344.6
1781209800000,63344.6,63362.4,63308.9,63349.2
1781209980000,63349.2,63379.9,63314.5,63314.6
1781210160000,63314.6,63320.9,63289.0,63302.2
1781210340000,63302.2,63344.4,63284.3,63287.2
1781210520000,63287.2,63287.2,63254.9,63255.1
1781210700000,63255.1,63266.8,63235.8,63257.1
1781210880000,63257.1,63262.3,63240.0,63250.8
1781211060000,63250.8,63364.2,63245.3,63364.2
1781211240000,63364.2,63374.4,63350.8,63372.0
1781211420000,63372.0,63378.5,63342.0,63361.9
1781211600000,63361.9,63408.8,63359.7,63372.1
1781211780000,63372.1,63461.3,63370.0,63436.5
1781211960000,63436.5,63458.2,63424.1,63455.0
1781212140000,63455.0,63455.0,63425.7,63443.1
1781212320000,63443.1,63565.8,63443.0,63521.0
1781212500000,63521.0,63520.9,63480.2,63486.7
1781212680000,63486.7,63497.4,63474.3,63481.3
1781212860000,63481.3,63532.5,63465.7,63520.9
1781213040000,63520.9,63520.9,63417.6,63417.6
1781213220000,63417.6,63449.9,63408.7,63449.9
1781213400000,63449.9,63486.0,63449.9,63485.9
1781213580000,63485.9,63486.0,63422.9,63435.8
1781213760000,63435.8,63489.8,63435.8,63486.4
1781213940000,63486.4,63506.5,63446.9,63465.7
1781214120000,63465.7,63501.0,63460.8,63500.9
1781214300000,63500.9,63532.5,63492.0,63520.1
1781214480000,63520.1,63549.0,63494.2,63494.3
1781214660000,63494.3,63539.1,63486.8,63511.8
1781214840000,63511.8,63507.9,63423.1,63434.1
1781215020000,63434.1,63487.3,63420.2,63487.3
1781215200000,63487.3,63553.5,63467.7,63533.7
1781215380000,63533.7,63610.9,63533.7,63562.9
1781215560000,63562.9,63627.5,63544.6,63604.3
1781215740000,63604.3,63632.2,63575.8,63582.5
1781215920000,63582.5,63605.0,63548.5,63598.9
1781216100000,63598.9,63640.6,63566.4,63614.8
1781216280000,63614.8,63614.7,63579.7,63590.3
1781216460000,63590.3,63590.4,63513.9,63535.9
1781216640000,63535.9,63546.3,63500.0,63518.9
1781216820000,63518.9,63569.9,63510.1,63558.5
1781217000000,63558.5,63609.1,63531.6,63531.6
1781217180000,63531.6,63550.2,63465.2,63525.1
1781217360000,63525.1,63543.5,63485.8,63485.9
1781217540000,63485.9,63527.8,63471.1,63477.1
1781217720000,63477.1,63480.0,63457.5,63471.0
1781217900000,63471.0,63493.3,63431.3,63431.3
1781218080000,63431.3,63505.9,63425.1,63502.5
1781218260000,63502.5,63506.7,63480.0,63494.1
1781218440000,63494.1,63550.0,63488.0,63504.6
1781218620000,63504.6,63520.0,63466.9,63467.1
1781218800000,63467.1,63469.1,63373.2,63413.3
1781218980000,63413.3,63413.4,63336.3,63392.7
1781219160000,63392.7,63392.8,63330.6,63337.8
1781219340000,63337.8,63356.8,63328.1,63347.7
1781219520000,63347.7,63391.0,63347.6,63376.0
1781219700000,63376.0,63406.3,63357.4,63360.0
1781219880000,63360.0,63395.0,63350.0,63366.5
1781220060000,63366.5,63400.1,63356.3,63397.9
1781220240000,63397.9,63398.0,63350.5,63376.5
1781220420000,63376.5,63389.7,63340.1,63349.6
1781220600000,63349.6,63467.8,63349.5,63451.3
1781220780000,63451.3,63497.3,63431.2,63458.4
1781220960000,63458.4,63486.8,63444.1,63470.0
1781221140000,63470.0,63704.5,63461.2,63638.2
1781221320000,63638.2,63638.2,63593.6,63604.7
1781221500000,63604.7,63626.6,63578.3,63578.3
1781221680000,63578.3,63588.5,63550.0,63554.9
1781221860000,63554.9,63554.9,63491.0,63506.4
1781222040000,63506.4,63606.0,63506.4,63599.9
1781222220000,63599.9,63609.9,63566.2,63598.0
1781222400000,63598.0,63600.4,63532.0,63552.1
1781222580000,63552.1,63588.7,63511.2,63567.5
1781222760000,63567.5,63770.5,63559.2,63721.4
1781222940000,63721.4,63721.3,63661.9,63664.1
1781223120000,63664.1,63710.0,63650.0,63709.9
1781223300000,63709.9,63709.9,63583.3,63593.0
1781223480000,63593.0,63633.0,63592.9,63610.9
1781223660000,63610.9,63647.8,63566.1,63569.4
1781223840000,63569.4,63580.0,63519.9,63519.9
1781224020000,63519.9,63604.7,63489.8,63587.2
1781224200000,63587.2,63609.1,63531.9,63596.3
1781224380000,63596.3,63648.4,63586.7,63638.2
1781224560000,63638.2,63718.6,63614.7,63684.3
1781224740000,63684.3,63684.5,63622.0,63651.7
1781224920000,63651.7,63675.8,63610.4,63626.1
1781225100000,63626.1,63664.1,63617.2,63651.9
1781225280000,63651.9,63660.9,63629.7,63634.7
1781225460000,63634.7,63692.0,63634.6,63682.7
1781225640000,63682.7,63699.0,63672.3,63682.3
1781225820000,63682.3,63682.3,63604.8,63617.7
1781226000000,63617.7,63617.7,63443.5,63443.5
1781226180000,63443.5,63510.3,63443.7,63450.1
1781226360000,63450.1,63504.4,63449.6,63473.5
1781226540000,63473.5,63519.3,63452.2,63459.0
1781226720000,63459.0,63472.4,63432.6,63455.7
1781226900000,63455.7,63510.0,63423.5,63453.9
1781227080000,63453.9,63466.6,63374.2,63392.5
1781227260000,63392.5,63420.7,63358.0,63363.2
1781227440000,63363.2,63380.8,63310.5,63319.1
1781227620000,63319.1,63340.1,63271.6,63330.1
1781227800000,63330.1,63380.0,63325.4,63370.6
1781227980000,63370.6,63390.0,63283.0,63290.0
1781228160000,63290.0,63320.0,63282.9,63319.2
1781228340000,63319.2,63349.7,63302.2,63329.0
1781228520000,63329.0,63389.0,63325.7,63345.5
1781228700000,63345.5,63412.0,63345.5,63379.3
1781228880000,63379.3,63438.1,63370.9,63390.9
1781229060000,63390.9,63423.1,63380.0,63399.9
1781229240000,63399.9,63441.1,63372.7,63374.2
1781229420000,63374.2,63403.0,63352.9,63402.9
1781229600000,63402.9,63474.3,63402.9,63474.2
1781229780000,63474.2,63474.9,63441.1,63474.9
1781229960000,63474.9,63517.9,63474.1,63500.3
1781230140000,63500.3,63758.6,63500.0,63663.9
1781230320000,63663.9,63695.3,63629.5,63640.2
1781230500000,63640.2,63666.9,63581.8,63581.9
1781230680000,63581.9,63611.9,63558.0,63605.8
1781230860000,63605.8,63632.6,63577.9,63614.8
1781231040000,63614.8,63653.6,63555.0,63555.1
1781231220000,63555.1,63555.1,63493.4,63529.6
1781231400000,63529.6,63575.8,63527.2,63555.8
1781231580000,63555.8,63573.6,63465.9,63497.0
1781231760000,63497.0,63593.3,63483.3,63567.2
1781231940000,63567.2,63617.6,63550.8,63557.2
1781232120000,63557.2,63608.2,63550.8,63608.2
1781232300000,63608.2,63608.2,63566.5,63580.9
1781232480000,63580.9,63592.0,63559.1,63567.9
1781232660000,63567.9,63588.4,63550.6,63563.8
1781232840000,63563.8,63573.7,63558.4,63559.7
1781233020000,63559.7,63603.4,63524.0,63589.3
1781233200000,63589.3,63620.1,63562.9,63563.6
1781233380000,63563.6,63580.0,63529.7,63534.2
1781233560000,63534.2,63562.9,63526.1,63531.7
1781233740000,63531.7,63562.4,63527.7,63543.9
1781233920000,63543.9,63543.9,63481.3,63500.9
1781234100000,63500.9,63501.0,63463.2,63471.7
1781234280000,63471.7,63476.1,63421.2,63428.1
1781234460000,63428.1,63443.1,63366.0,63383.0
1781234640000,63383.0,63400.8,63317.2,63385.0
1781234820000,63385.0,63421.4,63367.0,63403.8
1781235000000,63403.8,63475.5,63403.8,63437.8
1781235180000,63437.8,63498.9,63427.1,63451.8
1781235360000,63451.8,63464.9,63430.8,63451.3
1781235540000,63451.3,63461.2,63424.3,63443.0
1781235720000,63443.0,63455.3,63410.8,63444.4
1781235900000,63444.4,63474.0,63423.3,63468.0
1781236080000,63468.0,63497.0,63431.4,63447.3
1781236260000,63447.3,63486.6,63447.4,63483.7
1781236440000,63483.7,63500.0,63475.3,63481.9
1781236620000,63481.9,63500.0,63477.3,63490.1
1781236800000,63490.1,63498.9,63444.6,63453.8
1781236980000,63453.8,63493.1,63450.2,63466.7
1781237160000,63466.7,63472.6,63393.2,63468.6
1781237340000,63468.6,63529.3,63446.1,63508.3
1781237520000,63508.3,63509.5,63440.8,63468.7
1781237700000,63468.7,63713.7,63468.7,63629.3
1781237880000,63629.3,63670.0,63611.0,63625.0
1781238060000,63625.0,63753.9,63629.9,63700.4
1781238240000,63700.4,63759.9,63682.6,63759.8
1781238420000,63759.8,63785.1,63730.0,63765.6
1781238600000,63765.6,63843.2,63717.9,63741.8
1781238780000,63741.8,63795.7,63680.8,63703.2
1781238960000,63703.2,63716.5,63672.9,63679.3
1781239140000,63679.3,63713.3,63667.3,63678.5
1781239320000,63678.5,63706.2,63658.9,63692.6
1781239500000,63692.6,63726.1,63675.0,63686.1
1781239680000,63686.1,63706.3,63681.4,63686.9
1781239860000,63686.9,63711.0,63680.1,63680.1
1781240040000,63680.1,63690.5,63665.0,63677.9
1781240220000,63677.9,63689.9,63660.4,63670.4
1781240400000,63670.4,63695.4,63584.0,63594.7
1781240580000,63594.7,63628.5,63591.7,63600.6
1781240760000,63600.6,63629.1,63535.8,63553.1
1781240940000,63553.1,63567.5,63421.3,63421.3
1781241120000,63421.3,63438.7,63383.7,63405.0
1781241300000,63405.0,63487.9,63405.0,63480.4
1781241480000,63480.4,63495.2,63465.6,63475.0
1781241660000,63475.0,63479.7,63439.2,63439.2
1781241840000,63439.2,63466.8,63415.7,63444.6
1781242020000,63444.6,63460.4,63441.0,63457.2
1781242200000,63457.2,63470.0,63415.9,63415.9
1781242380000,63415.9,63443.5,63397.4,63425.8
1781242560000,63425.8,63428.4,63333.2,63337.9
1781242740000,63337.9,63364.4,63305.0,63350.5
1781242920000,63350.5,63379.2,63343.0,63362.8
1781243100000,63362.8,63381.7,63320.7,63346.4
1781243280000,63346.4,63376.8,63269.1,63269.1
1781243460000,63269.1,63349.1,63268.6,63319.7
1781243640000,63319.7,63359.3,63319.7,63348.7
1781243820000,63348.7,63377.2,63317.5,63317.6
1781244000000,63317.6,63365.5,63300.1,63362.9
1781244180000,63362.9,63385.9,63336.4,63377.3
1781244360000,63377.3,63383.1,63311.7,63348.6
1781244540000,63348.6,63350.4,63241.0,63296.7
1781244720000,63296.7,63296.7,63250.1,63272.5
1781244900000,63272.5,63272.5,63130.8,63134.8
1781245080000,63134.8,63175.6,63133.1,63137.2
1781245260000,63137.2,63154.8,63062.8,63154.0
1781245440000,63154.0,63178.5,63122.5,63159.1
1781245620000,63159.1,63163.7,63122.8,63128.6
1781245800000,63128.6,63121.1,63015.4,63037.6
1781245980000,63037.6,63039.8,62852.1,62915.3
1781246160000,62915.3,62928.9,62802.8,62825.2
1781246340000,62825.2,62939.4,62825.1,62916.7
1781246520000,62916.7,62928.7,62892.2,62899.2
1781246700000,62899.2,62987.0,62893.8,62983.1
1781246880000,62983.1,62983.1,62929.5,62929.6
1781247060000,62929.6,62956.0,62904.8,62932.4
1781247240000,62932.4,62956.0,62922.1,62955.9
1781247420000,62955.9,62997.1,62950.1,62955.9
1781247600000,62955.9,63072.8,62955.9,63050.1
1781247780000,63050.1,63087.8,63031.5,63083.1
1781247960000,63083.1,63091.0,63025.0,63071.7
1781248140000,63071.7,63074.9,63010.2,63010.2
1781248320000,63010.2,63040.6,62950.1,62957.0
1781248500000,62957.0,62991.7,62919.9,62991.7
1781248680000,62991.7,63056.6,62985.4,63039.1
1781248860000,63039.1,63048.5,62958.6,63003.6
1781249040000,63003.6,63025.2,62985.8,62995.8
1781249220000,62995.8,63010.5,62974.4,62994.5
1781249400000,62994.5,63022.3,62982.3,63003.5
1781249580000,63003.5,63020.0,62968.0,63006.8
1781249760000,63006.8,63006.9,62946.1,62988.6
1781249940000,62988.6,63063.2,62989.0,63058.8
1781250120000,63058.8,63062.6,63026.7,63026.7
1781250300000,63026.7,63037.4,62992.8,63000.0
1781250480000,63000.0,63017.9,62985.9,62989.1
1781250660000,62989.1,63000.0,62977.1,62977.2
1781250840000,62977.2,63179.8,62974.6,63126.0
1781251020000,63126.0,63166.3,63061.2,63066.5
1781251200000,63066.5,63162.7,63063.9,63150.0
1781251380000,63150.0,63168.0,63100.0,63165.6
1781251560000,63165.6,63256.2,63163.2,63254.1
1781251740000,63254.1,63290.0,63241.0,63267.6
1781251920000,63267.6,63319.2,63266.3,63266.4
1781252100000,63266.4,63392.5,63252.5,63367.7
1781252280000,63367.7,63445.1,63357.9,63437.5
1781252460000,63437.5,63587.0,63437.4,63487.0
1781252640000,63487.0,63515.9,63437.2,63454.4
1781252820000,63454.4,63513.6,63454.4,63499.9
1781253000000,63499.9,63512.4,63440.0,63455.5
1781253180000,63455.5,63500.0,63414.1,63433.8
1781253360000,63433.8,63444.8,63399.0,63444.8
1781253540000,63444.8,63469.2,63388.2,63390.9
1781253720000,63390.9,63395.7,63346.3,63360.9
1781253900000,63360.9,63430.5,63324.3,63400.0
1781254080000,63400.0,63425.9,63381.8,63392.1
1781254260000,63392.1,63453.1,63382.7,63444.5
1781254440000,63444.5,63456.2,63419.4,63451.4
1781254620000,63451.4,63456.4,63432.1,63440.4
1781254800000,63440.4,63486.5,63420.1,63468.1
1781254980000,63468.1,63468.1,63398.4,63427.3
1781255160000,63427.3,63519.4,63427.7,63461.9
1781255340000,63461.9,63510.2,63458.0,63503.9
1781255520000,63503.9,63554.6,63475.8,63536.3
1781255700000,63536.3,63580.0,63518.1,63535.0
1781255880000,63535.0,63597.0,63524.9,63569.8
1781256060000,63569.8,63689.0,63565.1,63627.0
1781256240000,63627.0,63687.7,63627.0,63687.6
1781256420000,63687.6,63765.2,63687.6,63734.9
1781256600000,63734.9,63888.1,63731.6,63860.7
1781256780000,63860.7,63930.0,63829.1,63876.5
1781256960000,63876.5,63881.4,63819.2,63825.6
1781257140000,63825.6,63852.9,63796.3,63805.2
1781257320000,63805.2,63881.5,63805.2,63854.3
1781257500000,63854.3,63913.1,63796.5,63879.8
1781257680000,63879.8,63886.8,63799.5,63834.8
1781257860000,63834.8,63834.9,63762.3,63768.4
1781258040000,63768.4,63816.9,63749.3,63771.1
1781258220000,63771.1,63783.6,63720.0,63729.5
1781258400000,63729.5,63729.5,63660.2,63708.5
1781258580000,63708.5,63716.9,63664.7,63668.0
1781258760000,63668.0,63722.0,63668.0,63721.0
1781258940000,63721.0,63824.0,63690.6,63715.3
1781259120000,63715.3,63742.0,63683.8,63741.0
1781259300000,63741.0,63756.3,63686.5,63740.0
1781259480000,63740.0,63755.3,63699.8,63709.9
1781259660000,63709.9,63747.2,63706.9,63739.5
1781259840000,63739.5,63782.4,63575.4,63575.5
1781260020000,63575.5,63593.8,63549.9,63582.7
1781260200000,63582.7,63666.0,63575.9,63666.0
1781260380000,63666.0,63720.7,63639.2,63686.8
1781260560000,63686.8,63727.4,63661.2,63704.6
1781260740000,63704.6,63720.0,63640.9,63640.9
1781260920000,63640.9,63654.8,63630.3,63654.7
1781261100000,63654.7,63670.8,63635.0,63661.0
1781261280000,63661.0,63713.0,63661.0,63690.3
1781261460000,63690.3,63693.9,63658.6,63679.6
1781261640000,63679.6,63697.0,63651.1,63673.2
1781261820000,63673.2,63708.8,63628.9,63665.1
1781262000000,63665.1,63763.1,63651.2,63755.3
1781262180000,63755.3,63853.7,63750.0,63835.1
1781262360000,63835.1,63853.9,63771.2,63771.3
1781262540000,63771.3,63771.3,63711.8,63753.2
1781262720000,63753.2,63819.9,63745.1,63792.7
1781262900000,63792.7,63819.8,63760.6,63761.4
1781263080000,63761.4,63788.9,63724.8,63767.9
1781263260000,63767.9,63820.0,63765.1,63819.9
1781263440000,63819.9,63846.9,63796.6,63800.0
1781263620000,63800.0,63818.0,63786.6,63792.1
1781263800000,63792.1,63792.1,63693.4,63699.1
1781263980000,63699.1,63725.3,63650.0,63672.9
1781264160000,63672.9,63690.5,63656.0,63668.3
1781264340000,63668.3,63772.8,63656.1,63750.5
1781264520000,63750.5,63770.9,63730.5,63763.1
1781264700000,63763.1,63855.8,63758.7,63799.9
1781264880000,63799.9,63808.0,63779.2,63783.7
1781265060000,63783.7,63804.0,63762.0,63804.0
1781265240000,63804.0,63817.0,63763.7,63790.0
1781265420000,63790.0,63790.1,63729.4,63729.5
1781265600000,63729.5,63729.5,63613.8,63711.4
1781265780000,63711.4,63745.1,63625.4,63643.3
1781265960000,63643.3,63671.0,63613.6,63652.7
1781266140000,63652.7,63677.2,63622.2,63630.1
1781266320000,63630.1,63630.1,63586.1,63600.0
1781266500000,63600.0,63634.4,63583.3,63623.4
1781266680000,63623.4,63651.9,63562.9,63562.9
1781266860000,63562.9,63582.2,63523.8,63564.1
1781267040000,63564.1,63564.2,63502.5,63505.1
1781267220000,63505.1,63505.2,63427.7,63437.5
1781267400000,63437.5,63497.1,63415.4,63486.9
1781267580000,63486.9,63538.2,63486.0,63492.4
1781267760000,63492.4,63500.0,63424.0,63425.0
1781267940000,63425.0,63437.0,63358.1,63419.1
1781268120000,63419.1,63459.7,63363.0,63401.9
1781268300000,63401.9,63464.0,63377.4,63460.0
1781268480000,63460.0,63514.7,63431.5,63466.7
1781268660000,63466.7,63505.8,63431.8,63472.5
1781268840000,63472.5,63472.6,63343.1,63398.4
1781269020000,63398.4,63465.4,63392.5,63433.8
1781269200000,63433.8,63469.4,63364.6,63426.2
1781269380000,63426.2,63426.2,63390.6,63418.8
1781269560000,63418.8,63449.7,63393.9,63439.1
1781269740000,63439.1,63481.2,63395.2,63395.3
1781269920000,63395.3,63457.8,63330.2,63456.3
1781270100000,63456.3,63465.4,63413.1,63428.9
1781270280000,63428.9,63507.9,63429.0,63471.1
1781270460000,63471.1,63471.1,63355.2,63355.4
1781270640000,63355.4,63396.9,63355.3,63375.8
1781270820000,63375.8,63384.5,63321.4,63381.0
1781271000000,63381.0,63427.3,63213.0,63253.8
1781271180000,63253.8,63348.2,63193.5,63323.5
1781271360000,63323.5,63333.0,63240.1,63310.2
1781271540000,63310.2,63385.0,63085.3,63140.9
1781271720000,63140.9,63158.3,63021.6,63107.8
1781271900000,63107.8,63197.5,63090.0,63152.1
1781272080000,63152.1,63218.8,63073.8,63212.5
1781272260000,63212.5,63240.0,63130.4,63130.5
1781272440000,63130.5,63151.2,63070.1,63100.2
1781272620000,63100.2,63213.3,63100.2,63200.2
1781272800000,63200.2,63462.3,63168.0,63348.1
1781272980000,63348.1,63438.4,63301.0,63318.5
1781273160000,63318.5,63532.0,63314.9,63397.7
1781273340000,63397.7,63430.0,63351.1,63395.9
1781273520000,63395.9,63430.1,63320.0,63418.2
1781273700000,63418.2,63536.9,63402.5,63458.2
1781273880000,63458.2,63460.0,63360.0,63413.2
1781274060000,63413.2,63486.8,63286.7,63352.8
1781274240000,63352.8,63572.6,63352.8,63510.0
1781274420000,63510.0,63627.8,63510.1,63603.0
1781274600000,63603.0,63666.6,63544.8,63561.9
1781274780000,63561.9,63710.6,63524.2,63661.6
1781274960000,63661.6,63759.6,63624.6,63715.8
1781275140000,63715.8,63745.6,63558.4,63583.4
1781275320000,63583.4,63624.7,63450.0,63478.2
1781275500000,63478.2,63543.8,63450.1,63473.3
1781275680000,63473.3,63619.7,63434.0,63615.7
1781275860000,63615.7,63923.2,63532.0,63853.3
1781276040000,63853.3,63974.1,63820.0,63939.0
1781276220000,63939.0,63978.3,63882.2,63971.0
1781276400000,63971.0,64158.8,63944.9,64070.2
1781276580000,64070.2,64107.6,63859.3,63997.2
1781276760000,63997.2,64160.4,63987.0,64079.7
1781276940000,64079.7,64241.2,64042.9,64199.9
1781277120000,64199.9,64354.7,64131.8,64336.2
1781277300000,64336.2,64362.6,64240.0,64309.5
1781277480000,64309.5,64320.0,64183.6,64202.2
1781277660000,64202.2,64244.3,64167.5,64208.9
1781277840000,64208.9,64285.4,64206.5,64247.6
1781278020000,64247.6,64270.1,64094.0,64099.9
1781278200000,64099.9,64100.0,63966.7,63980.0
1781278380000,63980.0,64045.1,63850.2,64045.0
1781278560000,64045.0,64045.0,63837.1,63851.8
1781278740000,63851.8,63948.2,63806.6,63825.7
1781278920000,63825.7,63893.2,63769.0,63873.4
1781279100000,63873.4,63909.4,63741.8,63748.4
1781279280000,63748.4,63761.5,63642.1,63734.8
1781279460000,63734.8,63820.0,63700.0,63790.3
1781279640000,63790.3,63833.0,63635.0,63670.2
1781279820000,63670.2,63689.6,63514.1,63557.1
1781280000000,63557.1,63665.9,63500.0,63500.1
1781280180000,63500.1,63709.9,63477.5,63633.0
1781280360000,63633.0,63769.3,63629.3,63725.1
1781280540000,63725.1,63728.9,63667.4,63706.1
1781280720000,63706.1,63937.6,63706.1,63827.6
1781280900000,63827.6,63968.5,63811.5,63821.6
1781281080000,63821.6,63866.1,63733.4,63733.4
1781281260000,63733.4,63830.3,63726.8,63760.7
1781281440000,63760.7,63890.0,63747.4,63882.6
1781281620000,63882.6,63895.3,63822.0,63873.2
1781281800000,63873.2,63906.5,63832.5,63879.7
1781281980000,63879.7,63900.3,63763.8,63766.3
1781282160000,63766.3,63932.1,63760.3,63918.4
1781282340000,63918.4,63974.8,63887.1,63887.1
1781282520000,63887.1,63897.1,63738.7,63817.4
1781282700000,63817.4,63873.3,63799.8,63862.3
1781282880000,63862.3,63957.1,63846.2,63899.7
1781283060000,63899.7,63938.6,63873.6,63913.4
1781283240000,63913.4,63918.0,63841.3,63884.5
1781283420000,63884.5,63955.2,63884.4,63951.4
1781283600000,63951.4,64002.1,63893.8,63908.0
1781283780000,63908.0,64019.3,63890.0,64000.3
1781283960000,64000.3,64078.9,63980.0,63981.6
1781284140000,63981.6,64007.0,63914.0,63926.5
1781284320000,63926.5,63927.2,63840.3,63875.6
1781284500000,63875.6,63890.9,63826.1,63856.9
1781284680000,63856.9,63856.9,63783.1,63820.3
1781284860000,63820.3,63845.9,63740.0,63755.9
1781285040000,63755.9,63793.5,63747.0,63764.3
1781285220000,63764.3,63805.8,63708.0,63793.8
1781285400000,63793.8,63823.0,63724.5,63771.2
1781285580000,63771.2,63811.2,63750.0,63784.9
1781285760000,63784.9,63888.2,63753.6,63821.2
1781285940000,63821.2,63832.4,63756.8,63803.4
1781286120000,63803.4,63842.9,63770.1,63797.4
1781286300000,63797.4,63838.2,63788.5,63813.9
1781286480000,63813.9,63844.8,63798.5,63803.4
1781286660000,63803.4,63855.1,63770.2,63825.5
1781286840000,63825.5,63829.2,63785.7,63795.5
1781287020000,63795.5,63836.9,63789.2,63836.9
1781287200000,63836.9,63874.7,63826.2,63862.6
1781287380000,63862.6,63878.6,63796.7,63801.3
1781287560000,63801.3,63837.6,63679.7,63711.3
1781287740000,63711.3,63885.0,63711.2,63885.0
1781287920000,63885.0,63907.0,63784.7,63784.7
1781288100000,63784.7,63812.3,63682.8,63709.4
1781288280000,63709.4,63721.8,63654.8,63674.1
1781288460000,63674.1,63697.6,63655.5,63671.9
1781288640000,63671.9,63741.2,63671.9,63693.6
1781288820000,63693.6,63753.3,63682.3,63748.9
1781289000000,63748.9,63790.0,63695.2,63766.9
1781289180000,63766.9,63775.7,63718.1,63722.3
1781289360000,63722.3,63799.6,63722.2,63778.4
1781289540000,63778.4,63888.0,63778.4,63876.1
1781289720000,63876.1,63876.1,63828.0,63838.7
1781289900000,63838.7,63876.4,63811.2,63818.6
1781290080000,63818.6,63835.2,63771.5,63774.6
1781290260000,63774.6,63806.3,63744.3,63758.9
1781290440000,63758.9,63780.9,63720.3,63743.0
1781290620000,63743.0,63743.0,63647.5,63661.8
1781290800000,63661.8,63707.6,63655.6,63707.5
1781290980000,63707.5,63759.3,63705.4,63710.0
1781291160000,63710.0,63715.9,63651.3,63696.5
1781291340000,63696.5,63730.4,63641.9,63645.3
1781291520000,63645.3,63694.3,63636.3,63679.9
1781291700000,63679.9,63687.1,63614.8,63662.5
1781291880000,63662.5,63730.2,63662.5,63677.3
1781292060000,63677.3,63677.3,63655.0,63671.6
1781292240000,63671.6,63755.8,63671.6,63736.9
1781292420000,63736.9,63751.6,63691.4,63700.6
1781292600000,63700.6,63704.9,63617.0,63627.7
1781292780000,63627.7,63642.3,63600.5,63612.2
1781292960000,63612.2,63790.8,63612.1,63723.6
1781293140000,63723.6,63735.2,63670.8,63684.2
1781293320000,63684.2,63687.3,63602.0,63615.5
1781293500000,63615.5,63638.9,63578.2,63586.9
1781293680000,63586.9,63635.4,63567.9,63582.7
1781293860000,63582.7,63628.9,63569.2,63569.3
1781294040000,63569.3,63602.8,63569.3,63574.9
1781294220000,63574.9,63590.5,63555.0,63555.1
1781294400000,63555.1,63605.5,63552.3,63572.8
1781294580000,63572.8,63641.7,63563.6,63603.1
1781294760000,63603.1,63664.4,63603.1,63641.8
1781294940000,63641.8,63641.9,63527.5,63545.8
1781295120000,63545.8,63598.0,63536.3,63597.9
1781295300000,63597.9,63611.0,63502.0,63502.1
1781295480000,63502.1,63520.0,63487.5,63519.9
1781295660000,63519.9,63523.5,63496.0,63507.4
1781295840000,63507.4,63509.4,63480.0,63491.6
1781296020000,63491.6,63503.9,63482.2,63500.0
1781296200000,63500.0,63542.2,63489.8,63529.2
1781296380000,63529.2,63529.2,63485.9,63500.1
1781296560000,63500.1,63520.0,63500.1,63505.2
1781296740000,63505.2,63545.1,63486.4,63523.8
1781296920000,63523.8,63531.7,63483.5,63495.7
1781297100000,63495.7,63508.1,63419.9,63421.9
1781297280000,63421.9,63433.8,63390.2,63426.1
1781297460000,63426.1,63425.9,63364.4,63405.9
1781297640000,63405.9,63444.4,63362.8,63438.2
1781297820000,63438.2,63444.5,63413.2,63416.4
1781298000000,63416.4,63462.8,63415.2,63454.6
1781298180000,63454.6,63457.3,63413.0,63446.7
1781298360000,63446.7,63522.6,63435.0,63517.5
1781298540000,63517.5,63573.9,63517.4,63560.1
1781298720000,63560.1,63600.0,63539.4,63574.2
1781298900000,63574.2,63603.4,63574.2,63601.6
1781299080000,63601.6,63601.6,63553.0,63553.0
1781299260000,63553.0,63563.9,63526.8,63534.6
1781299440000,63534.6,63534.7,63508.7,63513.2
1781299620000,63513.2,63513.3,63471.6,63485.7
1781299800000,63485.7,63541.6,63483.0,63541.6
1781299980000,63541.6,63541.6,63475.2,63483.4
1781300160000,63483.4,63547.8,63483.5,63532.4
1781300340000,63532.4,63546.8,63517.3,63517.4
1781300520000,63517.4,63550.0,63500.0,63510.3
1781300700000,63510.3,63528.5,63433.0,63438.8
1781300880000,63438.8,63494.5,63433.7,63433.7
1781301060000,63433.7,63465.3,63413.5,63430.2
1781301240000,63430.2,63474.0,63430.1,63440.5
1781301420000,63440.5,63502.3,63426.5,63450.0
1781301600000,63450.0,63511.8,63446.2,63489.5
1781301780000,63489.5,63511.8,63461.7,63506.4
1781301960000,63506.4,63513.5,63470.6,63470.7
1781302140000,63470.7,63532.3,63451.1,63451.1
1781302320000,63451.1,63489.5,63451.2,63485.0
1781302500000,63485.0,63500.0,63465.1,63465.1
1781302680000,63465.1,63521.9,63462.0,63514.3
1781302860000,63514.3,63633.3,63514.2,63581.7
1781303040000,63581.7,63605.9,63575.1,63577.0
1781303220000,63577.0,63580.5,63562.4,63570.7
1781303400000,63570.7,63590.2,63500.1,63500.1
1781303580000,63500.1,63503.5,63435.6,63499.9
1781303760000,63499.9,63509.0,63482.5,63500.9
1781303940000,63500.9,63501.9,63445.0,63466.0
1781304120000,63466.0,63484.1,63463.2,63481.6
1781304300000,63481.6,63509.5,63472.5,63491.4
1781304480000,63491.4,63500.4,63468.0,63490.5
1781304660000,63490.5,63490.6,63460.0,63476.1
1781304840000,63476.1,63483.8,63466.5,63479.4
1781305020000,63479.4,63489.7,63468.0,63482.9
1781305200000,63482.9,63485.9,63419.6,63419.7
1781305380000,63419.7,63450.0,63418.8,63427.8
1781305560000,63427.8,63485.3,63416.6,63462.4
1781305740000,63462.4,63462.8,63425.0,63450.0
1781305920000,63450.0,63450.1,63420.5,63440.0
1781306100000,63440.0,63475.4,63417.6,63422.2
1781306280000,63422.2,63424.3,63394.3,63397.3
1781306460000,63397.3,63420.0,63397.0,63414.1
1781306640000,63414.1,63453.8,63412.0,63431.9
1781306820000,63431.9,63443.6,63421.5,63424.3
1781307000000,63424.3,63455.7,63408.3,63408.3
1781307180000,63408.3,63480.2,63408.3,63462.7
1781307360000,63462.7,63462.6,63418.3,63439.1
1781307540000,63439.1,63547.5,63439.1,63500.3
1781307720000,63500.3,63510.0,63469.3,63477.0
1781307900000,63477.0,63512.8,63477.0,63494.4
1781308080000,63494.4,63526.7,63485.4,63515.4
1781308260000,63515.4,63546.6,63515.3,63540.0
1781308440000,63540.0,63554.7,63534.4,63537.5
1781308620000,63537.5,63550.3,63531.8,63547.0
1781308800000,63547.0,63574.4,63531.9,63571.8
1781308980000,63571.8,63571.9,63508.3,63543.1
1781309160000,63543.1,63580.6,63523.2,63523.3
1781309340000,63523.3,63564.6,63505.9,63538.1
1781309520000,63538.1,63567.8,63515.0,63559.2
1781309700000,63559.2,63563.1,63528.0,63529.1
1781309880000,63529.1,63535.6,63510.0,63528.5
1781310060000,63528.5,63573.0,63528.4,63567.7
1781310240000,63567.7,63569.9,63508.0,63532.2
1781310420000,63532.2,63533.3,63500.0,63500.1
1781310600000,63500.1,63542.6,63480.0,63537.4
1781310780000,63537.4,63569.9,63515.2,63531.6
1781310960000,63531.6,63567.6,63531.6,63566.1
1781311140000,63566.1,63600.0,63561.9,63564.0
1781311320000,63564.0,63574.1,63553.4,63559.8
1781311500000,63559.8,63594.2,63534.2,63567.7
1781311680000,63567.7,63567.7,63533.6,63535.6
1781311860000,63535.6,63548.2,63525.2,63547.2
1781312040000,63547.2,63594.7,63547.1,63592.5
1781312220000,63592.5,63621.2,63569.2,63569.2
1781312400000,63569.2,63601.0,63569.2,63592.3
1781312580000,63592.3,63602.9,63585.0,63597.9
1781312760000,63597.9,63671.8,63597.9,63654.7
1781312940000,63654.7,63654.7,63597.8,63607.6
1781313120000,63607.6,63637.1,63605.3,63625.5
1781313300000,63625.5,63652.6,63620.1,63620.1
1781313480000,63620.1,63620.1,63575.2,63575.2
1781313660000,63575.2,63624.8,63575.1,63617.2
1781313840000,63617.2,63627.0,63584.2,63606.0
1781314020000,63606.0,63627.4,63603.1,63627.4
1781314200000,63627.4,63629.3,63608.8,63629.3
1781314380000,63629.3,63647.7,63619.8,63635.3
1781314560000,63635.3,63693.0,63635.3,63659.5
1781314740000,63659.5,63669.9,63648.0,63664.8
1781314920000,63664.8,63818.9,63664.8,63725.0
1781315100000,63725.0,63814.0,63725.0,63797.6
1781315280000,63797.6,63799.4,63755.8,63758.3
1781315460000,63758.3,63810.0,63756.9,63796.8
1781315640000,63796.8,63796.8,63764.4,63764.6
1781315820000,63764.6,63801.1,63753.7,63801.0
1781316000000,63801.0,63802.5,63756.3,63772.4
1781316180000,63772.4,63799.0,63751.7,63751.7
1781316360000,63751.7,63775.8,63748.1,63775.7
1781316540000,63775.7,63806.4,63736.1,63750.9
1781316720000,63750.9,63770.3,63736.4,63762.1
1781316900000,63762.1,63762.2,63731.0,63762.2
1781317080000,63762.2,63775.1,63731.0,63731.0
1781317260000,63731.0,63745.5,63708.6,63732.1
1781317440000,63732.1,63732.1,63685.9,63710.5
1781317620000,63710.5,63710.6,63649.9,63684.8
1781317800000,63684.8,63698.0,63650.3,63650.3
1781317980000,63650.3,63675.1,63642.8,63652.7
1781318160000,63652.7,63686.5,63652.7,63682.4
1781318340000,63682.4,63682.5,63650.0,63650.1
1781318520000,63650.1,63668.4,63585.8,63590.9
1781318700000,63590.9,63608.9,63567.9,63570.1
1781318880000,63570.1,63570.1,63520.8,63525.2
1781319060000,63525.2,63556.8,63517.8,63555.0
1781319240000,63555.0,63590.0,63555.8,63588.6
1781319420000,63588.6,63628.2,63588.6,63612.1
1781319600000,63612.1,63665.5,63612.1,63659.6
1781319780000,63659.6,63680.2,63649.8,63678.4
1781319960000,63678.4,63695.0,63650.5,63654.5
1781320140000,63654.5,63682.2,63645.1,63645.2
1781320320000,63645.2,63670.5,63626.4,63626.5
1781320500000,63626.5,63647.9,63626.4,63629.1
1781320680000,63629.1,63629.1,63539.7,63539.7
1781320860000,63539.7,63548.4,63521.4,63526.6
1781321040000,63526.6,63554.8,63526.6,63538.5
1781321220000,63538.5,63538.5,63369.9,63479.7
1781321400000,63479.7,63494.4,63446.8,63449.9
1781321580000,63449.9,63474.2,63449.8,63474.2
1781321760000,63474.2,63478.3,63450.0,63464.0
1781321940000,63464.0,63484.8,63450.0,63467.5
1781322120000,63467.5,63471.6,63460.0,63471.6
1781322300000,63471.6,63482.6,63468.0,63474.9
1781322480000,63474.9,63478.9,63460.0,63460.1
1781322660000,63460.1,63519.3,63460.0,63510.2
1781322840000,63510.2,63525.3,63502.1,63522.8
1781323020000,63522.8,63525.0,63492.4,63494.4
1781323200000,63494.4,63538.5,63482.2,63526.1
1781323380000,63526.1,63533.9,63463.8,63493.9
1781323560000,63493.9,63507.0,63454.0,63454.0
1781323740000,63454.0,63474.4,63444.9,63474.4
1781323920000,63474.4,63482.0,63474.3,63481.9
1781324100000,63481.9,63494.5,63462.9,63480.6
1781324280000,63480.6,63518.7,63480.5,63500.9
1781324460000,63500.9,63557.9,63500.8,63518.7
1781324640000,63518.7,63523.2,63512.4,63523.2
1781324820000,63523.2,63523.2,63508.3,63508.5
1781325000000,63508.5,63545.8,63497.7,63545.8
1781325180000,63545.8,63597.9,63533.8,63580.0
1781325360000,63580.0,63580.6,63555.0,63568.5
1781325540000,63568.5,63587.9,63568.5,63587.8
1781325720000,63587.8,63594.9,63571.6,63585.1
1781325900000,63585.1,63585.1,63576.6,63584.0
1781326080000,63584.0,63619.1,63584.0,63619.1
1781326260000,63619.1,63619.1,63570.5,63570.5
1781326440000,63570.5,63584.0,63511.4,63517.1
1781326620000,63517.1,63517.1,63473.2,63475.2
1781326800000,63475.2,63514.0,63456.1,63508.9
1781326980000,63508.9,63524.1,63482.3,63482.4
1781327160000,63482.4,63512.7,63478.5,63509.1
1781327340000,63509.1,63546.9,63509.1,63540.1
1781327520000,63540.1,63550.3,63530.4,63530.4
1781327700000,63530.4,63530.5,63506.9,63518.0
1781327880000,63518.0,63564.3,63520.0,63533.9
1781328060000,63533.9,63547.7,63533.8,63536.0
1781328240000,63536.0,63543.1,63508.0,63529.0
1781328420000,63529.0,63563.7,63518.3,63522.2
1781328600000,63522.2,63560.0,63530.6,63541.3
1781328780000,63541.3,63550.2,63519.2,63519.3
1781328960000,63519.3,63523.9,63505.9,63514.9
1781329140000,63514.9,63555.9,63500.0,63555.8
1781329320000,63555.8,63560.0,63519.8,63548.3
1781329500000,63548.3,63553.2,63485.9,63492.7
1781329680000,63492.7,63518.0,63492.7,63517.9
1781329860000,63517.9,63526.8,63466.6,63496.9
1781330040000,63496.9,63510.8,63492.8,63504.5
1781330220000,63504.5,63555.0,63504.4,63554.9
1781330400000,63554.9,63583.3,63518.1,63530.1
1781330580000,63530.1,63548.0,63525.0,63541.3
1781330760000,63541.3,63567.8,63528.0,63559.1
1781330940000,63559.1,63576.5,63559.0,63565.2
1781331120000,63565.2,63565.2,63546.6,63549.9
1781331300000,63549.9,63550.0,63516.3,63544.0
1781331480000,63544.0,63589.0,63536.9,63589.0
1781331660000,63589.0,63603.4,63576.9,63589.3
1781331840000,63589.3,63616.4,63560.1,63616.4
1781332020000,63616.4,63646.5,63600.0,63646.5
1781332200000,63646.5,63664.2,63612.5,63646.9
1781332380000,63646.9,63666.0,63646.9,63657.3
1781332560000,63657.3,63660.0,63637.8,63643.0
1781332740000,63643.0,63654.1,63638.6,63638.7
1781332920000,63638.7,63650.0,63638.6,63644.5
1781333100000,63644.5,63669.9,63644.4,63667.8
1781333280000,63667.8,63676.9,63653.9,63656.5
1781333460000,63656.5,63699.0,63654.2,63689.0
1781333640000,63689.0,63699.9,63688.9,63693.0
1781333820000,63693.0,63715.5,63688.9,63702.9
1781334000000,63702.9,63708.8,63662.2,63662.3
1781334180000,63662.3,63674.2,63655.1,63674.1
1781334360000,63674.1,63674.2,63637.3,63661.5
1781334540000,63661.5,63688.0,63661.4,63688.0
1781334720000,63688.0,63724.7,63687.9,63692.8
1781334900000,63692.8,63692.9,63645.1,63667.8
1781335080000,63667.8,63700.0,63664.7,63689.8
1781335260000,63689.8,63709.8,63685.4,63702.3
1781335440000,63702.3,63749.7,63690.0,63728.9
1781335620000,63728.9,63777.7,63728.8,63749.3
1781335800000,63749.3,63761.5,63720.1,63720.1
1781335980000,63720.1,63794.6,63713.3,63782.1
1781336160000,63782.1,63790.6,63777.0,63790.1
1781336340000,63790.1,63790.8,63781.7,63787.1
1781336520000,63787.1,63810.0,63765.8,63800.1
1781336700000,63800.1,63868.0,63797.8,63817.9
1781336880000,63817.9,63840.3,63770.7,63833.4
1781337060000,63833.4,63837.6,63781.1,63816.6
1781337240000,63816.6,63826.4,63774.4,63779.2
1781337420000,63779.2,63824.0,63777.0,63823.9
1781337600000,63823.9,63825.0,63766.9,63783.9
1781337780000,63783.9,63787.9,63760.7,63760.7
1781337960000,63760.7,63767.8,63746.1,63757.4
1781338140000,63757.4,63859.9,63743.3,63782.7
1781338320000,63782.7,63782.9,63758.2,63762.3
1781338500000,63762.3,63798.8,63749.3,63782.4
1781338680000,63782.4,63808.3,63764.1,63764.1
1781338860000,63764.1,63775.0,63735.4,63739.7
1781339040000,63739.7,63786.5,63729.8,63770.9
1781339220000,63770.9,63799.2,63770.9,63787.3
1781339400000,63787.3,63834.5,63771.0,63782.3
1781339580000,63782.3,63889.6,63776.1,63882.6
1781339760000,63882.6,63889.7,63830.1,63848.3
1781339940000,63848.3,63881.9,63832.3,63881.9
1781340120000,63881.9,63882.0,63844.6,63847.9
1781340300000,63847.9,63847.9,63837.1,63839.0
1781340480000,63839.0,63839.1,63800.2,63814.4
1781340660000,63814.4,63819.1,63775.2,63787.9
1781340840000,63787.9,63788.0,63770.3,63783.8
1781341020000,63783.8,63795.2,63771.5,63771.6
1781341200000,63771.6,63819.4,63771.5,63785.9
1781341380000,63785.9,63790.1,63751.0,63790.0
1781341560000,63790.0,63813.0,63775.6,63775.6
1781341740000,63775.6,63785.4,63760.4,63763.9
1781341920000,63763.9,63784.7,63763.9,63774.4
1781342100000,63774.4,63804.3,63774.4,63789.9
1781342280000,63789.9,63833.0,63788.1,63833.0
1781342460000,63833.0,63833.0,63790.6,63790.6
1781342640000,63790.6,63810.0,63769.1,63778.1
1781342820000,63778.1,63788.0,63778.1,63788.0
1781343000000,63788.0,63800.0,63787.9,63791.8
1781343180000,63791.8,63799.1,63770.2,63785.4
1781343360000,63785.4,63785.5,63757.0,63770.9
1781343540000,63770.9,63790.0,63762.1,63786.1
1781343720000,63786.1,63786.3,63770.1,63784.7
1781343900000,63784.7,63788.1,63757.6,63759.0
1781344080000,63759.0,63763.9,63722.0,63731.9
1781344260000,63731.9,63743.2,63711.4,63723.0
1781344440000,63723.0,63744.3,63722.9,63744.3
1781344620000,63744.3,63744.3,63708.2,63710.0
1781344800000,63710.0,63733.1,63708.2,63733.0
1781344980000,63733.0,63736.8,63689.2,63736.7
1781345160000,63736.7,63754.5,63736.7,63750.4
1781345340000,63750.4,63750.5,63721.0,63738.6
1781345520000,63738.6,63754.5,63732.6,63754.5
1781345700000,63754.5,63760.0,63719.8,63729.2
1781345880000,63729.2,63760.4,63730.6,63750.4
1781346060000,63750.4,63750.5,63725.1,63739.4
1781346240000,63739.4,63761.6,63739.3,63761.6
1781346420000,63761.6,63761.6,63735.5,63735.5
1781346600000,63735.5,63789.0,63735.4,63788.0
1781346780000,63788.0,63817.4,63788.0,63799.1
1781346960000,63799.1,63821.7,63799.0,63807.7
1781347140000,63807.7,63823.8,63790.0,63790.1
1781347320000,63790.1,63861.9,63784.8,63819.9
1781347500000,63819.9,63857.6,63819.9,63847.9
1781347680000,63847.9,63858.0,63835.6,63854.6
1781347860000,63854.6,63883.2,63840.0,63846.9
1781348040000,63846.9,63846.9,63766.8,63783.6
1781348220000,63783.6,63813.0,63783.5,63812.9
1781348400000,63812.9,63852.4,63809.4,63817.1
1781348580000,63817.1,63833.2,63817.1,63830.3
1781348760000,63830.3,63865.2,63826.6,63860.0
1781348940000,63860.0,63913.7,63855.0,63880.6
1781349120000,63880.6,63906.6,63879.0,63896.1
1781349300000,63896.1,63933.8,63894.0,63918.5
1781349480000,63918.5,63946.9,63918.5,63924.9
1781349660000,63924.9,63925.0,63892.6,63896.6
1781349840000,63896.6,63929.8,63896.6,63922.2
1781350020000,63922.2,63939.9,63922.2,63923.8
1781350200000,63923.8,63922.2,63872.2,63888.5
1781350380000,63888.5,63905.5,63878.2,63901.9
1781350560000,63901.9,63905.6,63859.0,63868.5
1781350740000,63868.5,63888.0,63867.4,63888.0
1781350920000,63888.0,63888.1,63868.5,63879.4
1781351100000,63879.4,63879.4,63866.9,63874.1
1781351280000,63874.1,63892.7,63868.7,63892.7
1781351460000,63892.7,63897.2,63885.5,63894.0
1781351640000,63894.0,63901.4,63877.0,63901.4
1781351820000,63901.4,63938.0,63901.4,63936.1
1781352000000,63936.1,63936.1,63903.8,63912.6
1781352180000,63912.6,63928.9,63904.3,63911.6
1781352360000,63911.6,63916.7,63889.3,63909.1
1781352540000,63909.1,63915.2,63884.5,63915.0
1781352720000,63915.0,63924.3,63903.3,63903.3
1781352900000,63903.3,63915.1,63890.0,63915.1
1781353080000,63915.1,63919.8,63904.3,63912.1
1781353260000,63912.1,63938.5,63895.6,63938.4
1781353440000,63938.4,63938.5,63904.4,63931.0
1781353620000,63931.0,63948.0,63910.0,63926.8
1781353800000,63926.8,63976.6,63926.8,63966.1
1781353980000,63966.1,63992.5,63966.1,63984.8
1781354160000,63984.8,63984.9,63963.2,63979.8
1781354340000,63979.8,63979.9,63970.0,63978.8
1781354520000,63978.8,63983.8,63970.0,63970.0
1781354700000,63970.0,64088.0,63970.0,64037.2
1781354880000,64037.2,64095.0,64007.0,64076.3
1781355060000,64076.3,64081.2,64052.0,64052.0
1781355240000,64052.0,64167.5,64052.0,64155.8
1781355420000,64155.8,64187.7,64096.7,64103.0
1781355600000,64103.0,64117.8,64039.7,64039.7
1781355780000,64039.7,64120.1,64039.7,64114.9
1781355960000,64114.9,64131.2,64098.3,64117.3
1781356140000,64117.3,64130.0,64095.1,64124.4
1781356320000,64124.4,64139.6,64120.8,64137.8
1781356500000,64137.8,64139.6,64100.0,64122.3
1781356680000,64122.3,64129.7,64080.3,64115.5
1781356860000,64115.5,64156.9,64110.2,64156.8
1781357040000,64156.8,64199.1,64148.0,64170.0
1781357220000,64170.0,64195.3,64168.2,64192.8
1781357400000,64192.8,64192.8,64130.5,64154.9
1781357580000,64154.9,64208.4,64131.0,64208.2
1781357760000,64208.2,64208.2,64182.2,64199.0
1781357940000,64199.0,64217.0,64175.2,64192.6
1781358120000,64192.6,64200.0,64130.0,64130.0
1781358300000,64130.0,64130.1,64063.9,64065.4
1781358480000,64065.4,64160.8,64029.6,64082.3
1781358660000,64082.3,64107.9,64050.2,64057.3
1781358840000,64057.3,64062.9,64026.6,64059.3
1781359020000,64059.3,64088.3,64059.0,64071.0
1781359200000,64071.0,64122.0,64052.3,64121.9
1781359380000,64121.9,64153.6,64109.0,64114.7
1781359560000,64114.7,64121.7,64092.1,64113.7
1781359740000,64113.7,64140.0,64105.2,64121.1
1781359920000,64121.1,64144.3,64121.1,64122.0
1781360100000,64122.0,64153.6,64120.2,64153.3
1781360280000,64153.3,64153.5,64111.2,64111.9
1781360460000,64111.9,64112.0,64072.0,64099.9
1781360640000,64099.9,64106.0,64074.0,64106.0
1781360820000,64106.0,64122.4,64096.2,64096.2
1781361000000,64096.2,64139.9,64096.2,64127.3
1781361180000,64127.3,64160.0,64110.1,64159.9
1781361360000,64159.9,64186.7,64143.0,64180.0
1781361540000,64180.0,64180.0,64161.9,64170.0
1781361720000,64170.0,64170.1,64140.1,64143.5
1781361900000,64143.5,64177.0,64141.1,64177.0
1781362080000,64177.0,64185.6,64174.1,64181.5
1781362260000,64181.5,64208.8,64160.2,64192.7
1781362440000,64192.7,64199.6,64173.3,64195.2
1781362620000,64195.2,64195.3,64180.7,64185.3
1781362800000,64185.3,64194.0,64147.2,64166.4
1781362980000,64166.4,64243.2,64150.6,64243.2
1781363160000,64243.2,64243.2,64163.2,64163.3
1781363340000,64163.3,64268.1,64163.2,64235.9
1781363520000,64235.9,64272.6,64233.8,64251.3
1781363700000,64251.3,64285.1,64239.4,64271.8
1781363880000,64271.8,64271.8,64191.9,64218.3
1781364060000,64218.3,64302.0,64218.3,64268.0
1781364240000,64268.0,64268.1,64241.4,64244.8
1781364420000,64244.8,64257.6,64244.8,64253.6
1781364600000,64253.6,64291.5,64251.6,64280.7
1781364780000,64280.7,64284.0,64240.3,64250.1
1781364960000,64250.1,64312.7,64250.1,64298.4
1781365140000,64298.4,64320.0,64286.2,64309.9
1781365320000,64309.9,64319.4,64204.7,64207.3
1781365500000,64207.3,64207.4,64157.0,64195.3
1781365680000,64195.3,64212.7,64190.0,64204.8
1781365860000,64204.8,64275.8,64187.5,64270.2
1781366040000,64270.2,64303.4,64252.6,64279.9
1781366220000,64279.9,64284.1,64265.0,64265.1
1781366400000,64265.1,64278.8,64211.4,64227.0
1781366580000,64227.0,64227.2,63983.7,63999.9
1781366760000,63999.9,64089.8,63960.5,64088.8
1781366940000,64088.8,64088.8,64047.8,64074.5
1781367120000,64074.5,64074.4,64023.9,64054.5
1781367300000,64054.5,64057.5,63950.0,64000.4
1781367480000,64000.4,64055.1,63990.3,63995.6
1781367660000,63995.6,64042.9,63955.7,63973.9
1781367840000,63973.9,64018.0,63933.6,63997.1
1781368020000,63997.1,64034.1,63948.9,63954.5
1781368200000,63954.5,63997.0,63952.1,63981.1
1781368380000,63981.1,63997.0,63934.8,63974.8
1781368560000,63974.8,63998.7,63947.2,63998.7
1781368740000,63998.7,64035.0,63987.8,64035.0
1781368920000,64035.0,64038.0,64008.6,64020.5
1781369100000,64020.5,64131.4,63980.4,63991.3
1781369280000,63991.3,64016.1,63877.5,63900.5
1781369460000,63900.5,63956.0,63885.7,63946.3
1781369640000,63946.3,64012.7,63946.2,63994.8
1781369820000,63994.8,64000.0,63950.1,63999.9
1781370000000,63999.9,64029.3,63953.7,63957.8
1781370180000,63957.8,63960.0,63920.0,63955.6
1781370360000,63955.6,63987.6,63955.6,63981.7
1781370540000,63981.7,63985.2,63912.5,63912.5
1781370720000,63912.5,63958.9,63906.0,63928.9
1781370900000,63928.9,63980.0,63906.0,63977.3
1781371080000,63977.3,64009.1,63970.9,64005.0
1781371260000,64005.0,64022.4,63990.8,64008.2
1781371440000,64008.2,64008.2,63992.5,63992.9
1781371620000,63992.9,64065.1,63980.0,64060.8
1781371800000,64060.8,64087.6,64028.0,64063.6
1781371980000,64063.6,64089.9,64060.4,64080.0
1781372160000,64080.0,64090.1,64057.3,64065.3
1781372340000,64065.3,64080.8,64050.1,64068.9
1781372520000,64068.9,64075.5,64066.0,64070.8
1781372700000,64070.8,64086.0,63995.0,64019.5
1781372880000,64019.5,64054.2,63958.9,63974.3
1781373060000,63974.3,63985.2,63948.5,63969.7
1781373240000,63969.7,63969.7,63905.3,63933.6
1781373420000,63933.6,63968.1,63927.2,63939.7
1781373600000,63939.7,63979.1,63939.6,63970.8
1781373780000,63970.8,64004.9,63961.6,64004.8
1781373960000,64004.8,64032.0,64004.9,64031.9
1781374140000,64031.9,64039.5,64014.6,64024.4
1781374320000,64024.4,64039.3,64020.1,64026.5
1781374500000,64026.5,64063.8,64026.5,64049.4
1781374680000,64049.4,64057.9,63999.9,64012.1
1781374860000,64012.1,64080.0,64012.0,64079.9
1781375040000,64079.9,64158.5,64079.9,64127.1
1781375220000,64127.1,64177.0,64127.1,64160.0
1781375400000,64160.0,64185.7,64135.2,64140.0
1781375580000,64140.0,64183.8,64140.0,64183.8
1781375760000,64183.8,64219.4,64181.0,64201.6
1781375940000,64201.6,64247.8,64201.5,64234.7
1781376120000,64234.7,64247.7,64205.2,64229.9
1781376300000,64229.9,64239.9,64193.7,64207.7
1781376480000,64207.7,64207.7,64013.5,64069.1
1781376660000,64069.1,64090.0,64058.3,64081.4
1781376840000,64081.4,64102.4,64067.3,64101.9
1781377020000,64101.9,64136.2,64101.9,64122.6
1781377200000,64122.6,64158.5,64122.6,64150.8
1781377380000,64150.8,64169.9,64114.2,64124.6
1781377560000,64124.6,64138.2,64111.9,64123.2
1781377740000,64123.2,64167.5,64123.2,64135.7
1781377920000,64135.7,64164.0,64135.6,64163.9
1781378100000,64163.9,64164.0,64116.3,64116.4
1781378280000,64116.4,64149.8,64113.6,64143.5
1781378460000,64143.5,64154.9,64131.6,64147.0
1781378640000,64147.0,64167.5,64128.0,64128.9
1781378820000,64128.9,64155.7,64113.5,64153.8
1781379000000,64153.8,64161.6,64126.4,64137.6
1781379180000,64137.6,64206.6,64116.7,64200.1
1781379360000,64200.1,64230.0,64200.1,64214.0
1781379540000,64214.0,64285.1,64151.2,64233.9
1781379720000,64233.9,64263.6,64230.1,64255.5
1781379900000,64255.5,64273.9,64248.0,64261.9
1781380080000,64261.9,64298.7,64252.1,64286.9
1781380260000,64286.9,64291.8,64270.0,64274.0
1781380440000,64274.0,64298.0,64270.2,64289.1
1781380620000,64289.1,64293.0,64260.1,64264.3
1781380800000,64264.3,64264.3,64225.4,64229.5
1781380980000,64229.5,64254.5,64222.6,64226.6
1781381160000,64226.6,64226.7,64195.3,64219.8
1781381340000,64219.8,64260.0,64219.8,64240.4
1781381520000,64240.4,64247.7,64227.4,64244.1
1781381700000,64244.1,64260.0,64230.1,64259.9
1781381880000,64259.9,64260.0,64222.5,64222.5
1781382060000,64222.5,64234.5,64205.5,64209.5
1781382240000,64209.5,64226.9,64206.1,64212.3
1781382420000,64212.3,64226.5,64210.2,64213.2
1781382600000,64213.2,64222.6,64200.0,64200.1
1781382780000,64200.1,64229.6,64200.0,64218.4
1781382960000,64218.4,64233.9,64208.9,64233.9
1781383140000,64233.9,64233.9,64200.9,64209.8
1781383320000,64209.8,64216.1,64204.6,64216.1
1781383500000,64216.1,64223.9,64208.7,64220.4
1781383680000,64220.4,64255.0,64212.1,64255.0
1781383860000,64255.0,64254.9,64213.8,64229.6
1781384040000,64229.6,64258.1,64229.5,64249.7
1781384220000,64249.7,64252.4,64244.9,64252.3
1781384400000,64252.3,64284.5,64251.4,64284.4
1781384580000,64284.4,64285.7,64269.6,64270.5
1781384760000,64270.5,64270.5,64235.5,64255.8
1781384940000,64255.8,64270.0,64238.9,64246.2
1781385120000,64246.2,64246.2,64190.0,64206.8
1781385300000,64206.8,64242.8,64193.0,64229.1
1781385480000,64229.1,64229.2,64204.7,64208.6
1781385660000,64208.6,64208.7,64194.6,64200.6
1781385840000,64200.6,64220.2,64190.2,64220.0
1781386020000,64220.0,64229.9,64213.3,64217.0
1781386200000,64217.0,64249.0,64216.9,64245.9
1781386380000,64245.9,64265.0,64245.9,64259.9
1781386560000,64259.9,64287.8,64259.9,64287.7
1781386740000,64287.7,64648.9,64287.7,64598.6
1781386920000,64598.6,64738.0,64500.8,64537.9
1781387100000,64537.9,64549.9,64448.1,64475.7
1781387280000,64475.7,64500.0,64445.0,64459.1
1781387460000,64459.1,64499.0,64419.3,64498.9
1781387640000,64498.9,64499.0,64458.8,64472.5
1781387820000,64472.5,64494.1,64406.2,64435.2
1781388000000,64435.2,64435.3,64379.0,64383.1
1781388180000,64383.1,64419.8,64368.6,64374.6
1781388360000,64374.6,64411.9,64349.2,64406.3
1781388540000,64406.3,64406.4,64349.8,64363.1
1781388720000,64363.1,64390.9,64350.3,64387.3
1781388900000,64387.3,64387.3,64352.0,64352.1
1781389080000,64352.1,64439.4,64352.1,64429.9
1781389260000,64429.9,64435.9,64405.5,64409.4
1781389440000,64409.4,64492.3,64402.1,64487.8
1781389620000,64487.8,64508.5,64477.0,64483.6
1781389800000,64483.6,64503.6,64470.4,64483.9
1781389980000,64483.9,64529.0,64457.0,64521.2
1781390160000,64521.2,64522.3,64460.1,64465.6
1781390340000,64465.6,64482.2,64459.0,64465.5
1781390520000,64465.5,64489.0,64463.0,64484.9
1781390700000,64484.9,64495.2,64454.2,64455.4
1781390880000,64455.4,64480.0,64455.3,64468.4
1781391060000,64468.4,64477.9,64452.4,64460.2
1781391240000,64460.2,64460.3,64424.5,64433.6
1781391420000,64433.6,64449.0,64413.3,64413.4
1781391600000,64413.4,64443.3,64407.5,64430.0
1781391780000,64430.0,64430.1,64406.4,64409.9
1781391960000,64409.9,64430.4,64405.4,64410.9
1781392140000,64410.9,64427.0,64404.2,64424.1
1781392320000,64424.1,64424.1,64409.6,64410.0
1781392500000,64410.0,64500.0,64408.9,64491.2
1781392680000,64491.2,64569.8,64491.2,64524.1
1781392860000,64524.1,64530.8,64508.4,64520.0
1781393040000,64520.0,64520.1,64415.8,64415.9
1781393220000,64415.9,64443.0,64407.6,64416.9
1781393400000,64416.9,64434.5,64410.6,64410.7
1781393580000,64410.7,64431.9,64408.5,64422.2
1781393760000,64422.2,64458.8,64414.9,64458.7
1781393940000,64458.7,64462.9,64415.0,64440.0
1781394120000,64440.0,64442.1,64417.7,64417.7
1781394300000,64417.7,64419.7,64388.5,64393.6
1781394480000,64393.6,64393.7,64350.5,64365.8
1781394660000,64365.8,64368.0,64354.6,64368.0
1781394840000,64368.0,64405.5,64367.9,64405.4
1781395020000,64405.4,64423.4,64381.5,64418.3
1781395200000,64418.3,64418.3,64338.7,64404.9
1781395380000,64404.9,64428.8,64357.0,64422.4
1781395560000,64422.4,64448.1,64395.4,64395.5
1781395740000,64395.5,64401.8,64379.3,64380.8
1781395920000,64380.8,64395.0,64375.0,64395.0
1781396100000,64395.0,64427.0,64390.4,64401.8
1781396280000,64401.8,64401.8,64355.0,64381.8
1781396460000,64381.8,64459.1,64374.5,64449.4
1781396640000,64449.4,64461.4,64414.6,64456.7
1781396820000,64456.7,64500.0,64432.7,64432.8
1781397000000,64432.8,64515.6,64430.0,64505.7
1781397180000,64505.7,64512.5,64487.4,64504.9
1781397360000,64504.9,64532.3,64504.1,64513.0
1781397540000,64513.0,64532.9,64508.4,64523.4
1781397720000,64523.4,64531.8,64504.2,64525.2
1781397900000,64525.2,64545.4,64517.1,64525.1
1781398080000,64525.1,64548.6,64500.0,64502.9
1781398260000,64502.9,64508.0,64475.9,64502.8
1781398440000,64502.8,64516.0,64487.3,64492.4
1781398620000,64492.4,64529.1,64487.0,64519.2
1781398800000,64519.2,64536.7,64496.9,64499.7
1781398980000,64499.7,64499.9,64466.4,64495.9
1781399160000,64495.9,64578.9,64495.9,64558.1
1781399340000,64558.1,64657.8,64558.0,64630.1
1781399520000,64630.1,64637.9,64596.4,64596.5
1781399700000,64596.5,64682.2,64596.4,64621.2
1781399880000,64621.2,64645.1,64610.3,64612.2
1781400060000,64612.2,64654.8,64599.9,64600.1
1781400240000,64600.1,64629.3,64594.1,64617.6
1781400420000,64617.6,64621.4,64582.9,64618.0
1781400600000,64618.0,64618.1,64558.0,64570.5
1781400780000,64570.5,64601.5,64541.7,64566.2
1781400960000,64566.2,64571.9,64528.0,64529.9
1781401140000,64529.9,64559.0,64521.0,64559.0
1781401320000,64559.0,64584.3,64536.4,64536.4
1781401500000,64536.4,64588.6,64530.0,64588.6
1781401680000,64588.6,64602.1,64579.4,64582.7
1781401860000,64582.7,64600.0,64582.2,64591.9
1781402040000,64591.9,64591.9,64559.0,64559.8
1781402220000,64559.8,64559.9,64528.5,64534.1
1781402400000,64534.1,64544.2,64527.4,64543.8
1781402580000,64543.8,64565.8,64543.8,64562.4
1781402760000,64562.4,64583.0,64562.3,64581.2
1781402940000,64581.2,64588.0,64555.0,64584.5
1781403120000,64584.5,64606.4,64586.5,64586.9
1781403300000,64586.9,64587.0,64574.9,64574.9
1781403480000,64574.9,64598.7,64563.5,64563.5
1781403660000,64563.5,64563.6,64537.7,64541.6
1781403840000,64541.6,64544.2,64507.5,64519.4
1781404020000,64519.4,64519.4,64479.8,64503.2
1781404200000,64503.2,64517.0,64492.8,64515.9
1781404380000,64515.9,64525.5,64500.0,64519.1
1781404560000,64519.1,64523.9,64504.2,64514.9
1781404740000,64514.9,64523.9,64487.7,64494.5
1781404920000,64494.5,64496.7,64470.0,64476.8
1781405100000,64476.8,64476.9,64436.7,64443.1
1781405280000,64443.1,64477.1,64443.1,64466.1
1781405460000,64466.1,64466.0,64447.2,64458.8
1781405640000,64458.8,64467.9,64448.6,64461.1
1781405820000,64461.1,64468.8,64450.0,64450.1
1781406000000,64450.1,64481.1,64431.2,64479.8
1781406180000,64479.8,64479.9,64448.0,64465.3
1781406360000,64465.3,64465.4,64455.0,64465.4
1781406540000,64465.4,64489.6,64442.9,64477.4
1781406720000,64477.4,64476.0,64456.1,64456.1
1781406900000,64456.1,64481.7,64453.6,64477.2
1781407080000,64477.2,64510.3,64477.2,64493.8
1781407260000,64493.8,64496.0,64483.0,64492.6
1781407440000,64492.6,64492.7,64481.1,64492.7
1781407620000,64492.7,64498.0,64490.8,64490.9
1781407800000,64490.9,64499.9,64474.2,64474.2
1781407980000,64474.2,64500.0,64474.2,64484.6
1781408160000,64484.6,64484.6,64433.8,64447.4
1781408340000,64447.4,64447.4,64441.7,64444.2
1781408520000,64444.2,64459.0,64421.7,64450.1
1781408700000,64450.1,64459.7,64435.9,64459.7
1781408880000,64459.7,64486.4,64429.0,64475.0
1781409060000,64475.0,64485.0,64470.8,64484.9
1781409240000,64484.9,64509.0,64473.6,64508.9
1781409420000,64508.9,64518.4,64489.5,64514.9
1781409600000,64514.9,64532.8,64495.3,64495.3
1781409780000,64495.3,64495.3,64482.1,64486.8
1781409960000,64486.8,64490.9,64473.9,64473.9
1781410140000,64473.9,64479.8,64457.2,64457.2
1781410320000,64457.2,64468.8,64453.6,64465.0
1781410500000,64465.0,64479.0,64450.1,64478.9
1781410680000,64478.9,64489.0,64467.3,64469.1
1781410860000,64469.1,64473.8,64463.8,64466.5
1781411040000,64466.5,64466.5,64454.4,64459.0
1781411220000,64459.0,64459.1,64431.9,64431.9
1781411400000,64431.9,64432.0,64423.3,64432.0
1781411580000,64432.0,64432.0,64423.0,64423.1
1781411760000,64423.1,64423.1,64393.4,64403.0
1781411940000,64403.0,64400.7,64376.0,64381.3
1781412120000,64381.3,64381.3,64351.0,64351.3
1781412300000,64351.3,64358.7,64286.6,64339.9
1781412480000,64339.9,64350.0,64319.8,64329.9
1781412660000,64329.9,64335.2,64291.9,64297.7
1781412840000,64297.7,64339.9,64297.7,64336.2
1781413020000,64336.2,64352.1,64299.9,64300.0
1781413200000,64300.0,64356.8,64299.9,64340.1
1781413380000,64340.1,64349.9,64337.4,64345.8
1781413560000,64345.8,64357.8,64334.6,64353.2
1781413740000,64353.2,64353.2,64310.6,64321.2
1781413920000,64321.2,64334.4,64290.8,64334.4
1781414100000,64334.4,64336.4,64305.5,64305.8
1781414280000,64305.8,64326.6,64305.9,64326.6
1781414460000,64326.6,64326.6,64313.9,64317.1
1781414640000,64317.1,64320.7,64282.6,64285.0
1781414820000,64285.0,64289.0,64260.1,64273.8
1781415000000,64273.8,64282.6,64260.0,64267.9
1781415180000,64267.9,64280.0,64260.3,64278.9
1781415360000,64278.9,64305.0,64272.1,64304.9
1781415540000,64304.9,64339.4,64305.0,64332.1
1781415720000,64332.1,64378.6,64332.0,64333.0
1781415900000,64333.0,64345.8,64328.3,64328.4
1781416080000,64328.4,64342.1,64327.0,64342.1
1781416260000,64342.1,64358.5,64339.3,64339.3
1781416440000,64339.3,64339.3,64308.7,64310.5
1781416620000,64310.5,64343.2,64302.9,64315.0
1781416800000,64315.0,64399.1,64315.0,64388.2
1781416980000,64388.2,64413.8,64374.1,64395.1
1781417160000,64395.1,64428.3,64392.0,64425.2
1781417340000,64425.2,64450.1,64403.8,64437.8
1781417520000,64437.8,64448.7,64416.7,64439.0
1781417700000,64439.0,64439.1,64414.1,64414.2
1781417880000,64414.2,64428.1,64395.1,64397.9
1781418060000,64397.9,64397.9,64343.5,64343.6
1781418240000,64343.6,64353.7,64300.1,64300.2
1781418420000,64300.2,64358.0,64296.8,64352.9
1781418600000,64352.9,64358.3,64296.3,64299.9
1781418780000,64299.9,64309.1,64265.0,64271.8
1781418960000,64271.8,64271.8,64215.4,64232.0
1781419140000,64232.0,64252.8,64210.2,64250.0
1781419320000,64250.0,64250.0,64210.9,64210.9
1781419500000,64210.9,64243.6,64210.9,64241.6
1781419680000,64241.6,64252.7,64235.0,64238.6
1781419860000,64238.6,64253.6,64222.6,64228.9
1781420040000,64228.9,64259.2,64221.7,64252.2
1781420220000,64252.2,64268.7,64250.0,64257.9
1781420400000,64257.9,64265.1,64249.9,64255.3
1781420580000,64255.3,64255.4,64233.0,64233.0
1781420760000,64233.0,64233.1,64194.2,64204.3
1781420940000,64204.3,64216.8,64193.7,64216.8
1781421120000,64216.8,64224.6,64189.7,64193.2
1781421300000,64193.2,64262.7,64193.2,64257.9
1781421480000,64257.9,64295.8,64257.8,64290.7
1781421660000,64290.7,64313.8,64290.6,64301.0
1781421840000,64301.0,64337.0,64300.9,64321.5
1781422020000,64321.5,64335.6,64319.1,64321.9
1781422200000,64321.9,64321.9,64291.6,64291.6
1781422380000,64291.6,64317.7,64282.8,64282.8
1781422560000,64282.8,64304.1,64262.7,64274.8
1781422740000,64274.8,64296.2,64269.2,64273.2
1781422920000,64273.2,64294.4,64264.9,64271.3
1781423100000,64271.3,64381.7,64271.3,64381.7
1781423280000,64381.7,64395.3,64365.6,64381.1
1781423460000,64381.1,64383.8,64371.0,64380.1
1781423640000,64380.1,64412.7,64380.0,64408.6
1781423820000,64408.6,64412.0,64388.1,64392.1
1781424000000,64392.1,64400.0,64368.8,64368.9
1781424180000,64368.9,64384.0,64353.2,64364.8
1781424360000,64364.8,64412.5,64364.7,64409.5
1781424540000,64409.5,64433.3,64402.9,64402.9
1781424720000,64402.9,64417.2,64389.6,64409.1
1781424900000,64409.1,64469.0,64409.0,64464.1
1781425080000,64464.1,64486.9,64464.1,64470.1
1781425260000,64470.1,64480.2,64451.3,64465.7
1781425440000,64465.7,64470.3,64431.6,64439.1
1781425620000,64439.1,64451.9,64435.1,64451.9
1781425800000,64451.9,64451.9,64420.0,64420.1
1781425980000,64420.1,64447.1,64407.8,64447.1
1781426160000,64447.1,64469.2,64447.1,64469.2
1781426340000,64469.2,64477.1,64423.6,64441.3
1781426520000,64441.3,64449.9,64432.5,64432.5
1781426700000,64432.5,64450.0,64432.6,64450.0
1781426880000,64450.0,64450.0,64425.1,64442.3
1781427060000,64442.3,64442.3,64408.9,64422.9
1781427240000,64422.9,64447.3,64407.1,64424.9
1781427420000,64424.9,64431.4,64416.0,64423.1
1781427600000,64423.1,64423.1,64380.2,64406.1
1781427780000,64406.1,64439.1,64404.1,64438.1
1781427960000,64438.1,64438.1,64407.4,64421.5
1781428140000,64421.5,64421.5,64414.7,64414.8
1781428320000,64414.8,64414.8,64387.8,64388.1
1781428500000,64388.1,64396.0,64360.4,64363.6
1781428680000,64363.6,64363.7,64281.2,64307.9
1781428860000,64307.9,64329.0,64307.8,64324.0
1781429040000,64324.0,64324.0,64297.2,64315.9
1781429220000,64315.9,64327.8,64302.9,64322.2
1781429400000,64322.2,64384.0,64308.7,64375.1
1781429580000,64375.1,64469.7,64375.4,64433.3
1781429760000,64433.3,64450.4,64429.8,64450.4
1781429940000,64450.4,64569.9,64449.9,64551.2
1781430120000,64551.2,64558.0,64486.9,64521.4
1781430300000,64521.4,64548.0,64500.1,64540.4
1781430480000,64540.4,64551.2,64520.0,64549.2
1781430660000,64549.2,64590.7,64543.2,64570.7
1781430840000,64570.7,64581.7,64570.0,64576.1
1781431020000,64576.1,64589.9,64576.0,64584.2
1781431200000,64584.2,64584.8,64542.6,64567.6
1781431380000,64567.6,64567.6,64510.8,64510.8
1781431560000,64510.8,64511.3,64487.6,64493.3
1781431740000,64493.3,64535.8,64490.5,64490.5
1781431920000,64490.5,64499.3,64457.8,64499.3
1781432100000,64499.3,64525.1,64483.3,64525.0
1781432280000,64525.0,64527.9,64505.8,64516.5
1781432460000,64516.5,64586.6,64516.6,64586.6
1781432640000,64586.6,64616.0,64567.5,64571.1
1781432820000,64571.1,64572.2,64559.9,64563.9
1781433000000,64563.9,64603.1,64553.8,64596.6
1781433180000,64596.6,64640.6,64579.3,64617.6
1781433360000,64617.6,64622.1,64600.3,64600.4
1781433540000,64600.4,64600.4,64576.4,64595.1
1781433720000,64595.1,64595.2,64566.9,64571.6
1781433900000,64571.6,64582.4,64522.0,64523.7
1781434080000,64523.7,64542.0,64501.0,64509.1
1781434260000,64509.1,64525.7,64509.1,64525.6
1781434440000,64525.6,64533.6,64480.9,64480.9
1781434620000,64480.9,64497.9,64473.7,64485.4
1781434800000,64485.4,64487.1,64460.2,64461.2
1781434980000,64461.2,64461.3,64429.1,64431.1
1781435160000,64431.1,64487.0,64419.3,64478.9
1781435340000,64478.9,64523.4,64478.8,64504.8
1781435520000,64504.8,64545.8,64492.9,64528.8
1781435700000,64528.8,64537.1,64499.5,64502.7
1781435880000,64502.7,64514.0,64477.0,64490.0
1781436060000,64490.0,64520.0,64477.0,64519.9
1781436240000,64519.9,64520.0,64504.5,64504.5
1781436420000,64504.5,64561.6,64504.5,64543.6
1781436600000,64543.6,64584.1,64542.6,64573.8
1781436780000,64573.8,64610.6,64570.1,64600.1
1781436960000,64600.1,64605.3,64587.1,64592.6
1781437140000,64592.6,64592.7,64574.7,64585.4
1781437320000,64585.4,64593.9,64581.0,64581.0
1781437500000,64581.0,64581.1,64557.1,64569.1
1781437680000,64569.1,64591.6,64559.9,64591.5
1781437860000,64591.5,64593.5,64591.5,64592.5
1781438040000,64592.5,64606.5,64543.0,64543.0
1781438220000,64543.0,64540.1,64504.8,64511.7
1781438400000,64511.7,64530.0,64510.4,64520.8
1781438580000,64520.8,64531.2,64515.1,64522.0
1781438760000,64522.0,64522.0,64459.9,64465.2
1781438940000,64465.2,64473.7,64434.7,64464.6
1781439120000,64464.6,64479.8,64446.1,64446.1
1781439300000,64446.1,64466.3,64441.3,64460.2
1781439480000,64460.2,64475.2,64446.0,64464.0
1781439660000,64464.0,64480.9,64463.9,64468.1
1781439840000,64468.1,64478.4,64450.1,64450.1
1781440020000,64450.1,64450.1,64431.5,64438.5
1781440200000,64438.5,64446.7,64359.9,64383.8
1781440380000,64383.8,64383.8,64337.0,64342.1
1781440560000,64342.1,64361.4,64289.0,64311.6
1781440740000,64311.6,64316.8,64296.1,64312.8
1781440920000,64312.8,64333.5,64308.0,64328.6
1781441100000,64328.6,64342.6,64269.1,64277.2
1781441280000,64277.2,64305.8,64272.0,64281.4
1781441460000,64281.4,64290.9,64255.9,64256.0
1781441640000,64256.0,64297.0,64256.0,64283.4
1781441820000,64283.4,64300.1,64283.4,64296.7
1781442000000,64296.7,64358.7,64296.7,64327.9
1781442180000,64327.9,64343.1,64292.5,64319.0
1781442360000,64319.0,64345.8,64319.0,64321.6
1781442540000,64321.6,64327.6,64273.6,64288.6
1781442720000,64288.6,64330.0,64288.6,64329.9
1781442900000,64329.9,64368.9,64329.9,64366.3
1781443080000,64366.3,64366.3,64283.7,64316.6
1781443260000,64316.6,64316.8,64281.8,64290.7
1781443440000,64290.7,64314.1,64290.6,64291.1
1781443620000,64291.1,64300.0,64218.8,64243.4
1781443800000,64243.4,64290.6,64215.0,64235.7
1781443980000,64235.7,64268.9,64207.3,64236.7
1781444160000,64236.7,64294.4,64235.4,64263.3
1781444340000,64263.3,64279.1,64245.0,64272.3
1781444520000,64272.3,64354.5,64272.4,64328.7
1781444700000,64328.7,64358.0,64305.2,64310.6
1781444880000,64310.6,64311.9,64270.0,64270.0
1781445060000,64270.0,64283.1,64261.0,64274.1
1781445240000,64274.1,64297.4,64250.0,64288.3
1781445420000,64288.3,64290.7,64269.2,64287.5
1781445600000,64287.5,64293.8,64240.0,64248.1
1781445780000,64248.1,64297.9,64230.2,64292.5
1781445960000,64292.5,64313.1,64292.4,64304.0
1781446140000,64304.0,64304.0,64260.4,64274.4
1781446320000,64274.4,64286.1,64224.2,64275.6
1781446500000,64275.6,64275.6,64198.3,64234.0
1781446680000,64234.0,64270.0,64219.8,64229.9
1781446860000,64229.9,64296.3,64205.3,64243.3
1781447040000,64243.3,64243.2,64210.9,64217.8
1781447220000,64217.8,64232.4,64115.6,64120.4
1781447400000,64120.4,64143.7,64031.9,64069.5
1781447580000,64069.5,64079.4,63880.1,63903.4
1781447760000,63903.4,63969.2,63891.3,63907.3
1781447940000,63907.3,63957.5,63874.8,63880.1
1781448120000,63880.1,63919.0,63850.9,63908.5
1781448300000,63908.5,63953.5,63863.7,63920.9
1781448480000,63920.9,63921.0,63842.0,63892.9
1781448660000,63892.9,63943.6,63829.9,63931.7
1781448840000,63931.7,63937.9,63872.3,63921.6
1781449020000,63921.6,63960.2,63911.2,63953.6
1781449200000,63953.6,64123.8,63945.8,64087.8
1781449380000,64087.8,64120.0,64078.0,64097.9
1781449560000,64097.9,64105.1,64069.9,64089.9
1781449740000,64089.9,64099.7,64060.5,64062.2
1781449920000,64062.2,64092.7,64045.6,64072.0
1781450100000,64072.0,64093.9,64041.6,64050.2
1781450280000,64050.2,64050.2,63973.2,64011.1
1781450460000,64011.1,64087.1,64007.0,64046.9
1781450640000,64046.9,64057.5,63964.2,64001.4
1781450820000,64001.4,64055.1,63980.8,64034.8
1781451000000,64034.8,64034.8,63990.0,64011.5
1781451180000,64011.5,64047.5,63972.3,64041.4
1781451360000,64041.4,64090.2,64022.8,64039.7
1781451540000,64039.7,64039.7,64004.6,64009.8
1781451720000,64009.8,64038.3,64001.6,64001.7
1781451900000,64001.7,64006.3,63972.3,63994.8
1781452080000,63994.8,64031.2,63994.7,64017.1
1781452260000,64017.1,64036.8,64000.1,64029.3
1781452440000,64029.3,64053.5,64001.0,64018.3
1781452620000,64018.3,64018.4,63991.2,63995.3
1781452800000,63995.3,64035.8,63982.1,64016.5
1781452980000,64016.5,64041.0,63970.7,64023.2
1781453160000,64023.2,64039.1,64009.6,64030.0
1781453340000,64030.0,64110.0,63988.1,64110.0
1781453520000,64110.0,64111.2,64077.4,64078.5
1781453700000,64078.5,64107.9,64064.1,64065.3
1781453880000,64065.3,64085.2,64054.5,64085.2
1781454060000,64085.2,64110.4,64070.0,64110.3
1781454240000,64110.3,64183.4,64110.3,64135.0
1781454420000,64135.0,64135.1,64105.0,64110.4
1781454600000,64110.4,64126.0,64101.0,64115.6
1781454780000,64115.6,64168.5,64115.6,64150.5
1781454960000,64150.5,64155.2,64133.0,64133.1
1781455140000,64133.1,64136.8,64114.4,64115.2
1781455320000,64115.2,64135.3,64115.1,64130.2
1781455500000,64130.2,64144.3,64050.0,64065.2
1781455680000,64065.2,64065.0,63931.4,63974.2
1781455860000,63974.2,64008.8,63960.0,63962.9
1781456040000,63962.9,63966.9,63901.3,63943.8
1781456220000,63943.8,63944.0,63909.9,63913.8
1781456400000,63913.8,63949.9,63888.3,63949.9
1781456580000,63949.9,63995.8,63937.2,63975.1
1781456760000,63975.1,63970.4,63890.4,63918.4
1781456940000,63918.4,63934.9,63899.9,63926.6
1781457120000,63926.6,63950.0,63923.6,63932.1
1781457300000,63932.1,63970.9,63930.0,63932.8
1781457480000,63932.8,63947.0,63891.0,63898.3
1781457660000,63898.3,63926.8,63886.0,63915.1
1781457840000,63915.1,63915.2,63881.5,63895.5
1781458020000,63895.5,63898.3,63866.0,63874.5
1781458200000,63874.5,63893.9,63864.7,63887.2
1781458380000,63887.2,63933.1,63887.1,63923.1
1781458560000,63923.1,63944.7,63738.1,63742.1
1781458740000,63742.1,63835.2,63730.0,63832.1
1781458920000,63832.1,63832.2,63810.5,63815.5
1781459100000,63815.5,63857.5,63800.0,63857.5
1781459280000,63857.5,63857.5,63742.0,63753.7
1781459460000,63753.7,63772.2,63735.6,63743.9
1781459640000,63743.9,63749.7,63665.1,63715.5
1781459820000,63715.5,63729.3,63666.0,63706.1
1781460000000,63706.1,63736.4,63672.1,63694.8
1781460180000,63694.8,63773.5,63694.9,63739.4
1781460360000,63739.4,63739.4,63688.6,63692.0
1781460540000,63692.0,63726.2,63667.2,63683.0
1781460720000,63683.0,63716.2,63683.0,63711.3
1781460900000,63711.3,63758.0,63683.7,63687.0
1781461080000,63687.0,63700.1,63652.0,63680.2
1781461260000,63680.2,63687.2,63650.9,63678.2
1781461440000,63678.2,63715.5,63678.1,63710.4
===END===
