1781740980000,72.1,72.23,72.01,72.16
1781741160000,72.16,72.22,72.12,72.13
1781741340000,72.13,72.26,72.14,72.26
1781741520000,72.26,72.3,72.2,72.24
1781741700000,72.24,72.3,72.2,72.24
1781741880000,72.24,72.32,72.24,72.25
1781742060000,72.25,72.32,72.16,72.24
1781742240000,72.24,72.24,72.12,72.16
1781742420000,72.16,72.28,72.16,72.28
1781742600000,72.28,72.45,72.26,72.41
1781742780000,72.41,72.4,72.29,72.35
1781742960000,72.35,72.37,72.26,72.35
1781743140000,72.35,72.34,72.21,72.3
1781743320000,72.3,72.37,72.28,72.37
1781743500000,72.37,72.43,72.35,72.42
1781743680000,72.42,72.44,72.3,72.33
1781743860000,72.33,72.33,72.21,72.26
1781744040000,72.26,72.26,72.13,72.13
1781744220000,72.13,72.24,72.14,72.17
1781744400000,72.17,72.4,72.15,72.36
1781744580000,72.36,72.48,72.34,72.38
1781744760000,72.38,72.54,72.33,72.52
1781744940000,72.52,72.58,72.47,72.57
1781745120000,72.57,72.58,72.44,72.47
1781745300000,72.47,72.47,72.38,72.45
1781745480000,72.45,72.45,72.33,72.35
1781745660000,72.35,72.44,72.34,72.41
1781745840000,72.41,72.42,72.31,72.36
1781746020000,72.36,72.4,72.34,72.36
1781746200000,72.36,72.51,72.37,72.42
1781746380000,72.42,72.49,72.36,72.37
1781746560000,72.37,72.38,72.29,72.3
1781746740000,72.3,72.33,72.26,72.29
1781746920000,72.29,72.29,72.22,72.28
1781747100000,72.28,72.28,72.15,72.24
1781747280000,72.24,72.25,72.09,72.11
1781747460000,72.11,72.16,72.05,72.16
1781747640000,72.16,72.19,72.12,72.19
1781747820000,72.19,72.2,72.15,72.19
1781748000000,72.19,72.32,72.18,72.25
1781748180000,72.25,72.35,72.25,72.35
1781748360000,72.35,72.44,72.29,72.35
1781748540000,72.35,72.38,72.24,72.27
1781748720000,72.27,72.28,72.22,72.23
1781748900000,72.23,72.23,72.08,72.15
1781749080000,72.15,72.38,72.14,72.38
1781749260000,72.38,72.54,72.37,72.53
1781749440000,72.53,72.64,72.53,72.61
1781749620000,72.61,72.61,72.51,72.56
1781749800000,72.56,72.63,72.55,72.56
1781749980000,72.56,72.57,72.48,72.49
1781750160000,72.49,72.57,72.45,72.56
1781750340000,72.56,72.59,72.55,72.55
1781750520000,72.55,72.59,72.55,72.58
1781750700000,72.58,72.6,72.44,72.48
1781750880000,72.48,72.58,72.48,72.54
1781751060000,72.54,72.56,72.51,72.52
1781751240000,72.52,72.51,72.46,72.47
1781751420000,72.47,72.5,72.44,72.49
1781751600000,72.49,72.49,72.31,72.31
1781751780000,72.31,72.41,72.29,72.39
1781751960000,72.39,72.47,72.38,72.38
1781752140000,72.38,72.39,72.3,72.31
1781752320000,72.31,72.3,72.23,72.23
1781752500000,72.23,72.25,72.19,72.25
1781752680000,72.25,72.25,72.21,72.21
1781752860000,72.21,72.23,72.02,72.07
1781753040000,72.07,72.08,71.85,71.85
1781753220000,71.85,71.88,71.76,71.76
1781753400000,71.76,71.89,71.74,71.87
1781753580000,71.87,71.87,71.7,71.77
1781753760000,71.77,71.78,71.58,71.7
1781753940000,71.7,71.76,71.62,71.66
1781754120000,71.66,71.67,71.5,71.61
1781754300000,71.61,71.73,71.58,71.68
1781754480000,71.68,71.81,71.68,71.77
1781754660000,71.77,71.81,71.75,71.76
1781754840000,71.76,71.79,71.69,71.72
1781755020000,71.72,71.72,71.6,71.61
1781755200000,71.61,71.68,71.56,71.62
1781755380000,71.62,71.65,71.37,71.44
1781755560000,71.44,71.46,71.21,71.22
1781755740000,71.22,71.32,70.97,71.01
1781755920000,71.01,71.29,71.0,71.15
1781756100000,71.15,71.34,71.16,71.32
1781756280000,71.32,71.32,70.97,71.01
1781756460000,71.01,71.27,70.98,71.15
1781756640000,71.15,71.29,71.11,71.26
1781756820000,71.26,71.26,71.1,71.17
1781757000000,71.17,71.18,71.08,71.16
1781757180000,71.16,71.21,71.07,71.19
1781757360000,71.19,71.2,71.05,71.11
1781757540000,71.11,71.12,70.95,71.05
1781757720000,71.05,71.06,70.96,70.97
1781757900000,70.97,70.99,70.86,70.93
1781758080000,70.93,70.95,70.86,70.93
1781758260000,70.93,71.04,70.91,71.01
1781758440000,71.01,71.15,71.01,71.15
1781758620000,71.15,71.15,71.02,71.02
1781758800000,71.02,71.03,70.81,70.81
1781758980000,70.81,70.84,70.68,70.73
1781759160000,70.73,70.75,70.6,70.7
1781759340000,70.7,70.98,70.65,70.9
1781759520000,70.9,70.93,70.77,70.81
1781759700000,70.81,70.93,70.78,70.88
1781759880000,70.88,70.95,70.82,70.91
1781760060000,70.91,70.99,70.9,70.94
1781760240000,70.94,70.96,70.86,70.96
1781760420000,70.96,70.99,70.87,70.87
1781760600000,70.87,70.98,70.84,70.9
1781760780000,70.9,71.02,70.87,71.01
1781760960000,71.01,71.04,70.75,70.82
1781761140000,70.82,71.02,70.83,70.98
1781761320000,70.98,71.02,70.94,70.95
1781761500000,70.95,71.0,70.93,70.95
1781761680000,70.95,71.0,70.92,70.97
1781761860000,70.97,70.98,70.91,70.96
1781762040000,70.96,71.09,70.95,71.08
1781762220000,71.08,71.09,71.04,71.09
1781762400000,71.09,71.09,70.94,71.08
1781762580000,71.08,71.27,71.07,71.19
1781762760000,71.19,71.21,71.04,71.05
1781762940000,71.05,71.11,71.05,71.07
1781763120000,71.07,71.12,70.97,71.12
1781763300000,71.12,71.21,71.02,71.06
1781763480000,71.06,71.12,70.97,71.12
1781763660000,71.12,71.19,71.09,71.14
1781763840000,71.14,71.14,71.05,71.09
1781764020000,71.09,71.17,71.08,71.15
1781764200000,71.15,71.28,71.12,71.16
1781764380000,71.16,71.25,71.16,71.22
1781764560000,71.22,71.22,71.1,71.16
1781764740000,71.16,71.27,71.09,71.23
1781764920000,71.23,71.29,71.22,71.28
1781765100000,71.28,71.31,71.2,71.2
1781765280000,71.2,71.34,71.2,71.31
1781765460000,71.31,71.34,71.23,71.25
1781765640000,71.25,71.32,71.23,71.32
1781765820000,71.32,71.37,71.29,71.32
1781766000000,71.32,71.31,71.17,71.22
1781766180000,71.22,71.3,71.22,71.27
1781766360000,71.27,71.25,71.17,71.22
1781766540000,71.22,71.23,71.11,71.21
1781766720000,71.21,71.25,71.15,71.25
1781766900000,71.25,71.41,71.23,71.36
1781767080000,71.36,71.45,71.33,71.44
1781767260000,71.44,71.6,71.43,71.6
1781767440000,71.6,71.71,71.57,71.67
1781767620000,71.67,71.75,71.61,71.69
1781767800000,71.69,71.69,71.55,71.56
1781767980000,71.56,71.59,71.52,71.58
1781768160000,71.58,71.74,71.56,71.64
1781768340000,71.64,71.69,71.59,71.66
1781768520000,71.66,71.67,71.62,71.63
1781768700000,71.63,71.8,71.63,71.77
1781768880000,71.77,71.78,71.7,71.76
1781769060000,71.76,71.78,71.73,71.76
1781769240000,71.76,71.76,71.66,71.68
1781769420000,71.68,71.74,71.69,71.73
1781769600000,71.73,71.76,71.61,71.67
1781769780000,71.67,71.69,71.59,71.68
1781769960000,71.68,71.92,71.66,71.86
1781770140000,71.86,71.92,71.83,71.86
1781770320000,71.86,71.86,71.75,71.82
1781770500000,71.82,71.88,71.75,71.87
1781770680000,71.87,71.88,71.81,71.83
1781770860000,71.83,71.85,71.76,71.84
1781771040000,71.84,71.87,71.82,71.85
1781771220000,71.85,71.91,71.82,71.89
1781771400000,71.89,71.96,71.88,71.92
1781771580000,71.92,71.95,71.88,71.92
1781771760000,71.92,72.0,71.92,71.97
1781771940000,71.97,72.03,71.95,71.96
1781772120000,71.96,71.98,71.87,71.89
1781772300000,71.89,71.95,71.87,71.93
1781772480000,71.93,71.99,71.92,71.96
1781772660000,71.96,72.0,71.91,71.92
1781772840000,71.92,71.94,71.86,71.89
1781773020000,71.89,71.91,71.79,71.82
1781773200000,71.82,71.83,71.74,71.78
1781773380000,71.78,71.91,71.78,71.88
1781773560000,71.88,71.9,71.85,71.9
1781773740000,71.9,71.93,71.84,71.84
1781773920000,71.84,71.91,71.82,71.9
1781774100000,71.9,72.09,71.9,72.07
1781774280000,72.07,72.12,72.04,72.05
1781774460000,72.05,72.11,72.05,72.06
1781774640000,72.06,72.08,71.89,71.9
1781774820000,71.9,71.91,71.79,71.79
1781775000000,71.79,71.85,71.7,71.84
1781775180000,71.84,71.89,71.82,71.83
1781775360000,71.83,71.86,71.81,71.86
1781775540000,71.86,71.9,71.85,71.89
1781775720000,71.89,71.93,71.87,71.93
1781775900000,71.93,72.02,71.91,71.91
1781776080000,71.91,71.92,71.86,71.86
1781776260000,71.86,71.89,71.85,71.89
1781776440000,71.89,71.88,71.77,71.82
1781776620000,71.82,71.83,71.77,71.8
1781776800000,71.8,71.82,71.73,71.74
1781776980000,71.74,71.82,71.68,71.72
1781777160000,71.72,71.72,71.38,71.39
1781777340000,71.39,71.42,71.34,71.4
1781777520000,71.4,71.44,71.28,71.29
1781777700000,71.29,71.39,71.23,71.28
1781777880000,71.28,71.28,71.16,71.24
1781778060000,71.24,71.24,71.08,71.09
1781778240000,71.09,71.23,71.07,71.21
1781778420000,71.21,71.25,71.15,71.19
1781778600000,71.19,71.27,71.18,71.24
1781778780000,71.24,71.26,71.11,71.26
1781778960000,71.26,71.26,71.08,71.2
1781779140000,71.2,71.24,71.15,71.21
1781779320000,71.21,71.22,71.11,71.12
1781779500000,71.12,71.19,71.05,71.16
1781779680000,71.16,71.19,71.09,71.19
1781779860000,71.19,71.44,71.16,71.4
1781780040000,71.4,71.46,71.3,71.46
1781780220000,71.46,71.47,71.34,71.36
1781780400000,71.36,71.53,71.36,71.51
1781780580000,71.51,71.51,71.29,71.31
1781780760000,71.31,71.34,71.25,71.34
1781780940000,71.34,71.34,71.03,71.07
1781781120000,71.07,71.12,71.01,71.1
1781781300000,71.1,71.17,71.08,71.08
1781781480000,71.08,71.08,70.86,70.89
1781781660000,70.89,70.9,70.79,70.83
1781781840000,70.83,70.94,70.8,70.91
1781782020000,70.91,71.13,70.92,71.12
1781782200000,71.12,71.13,71.07,71.09
1781782380000,71.09,71.22,71.07,71.15
1781782560000,71.15,71.15,70.93,70.98
1781782740000,70.98,71.0,70.9,70.91
1781782920000,70.91,70.94,70.73,70.89
1781783100000,70.89,70.98,70.8,70.81
1781783280000,70.81,70.81,70.67,70.78
1781783460000,70.78,70.82,70.76,70.79
1781783640000,70.79,70.86,70.79,70.84
1781783820000,70.84,70.93,70.84,70.9
1781784000000,70.9,70.95,70.83,70.95
1781784180000,70.95,70.97,70.9,70.93
1781784360000,70.93,70.96,70.85,70.95
1781784540000,70.95,71.05,70.94,71.01
1781784720000,71.01,71.0,70.93,70.95
1781784900000,70.95,71.05,70.93,71.05
1781785080000,71.05,71.1,70.94,71.09
1781785260000,71.09,71.27,71.09,71.26
1781785440000,71.26,71.3,71.22,71.29
1781785620000,71.29,71.34,71.25,71.32
1781785800000,71.32,71.41,71.23,71.31
1781785980000,71.31,71.33,71.22,71.29
1781786160000,71.29,71.34,71.18,71.27
1781786340000,71.27,71.33,71.22,71.31
1781786520000,71.31,71.39,71.29,71.37
1781786700000,71.37,71.51,71.37,71.51
1781786880000,71.51,71.56,71.44,71.47
1781787060000,71.47,71.53,71.35,71.41
1781787240000,71.41,71.49,71.39,71.48
1781787420000,71.48,71.58,71.47,71.51
1781787600000,71.51,71.57,71.4,71.48
1781787780000,71.48,71.55,71.42,71.53
1781787960000,71.53,71.6,71.48,71.52
1781788140000,71.52,71.68,71.48,71.67
1781788320000,71.67,71.67,71.52,71.56
1781788500000,71.56,71.64,71.49,71.63
1781788680000,71.63,71.66,71.57,71.59
1781788860000,71.59,71.63,71.53,71.56
1781789040000,71.56,71.76,71.51,71.63
1781789220000,71.63,71.66,71.52,71.65
1781789400000,71.65,71.66,71.4,71.41
1781789580000,71.41,71.43,71.04,71.06
1781789760000,71.06,71.09,70.87,70.95
1781789940000,70.95,71.0,70.76,70.79
1781790120000,70.79,70.95,70.7,70.71
1781790300000,70.71,70.95,70.7,70.78
1781790480000,70.78,71.25,70.78,71.18
1781790660000,71.18,71.32,71.17,71.2
1781790840000,71.2,71.23,70.91,70.91
1781791020000,70.91,71.01,70.81,71.01
1781791200000,71.01,71.07,70.9,71.0
1781791380000,71.0,71.22,70.82,70.91
1781791560000,70.91,71.11,70.81,70.96
1781791740000,70.96,71.07,70.87,70.91
1781791920000,70.91,70.97,70.8,70.89
1781792100000,70.89,71.18,70.71,71.13
1781792280000,71.13,71.36,71.06,71.35
1781792460000,71.35,71.49,71.22,71.49
1781792640000,71.49,71.67,71.24,71.24
1781792820000,71.24,71.3,70.95,71.0
1781793000000,71.0,71.24,70.93,71.17
1781793180000,71.17,71.22,71.08,71.12
1781793360000,71.12,71.29,71.02,71.2
1781793540000,71.2,71.4,71.18,71.18
1781793720000,71.18,71.21,70.91,70.93
1781793900000,70.93,71.18,70.89,71.11
1781794080000,71.11,71.23,71.01,71.02
1781794260000,71.02,71.03,70.65,70.73
1781794440000,70.73,70.94,70.63,70.93
1781794620000,70.93,71.15,70.89,71.05
1781794800000,71.05,71.06,70.65,70.68
1781794980000,70.68,70.8,70.56,70.66
1781795160000,70.66,70.9,70.66,70.9
1781795340000,70.9,70.92,70.71,70.76
1781795520000,70.76,70.76,70.59,70.6
1781795700000,70.6,70.65,70.14,70.15
1781795880000,70.15,70.56,70.05,70.43
1781796060000,70.43,70.42,70.03,70.13
1781796240000,70.13,70.18,69.9,70.11
1781796420000,70.11,70.15,69.76,69.89
1781796600000,69.89,70.03,69.69,69.77
1781796780000,69.77,69.9,69.62,69.67
1781796960000,69.67,69.68,69.42,69.44
1781797140000,69.44,69.58,69.15,69.17
1781797320000,69.17,69.31,68.8,69.0
1781797500000,69.0,69.11,68.78,68.93
1781797680000,68.93,69.02,68.85,68.89
1781797860000,68.89,68.9,68.57,68.66
1781798040000,68.66,68.71,68.5,68.51
1781798220000,68.51,68.6,68.33,68.42
1781798400000,68.42,68.76,68.36,68.69
1781798580000,68.69,68.82,68.65,68.75
1781798760000,68.75,68.83,68.67,68.75
1781798940000,68.75,68.93,68.75,68.91
1781799120000,68.91,68.96,68.85,68.87
1781799300000,68.87,68.88,68.62,68.79
1781799480000,68.79,68.87,68.45,68.8
1781799660000,68.8,68.88,68.71,68.86
1781799840000,68.86,68.88,68.71,68.85
1781800020000,68.85,68.88,68.65,68.68
1781800200000,68.68,68.72,68.47,68.47
1781800380000,68.47,68.78,68.47,68.68
1781800560000,68.68,68.82,68.54,68.79
1781800740000,68.79,68.85,68.69,68.76
1781800920000,68.76,68.88,68.73,68.79
1781801100000,68.79,68.92,68.75,68.78
1781801280000,68.78,68.91,68.75,68.86
1781801460000,68.86,68.99,68.84,68.95
1781801640000,68.95,69.07,68.95,69.04
1781801820000,69.04,69.1,69.0,69.02
1781802000000,69.02,69.08,68.9,68.92
1781802180000,68.92,69.08,68.84,69.02
1781802360000,69.02,69.05,68.9,69.0
1781802540000,69.0,69.0,68.79,68.8
1781802720000,68.8,68.86,68.73,68.86
1781802900000,68.86,68.97,68.83,68.91
1781803080000,68.91,69.03,68.89,68.95
1781803260000,68.95,69.0,68.59,68.73
1781803440000,68.73,68.75,68.58,68.64
1781803620000,68.64,69.02,68.58,68.94
1781803800000,68.94,69.13,68.94,69.11
1781803980000,69.11,69.11,68.91,68.96
1781804160000,68.96,69.01,68.66,68.69
1781804340000,68.69,68.79,68.62,68.78
1781804520000,68.78,68.81,68.69,68.71
1781804700000,68.71,68.73,68.64,68.68
1781804880000,68.68,68.77,68.69,68.77
1781805060000,68.77,68.82,68.68,68.71
1781805240000,68.71,68.72,68.49,68.52
1781805420000,68.52,68.64,68.48,68.62
1781805600000,68.62,68.66,68.44,68.47
1781805780000,68.47,68.56,68.41,68.51
1781805960000,68.51,68.54,68.46,68.49
1781806140000,68.49,68.56,68.47,68.47
1781806320000,68.47,68.5,68.41,68.42
1781806500000,68.42,68.42,68.22,68.38
1781806680000,68.38,68.69,68.35,68.62
1781806860000,68.62,68.7,68.55,68.66
1781807040000,68.66,68.89,68.66,68.89
1781807220000,68.89,68.97,68.78,68.79
1781807400000,68.79,68.8,68.69,68.71
1781807580000,68.71,68.77,68.55,68.59
1781807760000,68.59,68.62,68.49,68.53
1781807940000,68.53,68.61,68.49,68.55
1781808120000,68.55,68.72,68.54,68.7
1781808300000,68.7,68.75,68.66,68.66
1781808480000,68.66,68.82,68.66,68.78
1781808660000,68.78,68.82,68.62,68.63
1781808840000,68.63,68.64,68.51,68.59
1781809020000,68.59,68.66,68.53,68.63
1781809200000,68.63,68.66,68.54,68.61
1781809380000,68.61,68.69,68.56,68.63
1781809560000,68.63,68.7,68.59,68.67
1781809740000,68.67,68.69,68.58,68.6
1781809920000,68.6,68.67,68.54,68.65
1781810100000,68.65,68.67,68.59,68.64
1781810280000,68.64,68.67,68.55,68.67
1781810460000,68.67,68.76,68.62,68.71
1781810640000,68.71,68.86,68.68,68.85
1781810820000,68.85,68.91,68.79,68.82
1781811000000,68.82,68.97,68.78,68.95
1781811180000,68.95,69.07,68.87,68.91
1781811360000,68.91,69.05,68.91,69.05
1781811540000,69.05,69.25,68.99,69.24
1781811720000,69.24,69.42,69.2,69.39
1781811900000,69.39,69.4,69.27,69.31
1781812080000,69.31,69.35,69.23,69.29
1781812260000,69.29,69.46,69.29,69.39
1781812440000,69.39,69.47,69.35,69.41
1781812620000,69.41,69.49,69.33,69.34
1781812800000,69.34,69.73,69.34,69.57
1781812980000,69.57,69.82,69.55,69.73
1781813160000,69.73,69.75,69.65,69.71
1781813340000,69.71,69.73,69.64,69.71
1781813520000,69.71,69.74,69.62,69.71
1781813700000,69.71,69.8,69.67,69.71
1781813880000,69.71,69.94,69.66,69.87
1781814060000,69.87,69.88,69.73,69.79
1781814240000,69.79,69.85,69.78,69.82
1781814420000,69.82,69.85,69.75,69.77
1781814600000,69.77,69.83,69.71,69.81
1781814780000,69.81,69.87,69.77,69.78
1781814960000,69.78,69.87,69.73,69.82
1781815140000,69.82,69.89,69.8,69.84
1781815320000,69.84,69.91,69.8,69.85
1781815500000,69.85,69.85,69.74,69.74
1781815680000,69.74,69.83,69.68,69.83
1781815860000,69.83,69.86,69.79,69.85
1781816040000,69.85,69.89,69.83,69.87
1781816220000,69.87,69.88,69.78,69.79
1781816400000,69.79,69.87,69.77,69.79
1781816580000,69.79,69.82,69.78,69.8
1781816760000,69.8,69.86,69.78,69.85
1781816940000,69.85,69.86,69.71,69.73
1781817120000,69.73,69.75,69.52,69.53
1781817300000,69.53,69.58,69.35,69.57
1781817480000,69.57,69.62,69.49,69.61
1781817660000,69.61,69.69,69.56,69.64
1781817840000,69.64,69.69,69.55,69.57
1781818020000,69.57,69.65,69.57,69.64
1781818200000,69.64,69.69,69.62,69.66
1781818380000,69.66,69.7,69.66,69.69
1781818560000,69.69,69.68,69.52,69.53
1781818740000,69.53,69.54,69.38,69.43
1781818920000,69.43,69.54,69.38,69.49
1781819100000,69.49,69.54,69.47,69.54
1781819280000,69.54,69.57,69.5,69.51
1781819460000,69.51,69.52,69.44,69.45
1781819640000,69.45,69.59,69.44,69.53
1781819820000,69.53,69.58,69.51,69.54
1781820000000,69.54,69.58,69.46,69.49
1781820180000,69.49,69.54,69.41,69.49
1781820360000,69.49,69.52,69.47,69.49
1781820540000,69.49,69.65,69.48,69.55
1781820720000,69.55,69.64,69.53,69.61
1781820900000,69.61,69.64,69.45,69.46
1781821080000,69.46,69.47,69.37,69.44
1781821260000,69.44,69.54,69.42,69.49
1781821440000,69.49,69.52,69.44,69.47
1781821620000,69.47,69.52,69.42,69.43
1781821800000,69.43,69.46,69.27,69.29
1781821980000,69.29,69.35,69.22,69.29
1781822160000,69.29,69.35,69.27,69.35
1781822340000,69.35,69.36,69.3,69.31
1781822520000,69.31,69.44,69.32,69.43
1781822700000,69.43,69.44,69.34,69.4
1781822880000,69.4,69.55,69.4,69.52
1781823060000,69.52,69.59,69.51,69.58
1781823240000,69.58,69.61,69.49,69.52
1781823420000,69.52,69.55,69.49,69.49
1781823600000,69.49,69.55,69.42,69.53
1781823780000,69.53,69.53,69.38,69.44
1781823960000,69.44,69.44,69.31,69.39
1781824140000,69.39,69.39,69.32,69.35
1781824320000,69.35,69.4,69.25,69.25
1781824500000,69.25,69.34,69.25,69.34
1781824680000,69.34,69.41,69.34,69.41
1781824860000,69.41,69.45,69.36,69.44
1781825040000,69.44,69.44,69.39,69.41
1781825220000,69.41,69.53,69.41,69.52
1781825400000,69.52,69.67,69.53,69.63
1781825580000,69.63,69.64,69.53,69.56
1781825760000,69.56,69.61,69.54,69.56
1781825940000,69.56,69.66,69.55,69.65
1781826120000,69.65,69.68,69.62,69.63
1781826300000,69.63,69.66,69.53,69.59
1781826480000,69.59,69.66,69.5,69.65
1781826660000,69.65,69.71,69.62,69.69
1781826840000,69.69,69.76,69.64,69.66
1781827020000,69.66,69.72,69.65,69.69
1781827200000,69.69,69.69,69.53,69.56
1781827380000,69.56,69.69,69.55,69.68
1781827560000,69.68,69.7,69.55,69.57
1781827740000,69.57,69.68,69.56,69.63
1781827920000,69.63,69.64,69.55,69.63
1781828100000,69.63,69.66,69.56,69.61
1781828280000,69.61,69.77,69.61,69.63
1781828460000,69.63,69.72,69.58,69.71
1781828640000,69.71,69.75,69.7,69.73
1781828820000,69.73,69.76,69.68,69.76
1781829000000,69.76,69.85,69.75,69.84
1781829180000,69.84,69.85,69.8,69.82
1781829360000,69.82,69.86,69.73,69.74
1781829540000,69.74,69.79,69.7,69.78
1781829720000,69.78,69.82,69.74,69.81
1781829900000,69.81,69.83,69.74,69.77
1781830080000,69.77,69.79,69.7,69.73
1781830260000,69.73,69.78,69.71,69.75
1781830440000,69.75,69.78,69.68,69.69
1781830620000,69.69,69.77,69.68,69.77
1781830800000,69.77,69.79,69.72,69.79
1781830980000,69.79,69.99,69.79,69.97
1781831160000,69.97,69.97,69.87,69.87
1781831340000,69.87,69.88,69.65,69.66
1781831520000,69.66,69.71,69.63,69.7
1781831700000,69.7,69.93,69.71,69.88
1781831880000,69.88,69.87,69.79,69.86
1781832060000,69.86,69.93,69.86,69.9
1781832240000,69.9,69.91,69.79,69.84
1781832420000,69.84,69.84,69.65,69.65
1781832600000,69.65,69.7,69.55,69.58
1781832780000,69.58,69.61,69.51,69.6
1781832960000,69.6,69.7,69.6,69.67
1781833140000,69.67,69.68,69.61,69.67
1781833320000,69.67,69.73,69.62,69.71
1781833500000,69.71,69.82,69.71,69.78
1781833680000,69.78,69.85,69.76,69.83
1781833860000,69.83,69.88,69.79,69.87
1781834040000,69.87,69.95,69.86,69.88
1781834220000,69.88,69.92,69.87,69.91
1781834400000,69.91,69.98,69.89,69.97
1781834580000,69.97,70.06,69.97,70.06
1781834760000,70.06,70.06,69.83,69.88
1781834940000,69.88,69.95,69.87,69.87
1781835120000,69.87,69.89,69.79,69.81
1781835300000,69.81,69.85,69.69,69.7
1781835480000,69.7,69.7,69.59,69.62
1781835660000,69.62,69.63,69.48,69.5
1781835840000,69.5,69.62,69.5,69.62
1781836020000,69.62,69.64,69.47,69.48
1781836200000,69.48,69.5,69.41,69.45
1781836380000,69.45,69.59,69.45,69.54
1781836560000,69.54,69.56,69.46,69.5
1781836740000,69.5,69.51,69.44,69.48
1781836920000,69.48,69.55,69.48,69.51
1781837100000,69.51,69.51,69.38,69.49
1781837280000,69.49,69.52,69.47,69.49
1781837460000,69.49,69.64,69.49,69.59
1781837640000,69.59,69.66,69.59,69.66
1781837820000,69.66,69.7,69.61,69.63
1781838000000,69.63,69.71,69.6,69.61
1781838180000,69.61,69.69,69.6,69.61
1781838360000,69.61,69.63,69.54,69.57
1781838540000,69.57,69.59,69.48,69.48
1781838720000,69.48,69.49,69.27,69.29
1781838900000,69.29,69.31,68.68,68.82
1781839080000,68.82,68.91,68.59,68.84
1781839260000,68.84,69.18,68.82,69.15
1781839440000,69.15,69.34,69.16,69.23
1781839620000,69.23,69.4,69.23,69.3
1781839800000,69.3,69.31,69.1,69.11
1781839980000,69.11,69.15,69.0,69.02
1781840160000,69.02,69.02,68.93,68.96
1781840340000,68.96,68.97,68.81,68.92
1781840520000,68.92,68.99,68.89,68.94
1781840700000,68.94,69.01,68.89,69.01
1781840880000,69.01,69.03,68.9,68.99
1781841060000,68.99,69.05,68.96,68.97
1781841240000,68.97,69.05,68.97,69.03
1781841420000,69.03,69.09,68.97,69.02
1781841600000,69.02,69.02,68.68,68.78
1781841780000,68.78,68.82,68.66,68.79
1781841960000,68.79,68.95,68.78,68.92
1781842140000,68.92,69.13,68.89,69.09
1781842320000,69.09,69.15,69.05,69.12
1781842500000,69.12,69.23,69.06,69.22
1781842680000,69.22,69.23,68.78,68.79
1781842860000,68.79,68.84,68.71,68.82
1781843040000,68.82,68.83,68.72,68.78
1781843220000,68.78,68.8,68.73,68.75
1781843400000,68.75,68.76,68.49,68.54
1781843580000,68.54,68.59,68.32,68.44
1781843760000,68.44,68.49,68.37,68.43
1781843940000,68.43,68.47,68.36,68.46
1781844120000,68.46,68.54,68.43,68.52
1781844300000,68.52,68.54,68.46,68.46
1781844480000,68.46,68.62,68.45,68.46
1781844660000,68.46,68.46,68.29,68.3
1781844840000,68.3,68.31,68.16,68.24
1781845020000,68.24,68.34,68.23,68.3
1781845200000,68.3,68.5,68.28,68.49
1781845380000,68.49,68.56,68.45,68.55
1781845560000,68.55,68.66,68.48,68.65
1781845740000,68.65,68.71,68.59,68.68
1781845920000,68.68,68.69,68.64,68.67
1781846100000,68.67,68.67,68.49,68.53
1781846280000,68.53,68.56,68.41,68.41
1781846460000,68.41,68.49,68.39,68.47
1781846640000,68.47,68.56,68.46,68.55
1781846820000,68.55,68.55,68.46,68.51
1781847000000,68.51,68.62,68.46,68.47
1781847180000,68.47,68.5,68.33,68.34
1781847360000,68.34,68.44,68.34,68.42
1781847540000,68.42,68.45,68.36,68.45
1781847720000,68.45,68.52,68.37,68.51
1781847900000,68.51,68.65,68.48,68.59
1781848080000,68.59,68.67,68.59,68.66
1781848260000,68.66,68.72,68.59,68.6
1781848440000,68.6,68.69,68.61,68.63
1781848620000,68.63,68.67,68.61,68.66
1781848800000,68.66,68.69,68.54,68.61
1781848980000,68.61,68.8,68.61,68.8
1781849160000,68.8,68.79,68.67,68.7
1781849340000,68.7,68.76,68.66,68.71
1781849520000,68.71,68.79,68.7,68.79
1781849700000,68.79,68.81,68.69,68.72
1781849880000,68.72,68.76,68.66,68.66
1781850060000,68.66,68.79,68.65,68.79
1781850240000,68.79,68.82,68.76,68.77
1781850420000,68.77,68.77,68.68,68.71
1781850600000,68.71,68.81,68.58,68.62
1781850780000,68.62,68.67,68.56,68.56
1781850960000,68.56,68.56,68.43,68.47
1781851140000,68.47,68.53,68.45,68.49
1781851320000,68.49,68.64,68.49,68.63
1781851500000,68.63,68.64,68.46,68.49
1781851680000,68.49,68.55,68.48,68.54
1781851860000,68.54,68.64,68.46,68.64
1781852040000,68.64,68.65,68.58,68.63
1781852220000,68.63,68.78,68.62,68.72
1781852400000,68.72,68.74,68.64,68.64
1781852580000,68.64,68.65,68.57,68.62
1781852760000,68.62,68.62,68.52,68.58
1781852940000,68.58,68.61,68.48,68.55
1781853120000,68.55,68.56,68.47,68.48
1781853300000,68.48,68.55,68.42,68.53
1781853480000,68.53,68.52,68.34,68.39
1781853660000,68.39,68.51,68.39,68.45
1781853840000,68.45,68.58,68.45,68.52
1781854020000,68.52,68.52,68.39,68.43
1781854200000,68.43,68.58,68.39,68.39
1781854380000,68.39,68.43,68.18,68.25
1781854560000,68.25,68.27,67.93,67.98
1781854740000,67.98,68.11,67.95,68.09
1781854920000,68.09,68.23,68.08,68.23
1781855100000,68.23,68.25,68.1,68.11
1781855280000,68.11,68.21,68.06,68.2
1781855460000,68.2,68.38,68.2,68.28
1781855640000,68.28,68.32,68.2,68.29
1781855820000,68.29,68.36,68.28,68.35
1781856000000,68.35,68.38,68.28,68.28
1781856180000,68.28,68.39,68.26,68.27
1781856360000,68.27,68.36,68.26,68.29
1781856540000,68.29,68.36,68.2,68.36
1781856720000,68.36,68.49,68.34,68.47
1781856900000,68.47,68.51,68.42,68.45
1781857080000,68.45,68.54,68.41,68.51
1781857260000,68.51,68.62,68.47,68.59
1781857440000,68.59,68.64,68.56,68.56
1781857620000,68.56,68.57,68.5,68.54
1781857800000,68.54,68.65,68.53,68.57
1781857980000,68.57,68.61,68.51,68.59
1781858160000,68.59,68.71,68.59,68.71
1781858340000,68.71,68.72,68.51,68.51
1781858520000,68.51,68.61,68.47,68.61
1781858700000,68.61,68.64,68.57,68.63
1781858880000,68.63,68.67,68.58,68.67
1781859060000,68.67,68.67,68.59,68.59
1781859240000,68.59,68.61,68.53,68.54
1781859420000,68.54,68.63,68.54,68.63
1781859600000,68.63,68.71,68.63,68.64
1781859780000,68.64,68.68,68.48,68.48
1781859960000,68.48,68.51,68.4,68.41
1781860140000,68.41,68.42,68.23,68.31
1781860320000,68.31,68.33,68.18,68.26
1781860500000,68.26,68.39,68.26,68.37
1781860680000,68.37,68.42,68.35,68.4
1781860860000,68.4,68.41,68.21,68.29
1781861040000,68.29,68.39,68.28,68.3
1781861220000,68.3,68.32,68.24,68.28
1781861400000,68.28,68.48,68.29,68.44
1781861580000,68.44,68.49,68.36,68.41
1781861760000,68.41,68.46,68.38,68.45
1781861940000,68.45,68.49,68.39,68.45
1781862120000,68.45,68.46,68.41,68.41
1781862300000,68.41,68.43,68.36,68.4
1781862480000,68.4,68.41,68.28,68.41
1781862660000,68.41,68.43,68.27,68.34
1781862840000,68.34,68.36,68.31,68.32
1781863020000,68.32,68.32,68.27,68.29
1781863200000,68.29,68.32,68.24,68.26
1781863380000,68.26,68.34,68.22,68.27
1781863560000,68.27,68.35,68.21,68.35
1781863740000,68.35,68.43,68.28,68.31
1781863920000,68.31,68.38,68.31,68.31
1781864100000,68.31,68.3,68.08,68.13
1781864280000,68.13,68.2,68.11,68.17
1781864460000,68.17,68.31,68.15,68.29
1781864640000,68.29,68.31,68.21,68.28
1781864820000,68.28,68.34,68.24,68.3
1781865000000,68.3,68.31,68.11,68.17
1781865180000,68.17,68.24,68.15,68.16
1781865360000,68.16,68.19,68.09,68.15
1781865540000,68.15,68.15,68.02,68.08
1781865720000,68.08,68.16,68.08,68.09
1781865900000,68.09,68.21,68.04,68.16
1781866080000,68.16,68.22,68.14,68.18
1781866260000,68.18,68.36,68.14,68.35
1781866440000,68.35,68.39,68.27,68.37
1781866620000,68.37,68.4,68.27,68.28
1781866800000,68.28,68.31,68.2,68.29
1781866980000,68.29,68.31,68.21,68.22
1781867160000,68.22,68.22,68.05,68.14
1781867340000,68.14,68.17,68.08,68.16
1781867520000,68.16,68.21,68.13,68.21
1781867700000,68.21,68.25,68.14,68.16
1781867880000,68.16,68.29,68.14,68.27
1781868060000,68.27,68.43,68.23,68.43
1781868240000,68.43,68.43,68.25,68.27
1781868420000,68.27,68.33,68.22,68.31
1781868600000,68.31,68.37,68.29,68.34
1781868780000,68.34,68.35,68.31,68.33
1781868960000,68.33,68.34,68.26,68.31
1781869140000,68.31,68.35,68.27,68.34
1781869320000,68.34,68.39,68.34,68.34
1781869500000,68.34,68.41,68.32,68.41
1781869680000,68.41,68.4,68.34,68.34
1781869860000,68.34,68.34,68.2,68.25
1781870040000,68.25,68.27,68.17,68.22
1781870220000,68.22,68.22,68.19,68.21
1781870400000,68.21,68.31,68.21,68.27
1781870580000,68.27,68.34,68.28,68.3
1781870760000,68.3,68.31,68.19,68.27
1781870940000,68.27,68.37,68.27,68.29
1781871120000,68.29,68.33,68.27,68.27
1781871300000,68.27,68.26,68.09,68.14
1781871480000,68.14,68.25,68.14,68.21
1781871660000,68.21,68.3,68.21,68.23
1781871840000,68.23,68.24,68.12,68.16
1781872020000,68.16,68.22,68.15,68.21
1781872200000,68.21,68.24,68.12,68.12
1781872380000,68.12,68.19,68.04,68.15
1781872560000,68.15,68.23,68.04,68.22
1781872740000,68.22,68.35,68.2,68.23
1781872920000,68.23,68.3,68.22,68.22
1781873100000,68.22,68.22,67.89,67.93
1781873280000,67.93,68.15,67.9,68.15
1781873460000,68.15,68.69,68.15,68.57
1781873640000,68.57,68.65,68.49,68.56
1781873820000,68.56,68.61,68.48,68.58
1781874000000,68.58,68.63,68.45,68.46
1781874180000,68.46,68.76,68.44,68.74
1781874360000,68.74,68.75,68.62,68.63
1781874540000,68.63,68.63,68.55,68.57
1781874720000,68.57,68.6,68.53,68.54
1781874900000,68.54,68.59,68.42,68.42
1781875080000,68.42,68.48,68.35,68.48
1781875260000,68.48,68.5,68.38,68.49
1781875440000,68.49,68.51,68.44,68.46
1781875620000,68.46,68.54,68.44,68.51
1781875800000,68.51,68.6,68.46,68.49
1781875980000,68.49,68.61,68.44,68.58
1781876160000,68.58,68.75,68.53,68.67
1781876340000,68.67,68.81,68.67,68.77
1781876520000,68.77,69.02,68.75,68.98
1781876700000,68.98,69.54,68.97,69.33
1781876880000,69.33,69.43,69.22,69.24
1781877060000,69.24,69.28,69.18,69.27
1781877240000,69.27,69.37,69.2,69.28
1781877420000,69.28,69.33,69.22,69.23
1781877600000,69.23,69.32,69.14,69.32
1781877780000,69.32,69.36,69.22,69.23
1781877960000,69.23,69.25,69.0,69.12
1781878140000,69.12,69.13,68.91,68.92
1781878320000,68.92,68.94,68.86,68.94
1781878500000,68.94,68.97,68.84,68.91
1781878680000,68.91,68.98,68.88,68.9
1781878860000,68.9,68.95,68.78,68.82
1781879040000,68.82,69.23,68.81,69.22
1781879220000,69.22,69.32,69.18,69.24
1781879400000,69.24,69.31,69.06,69.08
1781879580000,69.08,69.31,69.08,69.31
1781879760000,69.31,69.41,69.29,69.35
1781879940000,69.35,69.43,69.29,69.41
1781880120000,69.41,69.43,69.28,69.28
1781880300000,69.28,69.37,69.27,69.34
1781880480000,69.34,69.44,69.3,69.3
1781880660000,69.3,69.34,69.18,69.19
1781880840000,69.19,69.27,69.15,69.17
1781881020000,69.17,69.17,69.09,69.1
1781881200000,69.1,69.1,68.98,69.07
1781881380000,69.07,69.07,68.93,68.98
1781881560000,68.98,69.17,68.98,69.14
1781881740000,69.14,69.17,69.08,69.12
1781881920000,69.12,69.17,69.09,69.14
1781882100000,69.14,69.2,69.11,69.14
1781882280000,69.14,69.2,69.0,69.04
1781882460000,69.04,69.1,68.89,68.89
1781882640000,68.89,69.01,68.89,68.99
1781882820000,68.99,69.01,68.93,68.99
1781883000000,68.99,69.16,68.98,69.13
1781883180000,69.13,69.39,69.12,69.35
1781883360000,69.35,69.35,69.23,69.27
1781883540000,69.27,69.47,69.21,69.44
1781883720000,69.44,69.49,69.37,69.41
1781883900000,69.41,69.45,69.32,69.34
1781884080000,69.34,69.38,69.23,69.29
1781884260000,69.29,69.3,69.21,69.28
1781884440000,69.28,69.37,69.26,69.37
1781884620000,69.37,69.37,69.25,69.29
1781884800000,69.29,69.35,69.22,69.31
1781884980000,69.31,69.36,69.22,69.36
1781885160000,69.36,69.41,69.21,69.23
1781885340000,69.23,69.28,69.19,69.25
1781885520000,69.25,69.53,69.24,69.51
1781885700000,69.51,69.51,69.35,69.47
1781885880000,69.47,69.51,69.39,69.45
1781886060000,69.45,69.5,69.41,69.43
1781886240000,69.43,69.46,69.41,69.41
1781886420000,69.41,69.49,69.38,69.39
1781886600000,69.39,69.43,69.27,69.41
1781886780000,69.41,69.41,69.24,69.3
1781886960000,69.3,69.33,69.27,69.29
1781887140000,69.29,69.29,69.14,69.16
1781887320000,69.16,69.24,69.15,69.23
1781887500000,69.23,69.22,69.11,69.12
1781887680000,69.12,69.15,69.06,69.06
1781887860000,69.06,69.09,68.98,68.98
1781888040000,68.98,68.99,68.65,68.79
1781888220000,68.79,68.83,68.64,68.67
1781888400000,68.67,68.78,68.64,68.78
1781888580000,68.78,68.81,68.58,68.74
1781888760000,68.74,68.81,68.71,68.8
1781888940000,68.8,68.84,68.69,68.84
1781889120000,68.84,68.88,68.81,68.87
1781889300000,68.87,69.06,68.84,69.06
1781889480000,69.06,69.21,68.97,69.17
1781889660000,69.17,69.19,69.04,69.06
1781889840000,69.06,69.07,68.89,68.92
1781890020000,68.92,68.93,68.87,68.93
1781890200000,68.93,69.06,68.92,69.03
1781890380000,69.03,69.21,69.03,69.16
1781890560000,69.16,69.31,69.15,69.29
1781890740000,69.29,69.37,69.24,69.36
1781890920000,69.36,69.39,69.32,69.35
1781891100000,69.35,69.36,69.25,69.31
1781891280000,69.31,69.48,69.31,69.39
1781891460000,69.39,69.4,69.22,69.29
1781891640000,69.29,69.32,69.25,69.28
1781891820000,69.28,69.34,69.28,69.29
1781892000000,69.29,69.34,69.16,69.21
1781892180000,69.21,69.25,69.18,69.2
1781892360000,69.2,69.22,69.15,69.16
1781892540000,69.16,69.21,69.12,69.21
1781892720000,69.21,69.23,69.17,69.22
1781892900000,69.22,69.23,69.11,69.12
1781893080000,69.12,69.17,69.07,69.16
1781893260000,69.16,69.18,69.11,69.13
1781893440000,69.13,69.13,69.07,69.1
1781893620000,69.1,69.11,69.02,69.03
1781893800000,69.03,69.04,68.9,68.99
1781893980000,68.99,69.11,68.97,69.11
1781894160000,69.11,69.11,68.94,68.95
1781894340000,68.95,68.95,68.77,68.86
1781894520000,68.86,68.88,68.79,68.86
1781894700000,68.86,68.93,68.86,68.93
1781894880000,68.93,68.99,68.93,68.99
1781895060000,68.99,69.03,68.88,68.89
1781895240000,68.89,68.97,68.89,68.94
1781895420000,68.94,69.06,68.92,69.02
1781895600000,69.02,69.03,68.91,68.97
1781895780000,68.97,69.11,68.93,69.06
1781895960000,69.06,69.07,68.96,69.01
1781896140000,69.01,69.01,68.78,68.82
1781896320000,68.82,68.95,68.81,68.95
1781896500000,68.95,68.96,68.91,68.91
1781896680000,68.91,68.94,68.8,68.87
1781896860000,68.87,68.93,68.86,68.89
1781897040000,68.89,68.94,68.78,68.78
1781897220000,68.78,68.88,68.74,68.88
1781897400000,68.88,68.89,68.8,68.88
1781897580000,68.88,68.88,68.74,68.76
1781897760000,68.76,68.88,68.75,68.85
1781897940000,68.85,68.85,68.78,68.84
1781898120000,68.84,68.87,68.83,68.83
1781898300000,68.83,68.89,68.8,68.89
1781898480000,68.89,69.09,68.88,69.06
1781898660000,69.06,69.06,68.96,68.97
1781898840000,68.97,69.09,68.94,68.96
1781899020000,68.96,68.98,68.89,68.92
1781899200000,68.92,69.06,68.92,68.96
1781899380000,68.96,68.98,68.9,68.96
1781899560000,68.96,69.05,68.94,69.02
1781899740000,69.02,69.02,68.93,68.99
1781899920000,68.99,68.99,68.94,68.96
1781900100000,68.96,68.97,68.86,68.86
1781900280000,68.86,68.87,68.7,68.72
1781900460000,68.72,68.79,68.68,68.75
1781900640000,68.75,68.88,68.75,68.87
1781900820000,68.87,68.91,68.86,68.91
1781901000000,68.91,68.97,68.84,68.84
1781901180000,68.84,68.87,68.8,68.86
1781901360000,68.86,68.93,68.83,68.84
1781901540000,68.84,68.88,68.8,68.85
1781901720000,68.85,68.91,68.85,68.88
1781901900000,68.88,69.11,68.87,69.11
1781902080000,69.11,69.11,69.02,69.08
1781902260000,69.08,69.11,69.06,69.1
1781902440000,69.1,69.17,69.09,69.13
1781902620000,69.13,69.27,69.12,69.23
1781902800000,69.23,69.23,69.11,69.11
1781902980000,69.11,69.13,69.07,69.07
1781903160000,69.07,69.15,69.05,69.12
1781903340000,69.12,69.17,69.11,69.14
1781903520000,69.14,69.26,69.12,69.26
1781903700000,69.26,69.26,69.2,69.24
1781903880000,69.24,69.25,69.19,69.22
1781904060000,69.22,69.22,69.12,69.17
1781904240000,69.17,69.18,69.05,69.13
1781904420000,69.13,69.13,69.07,69.09
1781904600000,69.09,69.15,69.07,69.11
1781904780000,69.11,69.1,69.03,69.07
1781904960000,69.07,69.06,68.99,69.01
1781905140000,69.01,69.01,68.9,68.94
1781905320000,68.94,68.98,68.89,68.91
1781905500000,68.91,68.95,68.89,68.91
1781905680000,68.91,68.98,68.91,68.98
1781905860000,68.98,68.98,68.92,68.93
1781906040000,68.93,68.94,68.86,68.9
1781906220000,68.9,68.98,68.9,68.98
1781906400000,68.98,69.05,68.94,69.05
1781906580000,69.05,69.03,68.96,68.98
1781906760000,68.98,68.99,68.95,68.96
1781906940000,68.96,69.03,68.96,68.99
1781907120000,68.99,69.06,68.99,69.05
1781907300000,69.05,69.09,69.04,69.08
1781907480000,69.08,69.22,69.08,69.21
1781907660000,69.21,69.29,69.2,69.27
1781907840000,69.27,69.33,69.27,69.31
1781908020000,69.31,69.36,69.28,69.28
1781908200000,69.28,69.29,69.25,69.26
1781908380000,69.26,69.33,69.26,69.27
1781908560000,69.27,69.3,69.24,69.24
1781908740000,69.24,69.35,69.23,69.34
1781908920000,69.34,69.41,69.31,69.34
1781909100000,69.34,69.34,69.21,69.3
1781909280000,69.3,69.41,69.3,69.36
1781909460000,69.36,69.38,69.31,69.33
1781909640000,69.33,69.38,69.31,69.31
1781909820000,69.31,69.38,69.3,69.37
1781910000000,69.37,69.41,69.3,69.32
1781910180000,69.32,69.37,69.3,69.34
1781910360000,69.34,69.34,69.28,69.33
1781910540000,69.33,69.33,69.2,69.23
1781910720000,69.23,69.26,69.2,69.26
1781910900000,69.26,69.26,69.22,69.25
1781911080000,69.25,69.29,69.24,69.26
1781911260000,69.26,69.28,69.25,69.27
1781911440000,69.27,69.39,69.28,69.39
1781911620000,69.39,69.41,69.36,69.41
1781911800000,69.41,69.43,69.37,69.42
1781911980000,69.42,69.5,69.39,69.47
1781912160000,69.47,69.49,69.45,69.45
1781912340000,69.45,69.46,69.37,69.38
1781912520000,69.38,69.41,69.37,69.41
1781912700000,69.41,69.41,69.35,69.35
1781912880000,69.35,69.38,69.35,69.37
1781913060000,69.37,69.49,69.37,69.47
1781913240000,69.47,69.84,69.42,69.82
1781913420000,69.82,69.82,69.67,69.69
1781913600000,69.69,69.81,69.64,69.81
1781913780000,69.81,69.82,69.61,69.69
1781913960000,69.69,69.77,69.6,69.7
1781914140000,69.7,69.7,69.58,69.6
1781914320000,69.6,69.67,69.57,69.65
1781914500000,69.65,69.74,69.65,69.7
1781914680000,69.7,69.76,69.68,69.74
1781914860000,69.74,69.79,69.67,69.78
1781915040000,69.78,69.92,69.76,69.83
1781915220000,69.83,69.9,69.8,69.86
1781915400000,69.86,69.86,69.74,69.86
1781915580000,69.86,70.07,69.82,69.94
1781915760000,69.94,70.0,69.81,69.85
1781915940000,69.85,69.84,69.73,69.74
1781916120000,69.74,69.79,69.69,69.77
1781916300000,69.77,69.78,69.72,69.73
1781916480000,69.73,69.77,69.65,69.69
1781916660000,69.69,69.72,69.62,69.66
1781916840000,69.66,69.74,69.6,69.6
1781917020000,69.6,69.64,69.58,69.6
1781917200000,69.6,69.66,69.57,69.64
1781917380000,69.64,69.65,69.58,69.61
1781917560000,69.61,69.66,69.53,69.54
1781917740000,69.54,69.55,69.52,69.54
1781917920000,69.54,69.57,69.52,69.55
1781918100000,69.55,69.58,69.52,69.58
1781918280000,69.58,69.68,69.58,69.66
1781918460000,69.66,69.7,69.62,69.67
1781918640000,69.67,69.66,69.5,69.53
1781918820000,69.53,69.6,69.51,69.59
1781919000000,69.59,69.66,69.58,69.66
1781919180000,69.66,69.76,69.66,69.75
1781919360000,69.75,69.88,69.75,69.88
1781919540000,69.88,69.91,69.81,69.82
1781919720000,69.82,69.82,69.71,69.74
1781919900000,69.74,69.81,69.71,69.8
1781920080000,69.8,69.81,69.73,69.75
1781920260000,69.75,69.78,69.73,69.77
1781920440000,69.77,69.79,69.76,69.77
1781920620000,69.77,69.77,69.73,69.77
1781920800000,69.77,69.83,69.72,69.81
1781920980000,69.81,69.82,69.67,69.68
1781921160000,69.68,69.69,69.63,69.63
1781921340000,69.63,69.68,69.6,69.64
1781921520000,69.64,69.66,69.61,69.63
1781921700000,69.63,69.64,69.5,69.51
1781921880000,69.51,69.51,69.46,69.48
1781922060000,69.48,69.53,69.45,69.45
1781922240000,69.45,69.52,69.45,69.51
1781922420000,69.51,69.52,69.45,69.49
1781922600000,69.49,69.68,69.49,69.67
1781922780000,69.67,69.7,69.59,69.59
1781922960000,69.59,69.62,69.55,69.59
1781923140000,69.59,69.59,69.54,69.56
1781923320000,69.56,69.55,69.48,69.55
1781923500000,69.55,69.67,69.55,69.66
1781923680000,69.66,69.71,69.62,69.67
1781923860000,69.67,69.66,69.56,69.62
1781924040000,69.62,69.66,69.59,69.62
1781924220000,69.62,69.66,69.6,69.61
1781924400000,69.61,69.69,69.58,69.69
1781924580000,69.69,69.71,69.66,69.7
1781924760000,69.7,69.77,69.7,69.74
1781924940000,69.74,69.77,69.65,69.76
1781925120000,69.76,69.82,69.75,69.79
1781925300000,69.79,69.87,69.79,69.86
1781925480000,69.86,69.98,69.86,69.87
1781925660000,69.87,69.89,69.84,69.85
1781925840000,69.85,69.99,69.84,69.98
1781926020000,69.98,69.99,69.86,69.94
1781926200000,69.94,69.99,69.89,69.97
1781926380000,69.97,70.02,69.85,69.88
1781926560000,69.88,69.96,69.86,69.96
1781926740000,69.96,70.04,69.95,69.99
1781926920000,69.99,70.04,69.96,70.03
1781927100000,70.03,70.03,69.94,69.99
1781927280000,69.99,70.07,69.96,70.03
1781927460000,70.03,70.02,69.98,69.99
1781927640000,69.99,69.99,69.94,69.94
1781927820000,69.94,69.97,69.91,69.97
1781928000000,69.97,69.97,69.88,69.89
1781928180000,69.89,69.97,69.85,69.95
1781928360000,69.95,70.02,69.94,69.94
1781928540000,69.94,69.94,69.86,69.94
1781928720000,69.94,69.99,69.91,69.98
1781928900000,69.98,70.07,69.95,70.05
1781929080000,70.05,70.23,70.03,70.18
1781929260000,70.18,70.19,70.12,70.16
1781929440000,70.16,70.36,70.16,70.34
1781929620000,70.34,70.39,70.21,70.38
1781929800000,70.38,70.45,70.34,70.35
1781929980000,70.35,70.39,70.31,70.38
1781930160000,70.38,70.53,70.36,70.48
1781930340000,70.48,70.78,70.48,70.75
1781930520000,70.75,70.87,70.71,70.84
1781930700000,70.84,70.85,70.69,70.74
1781930880000,70.74,71.04,70.71,71.04
1781931060000,71.04,71.05,70.86,70.86
1781931240000,70.86,70.96,70.76,70.76
1781931420000,70.76,70.83,70.74,70.83
1781931600000,70.83,70.87,70.68,70.78
1781931780000,70.78,70.93,70.77,70.91
1781931960000,70.91,71.51,70.89,71.46
1781932140000,71.46,72.23,71.46,72.07
1781932320000,72.07,72.45,71.97,72.18
1781932500000,72.18,72.34,72.0,72.0
1781932680000,72.0,72.06,71.82,71.91
1781932860000,71.91,71.92,71.61,71.61
1781933040000,71.61,71.66,71.57,71.61
1781933220000,71.61,71.63,71.39,71.43
1781933400000,71.43,71.55,71.43,71.53
1781933580000,71.53,71.65,71.52,71.6
1781933760000,71.6,71.7,71.57,71.69
1781933940000,71.69,71.82,71.66,71.73
1781934120000,71.73,71.74,71.58,71.59
1781934300000,71.59,71.69,71.51,71.62
1781934480000,71.62,71.65,71.58,71.58
1781934660000,71.58,71.7,71.54,71.68
1781934840000,71.68,71.79,71.68,71.71
1781935020000,71.71,71.8,71.7,71.75
1781935200000,71.75,71.89,71.75,71.87
1781935380000,71.87,71.92,71.77,71.79
1781935560000,71.79,71.9,71.73,71.78
1781935740000,71.78,71.77,71.67,71.73
1781935920000,71.73,71.88,71.73,71.87
1781936100000,71.87,71.97,71.77,71.97
1781936280000,71.97,72.04,71.96,72.04
1781936460000,72.04,72.35,72.01,72.26
1781936640000,72.26,72.26,72.0,72.07
1781936820000,72.07,72.13,72.0,72.03
1781937000000,72.03,72.04,71.96,71.99
1781937180000,71.99,72.08,71.94,72.07
1781937360000,72.07,72.26,72.07,72.25
1781937540000,72.25,72.26,72.13,72.14
1781937720000,72.14,72.23,72.13,72.15
1781937900000,72.15,72.19,72.09,72.19
1781938080000,72.19,72.24,72.09,72.12
1781938260000,72.12,72.16,72.05,72.06
1781938440000,72.06,72.1,71.98,71.99
1781938620000,71.99,72.07,71.99,72.06
1781938800000,72.06,72.09,71.65,71.7
1781938980000,71.7,71.76,71.61,71.61
1781939160000,71.61,71.63,71.52,71.54
1781939340000,71.54,71.69,71.53,71.65
1781939520000,71.65,71.7,71.65,71.67
1781939700000,71.67,71.69,71.61,71.64
1781939880000,71.64,71.77,71.65,71.72
1781940060000,71.72,71.79,71.66,71.77
1781940240000,71.77,71.95,71.77,71.84
1781940420000,71.84,71.89,71.81,71.89
1781940600000,71.89,71.93,71.85,71.86
1781940780000,71.86,71.86,71.69,71.72
1781940960000,71.72,71.82,71.69,71.74
1781941140000,71.74,71.79,71.71,71.71
1781941320000,71.71,71.75,71.67,71.68
1781941500000,71.68,71.72,71.65,71.67
1781941680000,71.67,71.71,71.54,71.59
1781941860000,71.59,71.59,71.49,71.52
1781942040000,71.52,71.53,71.42,71.47
1781942220000,71.47,71.54,71.44,71.54
1781942400000,71.54,71.58,71.31,71.34
1781942580000,71.34,71.57,71.34,71.47
1781942760000,71.47,71.47,71.4,71.42
1781942940000,71.42,71.46,71.4,71.44
1781943120000,71.44,71.48,71.43,71.48
1781943300000,71.48,71.58,71.48,71.57
1781943480000,71.57,71.62,71.56,71.6
1781943660000,71.6,71.6,71.49,71.55
1781943840000,71.55,71.57,71.52,71.54
1781944020000,71.54,71.55,71.49,71.49
1781944200000,71.49,71.51,71.37,71.42
1781944380000,71.42,71.48,71.4,71.43
1781944560000,71.43,71.46,71.27,71.32
1781944740000,71.32,71.41,71.32,71.4
1781944920000,71.4,71.41,71.33,71.39
1781945100000,71.39,71.4,71.31,71.35
1781945280000,71.35,71.37,71.28,71.31
1781945460000,71.31,71.34,71.23,71.3
1781945640000,71.3,71.34,71.27,71.33
1781945820000,71.33,71.35,71.29,71.31
1781946000000,71.31,71.41,71.31,71.4
1781946180000,71.4,71.46,71.38,71.41
1781946360000,71.41,71.42,71.33,71.34
1781946540000,71.34,71.37,71.28,71.37
1781946720000,71.37,71.38,71.32,71.33
1781946900000,71.33,71.35,71.23,71.24
1781947080000,71.24,71.29,71.16,71.23
1781947260000,71.23,71.33,71.22,71.32
1781947440000,71.32,71.35,71.26,71.28
1781947620000,71.28,71.34,71.28,71.32
1781947800000,71.32,71.45,71.31,71.45
1781947980000,71.45,71.48,71.41,71.47
1781948160000,71.47,71.55,71.44,71.44
1781948340000,71.44,71.45,71.38,71.42
1781948520000,71.42,71.52,71.41,71.52
1781948700000,71.52,71.54,71.44,71.5
1781948880000,71.5,71.57,71.46,71.54
1781949060000,71.54,71.57,71.48,71.55
1781949240000,71.55,71.59,71.51,71.58
1781949420000,71.58,71.59,71.52,71.52
1781949600000,71.52,71.53,71.38,71.46
1781949780000,71.46,71.61,71.46,71.6
1781949960000,71.6,71.6,71.52,71.53
1781950140000,71.53,71.54,71.48,71.5
1781950320000,71.5,71.5,71.46,71.47
1781950500000,71.47,71.56,71.45,71.56
1781950680000,71.56,71.6,71.47,71.47
1781950860000,71.47,71.55,71.45,71.53
1781951040000,71.53,71.56,71.51,71.54
1781951220000,71.54,71.55,71.53,71.55
1781951400000,71.55,71.6,71.52,71.56
1781951580000,71.56,71.58,71.49,71.53
1781951760000,71.53,71.53,71.39,71.42
1781951940000,71.42,71.46,71.36,71.39
1781952120000,71.39,71.43,71.37,71.43
1781952300000,71.43,71.47,71.43,71.46
1781952480000,71.46,71.64,71.43,71.63
1781952660000,71.63,71.67,71.58,71.58
1781952840000,71.58,71.65,71.57,71.61
1781953020000,71.61,71.65,71.61,71.65
1781953200000,71.65,71.71,71.64,71.66
1781953380000,71.66,71.68,71.49,71.49
1781953560000,71.49,71.53,71.41,71.41
1781953740000,71.41,71.44,71.39,71.42
1781953920000,71.42,71.48,71.42,71.48
1781954100000,71.48,71.56,71.46,71.56
1781954280000,71.56,71.56,71.43,71.46
1781954460000,71.46,71.58,71.44,71.57
1781954640000,71.57,71.58,71.5,71.52
1781954820000,71.52,71.57,71.5,71.57
1781955000000,71.57,71.62,71.55,71.57
1781955180000,71.57,71.59,71.53,71.59
1781955360000,71.59,71.65,71.59,71.62
1781955540000,71.62,71.71,71.61,71.71
1781955720000,71.71,71.87,71.69,71.81
1781955900000,71.81,71.82,71.75,71.82
1781956080000,71.82,71.98,71.82,71.97
1781956260000,71.97,72.05,71.85,71.86
1781956440000,71.86,71.88,71.8,71.85
1781956620000,71.85,71.85,71.73,71.73
1781956800000,71.73,71.76,71.67,71.7
1781956980000,71.7,71.83,71.71,71.81
1781957160000,71.81,71.88,71.8,71.86
1781957340000,71.86,71.89,71.75,71.8
1781957520000,71.8,71.87,71.81,71.85
1781957700000,71.85,71.88,71.73,71.88
1781957880000,71.88,71.89,71.8,71.81
1781958060000,71.81,71.81,71.75,71.76
1781958240000,71.76,71.85,71.75,71.76
1781958420000,71.76,71.8,71.73,71.75
1781958600000,71.75,71.76,71.65,71.65
1781958780000,71.65,71.7,71.64,71.66
1781958960000,71.66,71.66,71.45,71.48
1781959140000,71.48,71.51,71.44,71.5
1781959320000,71.5,71.55,71.49,71.55
1781959500000,71.55,71.55,71.5,71.52
1781959680000,71.52,71.53,71.49,71.5
1781959860000,71.5,71.5,71.35,71.43
1781960040000,71.43,71.48,71.39,71.46
1781960220000,71.46,71.52,71.45,71.51
1781960400000,71.51,71.52,71.45,71.51
1781960580000,71.51,71.52,71.46,71.47
1781960760000,71.47,71.5,71.45,71.5
1781960940000,71.5,71.54,71.49,71.51
1781961120000,71.51,71.53,71.43,71.46
1781961300000,71.46,71.54,71.43,71.47
1781961480000,71.47,71.55,71.29,71.32
1781961660000,71.32,71.36,71.18,71.19
1781961840000,71.19,71.2,70.81,70.88
1781962020000,70.88,70.9,70.71,70.85
1781962200000,70.85,70.95,70.84,70.88
1781962380000,70.88,70.92,70.86,70.92
1781962560000,70.92,71.05,70.91,71.04
1781962740000,71.04,71.06,70.99,71.05
1781962920000,71.05,71.11,71.02,71.11
1781963100000,71.11,71.21,71.1,71.17
1781963280000,71.17,71.27,71.16,71.23
1781963460000,71.23,71.23,71.14,71.18
1781963640000,71.18,71.17,71.09,71.15
1781963820000,71.15,71.23,71.13,71.17
1781964000000,71.17,71.16,70.96,71.02
1781964180000,71.02,71.05,70.69,70.71
1781964360000,70.71,70.8,70.58,70.61
1781964540000,70.61,70.65,70.42,70.46
1781964720000,70.46,70.57,70.42,70.49
1781964900000,70.49,70.57,70.48,70.57
1781965080000,70.57,70.7,70.57,70.65
1781965260000,70.65,70.73,70.6,70.72
1781965440000,70.72,70.79,70.72,70.74
1781965620000,70.74,70.75,70.69,70.74
1781965800000,70.74,70.89,70.67,70.87
1781965980000,70.87,70.93,70.83,70.89
1781966160000,70.89,70.97,70.89,70.91
1781966340000,70.91,70.97,70.87,70.96
1781966520000,70.96,71.14,70.83,71.12
1781966700000,71.12,72.15,71.08,71.79
1781966880000,71.79,72.01,71.78,71.87
1781967060000,71.87,71.98,71.75,71.76
1781967240000,71.76,71.93,71.77,71.84
1781967420000,71.84,71.92,71.77,71.9
1781967600000,71.9,71.95,71.59,71.64
1781967780000,71.64,71.97,71.63,71.76
1781967960000,71.76,71.75,71.63,71.69
1781968140000,71.69,71.79,71.68,71.7
1781968320000,71.7,71.95,71.69,71.95
1781968500000,71.95,72.13,71.83,71.85
1781968680000,71.85,72.6,71.82,72.36
1781968860000,72.36,72.37,72.07,72.17
1781969040000,72.17,72.2,72.1,72.11
1781969220000,72.11,72.2,72.09,72.14
1781969400000,72.14,72.24,72.11,72.11
1781969580000,72.11,72.22,71.96,72.0
1781969760000,72.0,72.05,71.97,71.97
1781969940000,71.97,72.01,71.82,71.83
1781970120000,71.83,71.84,71.71,71.76
1781970300000,71.76,72.02,71.75,71.98
1781970480000,71.98,71.99,71.91,71.95
1781970660000,71.95,71.98,71.89,71.94
1781970840000,71.94,72.0,71.91,71.98
1781971020000,71.98,72.05,71.93,71.99
1781971200000,71.99,72.03,71.66,71.79
1781971380000,71.79,71.82,71.63,71.71
1781971560000,71.71,71.72,71.64,71.68
1781971740000,71.68,71.76,71.63,71.64
1781971920000,71.64,71.68,71.61,71.68
1781972100000,71.68,71.8,71.66,71.77
1781972280000,71.77,71.78,71.58,71.59
1781972460000,71.59,71.67,71.55,71.56
1781972640000,71.56,71.59,71.44,71.52
1781972820000,71.52,71.53,71.43,71.45
1781973000000,71.45,71.46,71.29,71.37
1781973180000,71.37,71.48,71.32,71.42
1781973360000,71.42,71.53,71.39,71.41
1781973540000,71.41,71.57,71.41,71.47
1781973720000,71.47,71.56,71.47,71.52
1781973900000,71.52,71.53,71.46,71.47
1781974080000,71.47,71.61,71.47,71.61
1781974260000,71.61,71.63,71.55,71.58
1781974440000,71.58,71.61,71.52,71.59
1781974620000,71.59,71.64,71.59,71.63
1781974800000,71.63,71.64,71.46,71.55
1781974980000,71.55,71.58,71.46,71.46
1781975160000,71.46,71.49,71.41,71.42
1781975340000,71.42,71.44,71.35,71.38
1781975520000,71.38,71.47,71.38,71.47
1781975700000,71.47,71.46,71.28,71.41
1781975880000,71.41,71.5,71.41,71.48
1781976060000,71.48,71.52,71.34,71.34
1781976240000,71.34,71.39,71.31,71.37
1781976420000,71.37,71.52,71.36,71.52
1781976600000,71.52,71.56,71.41,71.49
1781976780000,71.49,71.58,71.07,71.08
1781976960000,71.08,71.24,71.03,71.23
1781977140000,71.23,71.29,71.17,71.26
1781977320000,71.26,71.4,71.27,71.39
1781977500000,71.39,71.52,71.36,71.41
1781977680000,71.41,71.44,71.38,71.41
1781977860000,71.41,71.5,71.4,71.5
1781978040000,71.5,71.64,71.47,71.61
1781978220000,71.61,71.61,71.51,71.52
1781978400000,71.52,71.65,71.49,71.65
1781978580000,71.65,71.75,71.63,71.67
1781978760000,71.67,71.66,71.53,71.6
1781978940000,71.6,71.75,71.6,71.68
1781979120000,71.68,71.68,71.62,71.63
1781979300000,71.63,71.7,71.63,71.69
1781979480000,71.69,71.78,71.67,71.69
1781979660000,71.69,71.7,71.64,71.66
1781979840000,71.66,71.82,71.64,71.76
1781980020000,71.76,71.85,71.76,71.85
1781980200000,71.85,71.92,71.82,71.85
1781980380000,71.85,71.87,71.78,71.79
1781980560000,71.79,71.85,71.78,71.8
1781980740000,71.8,71.84,71.75,71.79
1781980920000,71.79,71.79,71.69,71.75
1781981100000,71.75,71.8,71.74,71.76
1781981280000,71.76,71.77,71.71,71.75
1781981460000,71.75,71.77,71.7,71.71
1781981640000,71.71,71.72,71.65,71.72
1781981820000,71.72,71.73,71.67,71.73
1781982000000,71.73,71.77,71.69,71.74
1781982180000,71.74,71.82,71.67,71.68
1781982360000,71.68,71.71,71.58,71.64
1781982540000,71.64,71.8,71.62,71.74
1781982720000,71.74,71.76,71.71,71.76
1781982900000,71.76,71.78,71.69,71.71
1781983080000,71.71,71.73,71.62,71.67
1781983260000,71.67,71.69,71.64,71.68
1781983440000,71.68,71.72,71.64,71.64
1781983620000,71.64,71.65,71.55,71.63
1781983800000,71.63,71.73,71.6,71.72
1781983980000,71.72,71.76,71.71,71.76
1781984160000,71.76,71.78,71.71,71.73
1781984340000,71.73,71.76,71.71,71.75
1781984520000,71.75,71.88,71.76,71.85
1781984700000,71.85,71.87,71.79,71.79
1781984880000,71.79,71.82,71.77,71.78
1781985060000,71.78,71.82,71.75,71.78
1781985240000,71.78,71.78,71.74,71.76
1781985420000,71.76,71.83,71.73,71.82
1781985600000,71.82,71.91,71.81,71.91
1781985780000,71.91,71.91,71.82,71.9
1781985960000,71.9,71.94,71.89,71.92
1781986140000,71.92,71.93,71.84,71.85
1781986320000,71.85,71.9,71.84,71.87
1781986500000,71.87,71.89,71.8,71.86
1781986680000,71.86,71.88,71.81,71.84
1781986860000,71.84,71.89,71.84,71.88
1781987040000,71.88,71.91,71.86,71.89
1781987220000,71.89,71.89,71.79,71.82
1781987400000,71.82,71.82,71.73,71.73
1781987580000,71.73,71.75,71.66,71.71
1781987760000,71.71,71.78,71.71,71.76
1781987940000,71.76,71.79,71.73,71.77
1781988120000,71.77,71.88,71.76,71.82
1781988300000,71.82,71.88,71.81,71.87
1781988480000,71.87,71.89,71.85,71.88
1781988660000,71.88,71.98,71.88,71.91
1781988840000,71.91,71.98,71.92,71.95
1781989020000,71.95,72.02,71.94,71.97
1781989200000,71.97,72.03,71.92,72.02
1781989380000,72.02,72.05,72.0,72.03
1781989560000,72.03,72.07,72.02,72.03
1781989740000,72.03,72.1,72.02,72.09
1781989920000,72.09,72.37,72.09,72.25
1781990100000,72.25,72.28,72.19,72.21
1781990280000,72.21,72.26,72.19,72.23
1781990460000,72.23,72.23,72.12,72.2
1781990640000,72.2,72.23,72.16,72.16
1781990820000,72.16,72.16,72.09,72.12
1781991000000,72.12,72.2,72.09,72.14
1781991180000,72.14,72.25,72.14,72.21
1781991360000,72.21,72.29,72.2,72.28
1781991540000,72.28,72.29,72.23,72.28
1781991720000,72.28,72.33,72.26,72.29
1781991900000,72.29,72.33,72.23,72.32
1781992080000,72.32,72.39,72.29,72.36
1781992260000,72.36,72.36,72.25,72.26
1781992440000,72.26,72.32,72.23,72.29
1781992620000,72.29,72.42,72.24,72.36
1781992800000,72.36,72.4,72.31,72.36
1781992980000,72.36,72.48,72.35,72.48
1781993160000,72.48,72.54,72.46,72.46
1781993340000,72.46,72.57,72.43,72.54
1781993520000,72.54,73.37,72.54,73.35
1781993700000,73.35,73.38,73.0,73.01
1781993880000,73.01,73.1,72.94,73.08
1781994060000,73.08,73.34,73.05,73.33
1781994240000,73.33,73.64,73.32,73.46
1781994420000,73.46,73.95,73.45,73.93
1781994600000,73.93,73.98,73.58,73.92
1781994780000,73.92,74.27,73.9,74.11
1781994960000,74.11,74.23,73.84,73.85
1781995140000,73.85,73.95,73.8,73.94
1781995320000,73.94,74.07,73.8,73.86
1781995500000,73.86,73.88,73.51,73.54
1781995680000,73.54,73.8,73.52,73.76
1781995860000,73.76,73.81,73.67,73.69
1781996040000,73.69,73.71,73.53,73.64
1781996220000,73.64,73.64,73.49,73.53
1781996400000,73.53,73.55,73.43,73.47
1781996580000,73.47,73.62,73.46,73.55
1781996760000,73.55,73.55,73.38,73.43
1781996940000,73.43,73.5,73.42,73.43
1781997120000,73.43,73.53,73.41,73.43
1781997300000,73.43,73.51,73.41,73.49
1781997480000,73.49,73.6,73.34,73.42
1781997660000,73.42,73.51,73.39,73.46
1781997840000,73.46,73.51,73.44,73.45
1781998020000,73.45,73.47,73.28,73.31
1781998200000,73.31,73.44,73.3,73.32
1781998380000,73.32,73.33,73.23,73.27
1781998560000,73.27,73.39,73.22,73.37
1781998740000,73.37,73.42,73.34,73.35
1781998920000,73.35,73.38,73.31,73.37
1781999100000,73.37,73.36,73.24,73.25
1781999280000,73.25,73.28,73.22,73.22
1781999460000,73.22,73.24,73.2,73.22
1781999640000,73.22,73.27,73.17,73.2
1781999820000,73.2,73.26,73.18,73.18
1782000000000,73.18,73.22,73.03,73.08
1782000180000,73.08,73.19,73.05,73.16
1782000360000,73.16,73.23,73.09,73.14
1782000540000,73.14,73.17,73.06,73.16
1782000720000,73.16,73.18,73.11,73.17
1782000900000,73.17,73.21,73.11,73.16
1782001080000,73.16,73.19,73.1,73.17
1782001260000,73.17,73.25,73.09,73.1
1782001440000,73.1,73.1,72.99,73.0
1782001620000,73.0,73.06,72.98,73.01
1782001800000,73.01,73.06,72.99,73.04
1782001980000,73.04,73.09,73.01,73.09
1782002160000,73.09,73.19,73.03,73.19
1782002340000,73.19,73.19,73.03,73.05
1782002520000,73.05,73.07,73.01,73.04
1782002700000,73.04,73.07,73.01,73.04
1782002880000,73.04,73.15,73.04,73.13
1782003060000,73.13,73.18,73.1,73.13
1782003240000,73.13,73.13,73.04,73.09
1782003420000,73.09,73.15,73.07,73.15
1782003600000,73.15,73.3,73.1,73.22
1782003780000,73.22,73.24,73.1,73.12
1782003960000,73.12,73.16,73.09,73.14
1782004140000,73.14,73.21,73.14,73.2
1782004320000,73.2,73.2,73.11,73.14
1782004500000,73.14,73.15,73.04,73.06
1782004680000,73.06,73.1,72.96,72.97
1782004860000,72.97,72.98,72.9,72.94
1782005040000,72.94,72.98,72.91,72.94
1782005220000,72.94,72.95,72.91,72.93
1782005400000,72.93,72.92,72.84,72.86
1782005580000,72.86,73.04,72.85,73.03
1782005760000,73.03,73.12,73.03,73.06
1782005940000,73.06,73.06,72.96,73.01
1782006120000,73.01,73.09,73.01,73.09
1782006300000,73.09,73.2,73.05,73.14
1782006480000,73.14,73.16,73.08,73.15
1782006660000,73.15,73.2,73.12,73.19
1782006840000,73.19,73.22,73.18,73.19
1782007020000,73.19,73.21,73.15,73.15
1782007200000,73.15,73.17,73.06,73.08
1782007380000,73.08,73.15,73.04,73.11
1782007560000,73.11,73.11,73.06,73.07
1782007740000,73.07,73.15,73.06,73.13
1782007920000,73.13,73.21,73.09,73.21
1782008100000,73.21,73.21,73.07,73.12
1782008280000,73.12,73.21,73.12,73.16
1782008460000,73.16,73.18,73.11,73.13
1782008640000,73.13,73.15,73.11,73.12
1782008820000,73.12,73.16,73.11,73.15
1782009000000,73.15,73.16,73.09,73.16
1782009180000,73.16,73.21,73.12,73.2
1782009360000,73.2,73.27,73.17,73.26
1782009540000,73.26,73.27,73.19,73.26
1782009720000,73.26,73.27,73.19,73.2
1782009900000,73.2,73.26,73.18,73.26
1782010080000,73.26,73.35,73.27,73.29
1782010260000,73.29,73.32,73.22,73.23
1782010440000,73.23,73.28,73.23,73.27
1782010620000,73.27,73.31,73.26,73.29
1782010800000,73.29,73.31,73.22,73.25
1782010980000,73.25,73.27,73.08,73.27
1782011160000,73.27,73.39,73.26,73.36
1782011340000,73.36,73.52,73.3,73.49
1782011520000,73.49,73.65,73.44,73.65
1782011700000,73.65,73.66,73.41,73.49
1782011880000,73.49,73.63,73.49,73.6
1782012060000,73.6,73.83,73.6,73.74
1782012240000,73.74,73.79,73.64,73.69
1782012420000,73.69,73.73,73.48,73.49
1782012600000,73.49,73.59,73.41,73.55
1782012780000,73.55,73.63,73.55,73.56
1782012960000,73.56,73.71,73.53,73.69
1782013140000,73.69,73.69,73.58,73.58
1782013320000,73.58,73.71,73.57,73.69
1782013500000,73.69,73.71,73.61,73.67
1782013680000,73.67,73.72,73.65,73.69
1782013860000,73.69,73.7,73.62,73.63
1782014040000,73.63,73.64,73.55,73.57
1782014220000,73.57,73.6,73.53,73.58
1782014400000,73.58,73.6,73.56,73.57
1782014580000,73.57,73.61,73.47,73.48
1782014760000,73.48,73.49,73.43,73.45
1782014940000,73.45,73.48,73.41,73.43
1782015120000,73.43,73.47,73.42,73.47
1782015300000,73.47,73.58,73.47,73.55
1782015480000,73.55,73.71,73.54,73.68
1782015660000,73.68,73.71,73.62,73.63
1782015840000,73.63,73.71,73.62,73.71
1782016020000,73.71,73.8,73.68,73.74
1782016200000,73.74,73.73,73.65,73.72
1782016380000,73.72,73.75,73.71,73.74
1782016560000,73.74,73.76,73.58,73.64
1782016740000,73.64,73.77,73.61,73.72
1782016920000,73.72,73.75,73.67,73.69
1782017100000,73.69,73.7,73.61,73.63
1782017280000,73.63,73.65,73.57,73.59
1782017460000,73.59,73.59,73.38,73.47
1782017640000,73.47,73.48,73.41,73.43
1782017820000,73.43,73.44,73.33,73.4
1782018000000,73.4,73.45,73.38,73.45
1782018180000,73.45,73.47,73.28,73.31
1782018360000,73.31,73.31,73.23,73.24
1782018540000,73.24,73.25,73.2,73.25
1782018720000,73.25,73.25,73.18,73.19
1782018900000,73.19,73.19,73.06,73.08
1782019080000,73.08,73.11,72.98,73.08
1782019260000,73.08,73.19,73.05,73.18
1782019440000,73.18,73.2,73.14,73.19
1782019620000,73.19,73.2,73.15,73.17
1782019800000,73.17,73.23,73.13,73.16
1782019980000,73.16,73.18,73.13,73.16
1782020160000,73.16,73.16,73.12,73.14
1782020340000,73.14,73.15,73.08,73.11
1782020520000,73.11,73.17,73.11,73.11
1782020700000,73.11,73.11,73.04,73.09
1782020880000,73.09,73.11,73.07,73.07
1782021060000,73.07,73.07,72.96,72.99
1782021240000,72.99,73.04,72.99,73.02
1782021420000,73.02,73.06,72.98,73.06
1782021600000,73.06,73.17,73.05,73.07
1782021780000,73.07,73.07,73.01,73.02
1782021960000,73.02,73.12,73.02,73.11
1782022140000,73.11,73.11,73.05,73.06
1782022320000,73.06,73.07,73.02,73.03
1782022500000,73.03,73.19,73.02,73.15
1782022680000,73.15,73.19,73.1,73.18
1782022860000,73.18,73.22,73.16,73.19
1782023040000,73.19,73.2,73.13,73.14
1782023220000,73.14,73.26,73.13,73.19
1782023400000,73.19,73.2,73.09,73.18
1782023580000,73.18,73.26,73.16,73.25
1782023760000,73.25,73.3,73.22,73.29
1782023940000,73.29,73.32,73.27,73.31
1782024120000,73.31,73.33,73.26,73.27
1782024300000,73.27,73.3,73.19,73.2
1782024480000,73.2,73.24,73.16,73.19
1782024660000,73.19,73.21,73.17,73.2
1782024840000,73.2,73.24,73.21,73.23
1782025020000,73.23,73.27,73.19,73.21
1782025200000,73.21,73.24,73.17,73.18
1782025380000,73.18,73.2,73.17,73.2
1782025560000,73.2,73.32,73.19,73.29
1782025740000,73.29,73.33,73.27,73.31
1782025920000,73.31,73.32,73.26,73.31
1782026100000,73.31,73.41,73.31,73.4
1782026280000,73.4,73.41,73.29,73.29
1782026460000,73.29,73.32,73.26,73.29
1782026640000,73.29,73.29,73.21,73.21
1782026820000,73.21,73.27,73.18,73.25
1782027000000,73.25,73.37,73.22,73.37
1782027180000,73.37,73.41,73.29,73.35
1782027360000,73.35,73.35,73.19,73.19
1782027540000,73.19,73.35,73.18,73.31
1782027720000,73.31,73.33,73.28,73.33
1782027900000,73.33,73.36,73.28,73.31
1782028080000,73.31,73.31,73.21,73.22
1782028260000,73.22,73.23,73.17,73.17
1782028440000,73.17,73.18,73.09,73.13
1782028620000,73.13,73.18,73.12,73.18
1782028800000,73.18,73.22,73.15,73.16
1782028980000,73.16,73.22,73.14,73.17
1782029160000,73.17,73.18,73.11,73.14
1782029340000,73.14,73.14,73.04,73.14
1782029520000,73.14,73.17,73.09,73.11
1782029700000,73.11,73.11,73.04,73.06
1782029880000,73.06,73.08,72.94,72.96
1782030060000,72.96,73.02,72.96,72.97
1782030240000,72.97,73.05,72.93,73.01
1782030420000,73.01,73.03,72.98,72.99
1782030600000,72.99,73.01,72.96,72.96
1782030780000,72.96,72.96,72.71,72.72
1782030960000,72.72,72.89,72.71,72.88
1782031140000,72.88,72.94,72.84,72.93
1782031320000,72.93,73.03,72.92,72.98
1782031500000,72.98,72.98,72.86,72.95
1782031680000,72.95,73.0,72.87,73.0
1782031860000,73.0,73.07,72.98,73.06
1782032040000,73.06,73.07,73.01,73.07
1782032220000,73.07,73.13,73.04,73.13
1782032400000,73.13,73.14,73.05,73.12
1782032580000,73.12,73.23,73.08,73.17
1782032760000,73.17,73.17,73.11,73.13
1782032940000,73.13,73.13,73.09,73.12
1782033120000,73.12,73.19,73.13,73.19
1782033300000,73.19,73.38,73.18,73.33
1782033480000,73.33,73.36,73.25,73.36
1782033660000,73.36,73.51,73.36,73.38
1782033840000,73.38,73.63,73.37,73.6
1782034020000,73.6,73.67,73.52,73.55
1782034200000,73.55,73.71,73.55,73.67
1782034380000,73.67,73.88,73.64,73.88
1782034560000,73.88,73.99,73.77,73.78
1782034740000,73.78,73.9,73.77,73.79
1782034920000,73.79,73.8,73.74,73.76
1782035100000,73.76,73.85,73.71,73.85
1782035280000,73.85,74.05,73.84,73.97
1782035460000,73.97,73.99,73.9,73.92
1782035640000,73.92,74.08,73.86,74.05
1782035820000,74.05,74.06,74.0,74.01
1782036000000,74.01,74.02,73.89,73.91
1782036180000,73.91,73.92,73.86,73.89
1782036360000,73.89,74.0,73.87,74.0
1782036540000,74.0,74.11,73.99,74.04
1782036720000,74.04,74.05,73.99,74.0
1782036900000,74.0,74.01,73.94,74.01
1782037080000,74.01,74.14,74.0,74.11
1782037260000,74.11,74.17,74.05,74.16
1782037440000,74.16,74.38,74.13,74.13
1782037620000,74.13,74.23,74.13,74.13
1782037800000,74.13,74.15,74.05,74.05
1782037980000,74.05,74.14,74.06,74.12
1782038160000,74.12,74.23,74.12,74.22
1782038340000,74.22,74.24,74.11,74.12
1782038520000,74.12,74.14,73.99,74.02
1782038700000,74.02,74.13,74.01,74.11
1782038880000,74.11,74.14,74.06,74.07
1782039060000,74.07,74.09,73.92,73.99
1782039240000,73.99,74.04,73.92,74.03
1782039420000,74.03,74.05,73.84,73.87
1782039600000,73.87,73.97,73.8,73.96
1782039780000,73.96,73.99,73.69,73.69
1782039960000,73.69,73.82,73.71,73.79
1782040140000,73.79,73.91,73.78,73.91
1782040320000,73.91,73.91,73.85,73.88
1782040500000,73.88,73.89,73.48,73.51
1782040680000,73.51,73.53,73.31,73.51
1782040860000,73.51,73.59,73.47,73.57
1782041040000,73.57,73.57,73.44,73.49
1782041220000,73.49,73.56,73.47,73.53
1782041400000,73.53,73.55,73.24,73.29
1782041580000,73.29,73.36,73.26,73.32
1782041760000,73.32,73.4,73.3,73.34
1782041940000,73.34,73.35,73.29,73.3
1782042120000,73.3,73.4,73.25,73.4
1782042300000,73.4,73.47,73.34,73.42
1782042480000,73.42,73.47,73.26,73.28
1782042660000,73.28,73.33,73.23,73.28
1782042840000,73.28,73.33,73.26,73.33
1782043020000,73.33,73.33,73.06,73.16
1782043200000,73.16,73.19,73.08,73.09
1782043380000,73.09,73.18,73.07,73.18
1782043560000,73.18,73.21,73.16,73.19
1782043740000,73.19,73.25,73.16,73.17
1782043920000,73.17,73.18,73.04,73.09
1782044100000,73.09,73.09,72.96,73.05
1782044280000,73.05,73.05,72.88,72.89
1782044460000,72.89,73.01,72.87,72.89
1782044640000,72.89,73.14,72.88,73.14
1782044820000,73.14,73.14,73.02,73.02
1782045000000,73.02,73.15,73.0,73.15
1782045180000,73.15,73.15,72.97,72.99
1782045360000,72.99,73.12,72.97,73.12
1782045540000,73.12,73.18,73.09,73.18
1782045720000,73.18,73.22,73.14,73.2
1782045900000,73.2,73.23,73.16,73.17
1782046080000,73.17,73.21,73.16,73.21
1782046260000,73.21,73.49,73.17,73.45
1782046440000,73.45,73.51,73.39,73.5
1782046620000,73.5,73.64,73.49,73.59
1782046800000,73.59,73.62,73.53,73.55
1782046980000,73.55,73.75,73.51,73.73
1782047160000,73.73,73.78,73.62,73.69
1782047340000,73.69,73.77,73.68,73.68
1782047520000,73.68,73.75,73.67,73.73
1782047700000,73.73,73.9,73.68,73.86
1782047880000,73.86,73.89,73.74,73.75
1782048060000,73.75,73.78,73.68,73.72
1782048240000,73.72,73.72,73.66,73.69
1782048420000,73.69,73.75,73.67,73.72
1782048600000,73.72,73.76,73.57,73.61
1782048780000,73.61,73.6,73.45,73.46
1782048960000,73.46,73.5,73.44,73.44
1782049140000,73.44,73.51,73.42,73.51
1782049320000,73.51,73.54,73.45,73.46
1782049500000,73.46,73.6,73.45,73.6
1782049680000,73.6,73.63,73.54,73.63
1782049860000,73.63,73.68,73.62,73.65
1782050040000,73.65,73.81,73.62,73.81
1782050220000,73.81,73.89,73.72,73.88
1782050400000,73.88,73.94,73.86,73.94
1782050580000,73.94,73.94,73.8,73.88
1782050760000,73.88,73.91,73.8,73.8
1782050940000,73.8,73.89,73.77,73.85
1782051120000,73.85,73.84,73.74,73.75
1782051300000,73.75,73.74,73.61,73.69
1782051480000,73.69,73.71,73.62,73.69
1782051660000,73.69,73.85,73.67,73.85
1782051840000,73.85,73.93,73.84,73.86
1782052020000,73.86,73.88,73.76,73.78
1782052200000,73.78,73.84,73.73,73.82
1782052380000,73.82,73.84,73.74,73.82
1782052560000,73.82,73.93,73.81,73.92
1782052740000,73.92,74.07,73.91,74.05
1782052920000,74.05,74.11,73.96,73.97
1782053100000,73.97,73.97,73.76,73.81
1782053280000,73.81,73.9,73.8,73.87
1782053460000,73.87,73.94,73.87,73.89
1782053640000,73.89,74.02,73.89,73.99
1782053820000,73.99,74.08,73.93,74.07
1782054000000,74.07,74.2,73.96,74.14
1782054180000,74.14,74.18,74.1,74.11
1782054360000,74.11,74.24,73.98,73.98
1782054540000,73.98,74.08,73.97,73.98
1782054720000,73.98,73.99,73.94,73.95
1782054900000,73.95,73.99,73.94,73.98
1782055080000,73.98,74.04,73.94,73.99
1782055260000,73.99,74.02,73.96,73.98
1782055440000,73.98,74.05,73.87,74.03
1782055620000,74.03,74.16,74.01,74.12
1782055800000,74.12,74.18,74.06,74.07
1782055980000,74.07,74.1,74.01,74.02
1782056160000,74.02,74.15,74.02,74.14
1782056340000,74.14,74.18,74.09,74.1
1782056520000,74.1,74.26,74.1,74.17
1782056700000,74.17,74.17,74.05,74.06
1782056880000,74.06,74.08,73.99,74.03
1782057060000,74.03,74.06,74.0,74.04
1782057240000,74.04,74.04,73.97,74.04
1782057420000,74.04,74.14,74.02,74.11
1782057600000,74.11,74.11,73.95,74.04
1782057780000,74.04,74.05,73.91,73.92
1782057960000,73.92,73.97,73.89,73.95
1782058140000,73.95,73.98,73.89,73.98
1782058320000,73.98,73.98,73.8,73.84
1782058500000,73.84,73.93,73.81,73.89
1782058680000,73.89,73.9,73.82,73.9
1782058860000,73.9,74.02,73.89,73.98
1782059040000,73.98,74.04,73.96,74.02
1782059220000,74.02,74.03,73.95,73.98
1782059400000,73.98,74.02,73.95,73.96
1782059580000,73.96,73.97,73.75,73.86
1782059760000,73.86,73.94,73.74,73.81
1782059940000,73.81,73.91,73.8,73.91
1782060120000,73.91,74.02,73.91,74.01
1782060300000,74.01,74.18,74.0,74.14
1782060480000,74.14,74.32,74.14,74.27
1782060660000,74.27,74.63,74.27,74.53
1782060840000,74.53,74.56,74.38,74.39
1782061020000,74.39,74.4,74.26,74.29
1782061200000,74.29,74.33,74.14,74.3
1782061380000,74.3,74.45,74.28,74.44
1782061560000,74.44,74.51,74.38,74.39
1782061740000,74.39,74.49,74.34,74.48
1782061920000,74.48,74.5,74.45,74.48
1782062100000,74.48,74.56,74.3,74.3
1782062280000,74.3,74.39,74.22,74.37
1782062460000,74.37,74.5,74.33,74.49
1782062640000,74.49,74.54,74.44,74.53
1782062820000,74.53,74.61,74.41,74.45
1782063000000,74.45,74.47,74.35,74.38
1782063180000,74.38,74.41,74.31,74.34
1782063360000,74.34,74.34,74.07,74.11
1782063540000,74.11,74.14,74.01,74.07
1782063720000,74.07,74.19,74.08,74.15
1782063900000,74.15,74.33,74.15,74.33
1782064080000,74.33,74.39,74.29,74.3
1782064260000,74.3,74.41,74.27,74.33
1782064440000,74.33,74.37,74.31,74.35
1782064620000,74.35,74.35,74.2,74.21
1782064800000,74.21,74.22,73.87,73.92
1782064980000,73.92,73.94,73.84,73.87
1782065160000,73.87,74.05,73.82,74.02
1782065340000,74.02,74.05,73.88,73.92
1782065520000,73.92,73.95,73.87,73.92
1782065700000,73.92,74.04,73.91,74.02
1782065880000,74.02,74.02,73.95,74.0
1782066060000,74.0,74.03,73.97,74.0
1782066240000,74.0,74.09,73.98,74.09
1782066420000,74.09,74.13,74.07,74.1
1782066600000,74.1,74.42,74.0,74.32
1782066780000,74.32,74.35,74.23,74.32
1782066960000,74.32,74.32,74.18,74.28
1782067140000,74.28,74.35,74.26,74.28
1782067320000,74.28,74.3,74.22,74.27
1782067500000,74.27,74.3,74.16,74.25
1782067680000,74.25,74.32,74.15,74.19
1782067860000,74.19,74.19,74.08,74.09
1782068040000,74.09,74.18,74.09,74.13
1782068220000,74.13,74.18,74.09,74.18
1782068400000,74.18,74.35,74.14,74.26
1782068580000,74.26,74.27,74.08,74.15
1782068760000,74.15,74.18,74.13,74.18
1782068940000,74.18,74.27,74.16,74.27
1782069120000,74.27,74.44,74.24,74.37
1782069300000,74.37,74.38,74.25,74.27
1782069480000,74.27,74.31,74.24,74.25
1782069660000,74.25,74.3,74.22,74.25
1782069840000,74.25,74.3,74.22,74.3
1782070020000,74.3,74.31,74.2,74.23
1782070200000,74.23,74.31,74.21,74.28
1782070380000,74.28,74.32,74.2,74.23
1782070560000,74.23,74.26,74.21,74.22
1782070740000,74.22,74.34,74.18,74.31
1782070920000,74.31,74.36,74.3,74.33
1782071100000,74.33,74.4,74.3,74.31
1782071280000,74.31,74.44,74.3,74.41
1782071460000,74.41,74.42,74.32,74.38
1782071640000,74.38,74.42,74.37,74.4
1782071820000,74.4,74.43,74.37,74.38
1782072000000,74.38,74.44,74.34,74.34
1782072180000,74.34,74.5,74.29,74.5
1782072360000,74.5,74.53,74.38,74.38
1782072540000,74.38,74.39,74.26,74.27
1782072720000,74.27,74.27,74.15,74.21
1782072900000,74.21,74.24,74.16,74.18
1782073080000,74.18,74.17,73.94,74.01
1782073260000,74.01,74.05,73.99,74.05
1782073440000,74.05,74.08,74.0,74.02
1782073620000,74.02,74.08,74.01,74.08
1782073800000,74.08,74.11,74.03,74.06
1782073980000,74.06,74.05,73.91,73.99
1782074160000,73.99,74.0,73.95,73.97
1782074340000,73.97,73.96,73.84,73.88
1782074520000,73.88,73.89,73.82,73.83
1782074700000,73.83,73.84,73.55,73.57
1782074880000,73.57,73.6,73.34,73.39
1782075060000,73.39,73.51,73.34,73.43
1782075240000,73.43,73.54,73.42,73.43
1782075420000,73.43,73.45,73.33,73.39
1782075600000,73.39,73.43,73.31,73.31
1782075780000,73.31,73.41,73.26,73.27
1782075960000,73.27,73.29,73.11,73.13
1782076140000,73.13,73.16,72.39,72.54
1782076320000,72.54,72.7,72.52,72.7
1782076500000,72.7,72.74,72.56,72.57
1782076680000,72.57,72.78,72.42,72.78
1782076860000,72.78,73.06,72.74,73.01
1782077040000,73.01,73.0,72.83,72.86
1782077220000,72.86,72.88,72.73,72.73
1782077400000,72.73,72.96,72.72,72.95
1782077580000,72.95,72.95,72.83,72.85
1782077760000,72.85,73.01,72.77,73.01
1782077940000,73.01,73.31,72.99,73.25
1782078120000,73.25,73.26,73.18,73.22
1782078300000,73.22,73.22,73.16,73.19
1782078480000,73.19,73.34,73.19,73.24
1782078660000,73.24,73.29,73.21,73.29
1782078840000,73.29,73.29,73.08,73.11
1782079020000,73.11,73.13,72.99,73.11
1782079200000,73.11,73.11,72.88,73.09
1782079380000,73.09,73.2,73.0,73.13
1782079560000,73.13,73.14,73.01,73.05
1782079740000,73.05,73.06,72.86,72.97
1782079920000,72.97,73.01,72.87,73.0
1782080100000,73.0,73.17,72.98,73.17
1782080280000,73.17,73.23,73.0,73.04
1782080460000,73.04,73.16,73.05,73.11
1782080640000,73.11,73.11,72.99,73.05
1782080820000,73.05,73.05,72.92,72.96
1782081000000,72.96,72.96,72.58,72.86
1782081180000,72.86,72.85,72.64,72.74
1782081360000,72.74,72.79,72.68,72.71
1782081540000,72.71,72.86,72.67,72.84
1782081720000,72.84,72.94,72.84,72.87
1782081900000,72.87,72.96,72.83,72.93
1782082080000,72.93,72.97,72.89,72.97
1782082260000,72.97,73.14,72.94,73.07
1782082440000,73.07,73.22,73.05,73.09
1782082620000,73.09,73.09,73.0,73.01
1782082800000,73.01,73.01,72.68,72.82
1782082980000,72.82,72.9,72.74,72.88
1782083160000,72.88,72.92,72.8,72.92
1782083340000,72.92,72.97,72.79,72.88
1782083520000,72.88,72.94,72.76,72.76
1782083700000,72.76,72.86,72.7,72.86
1782083880000,72.86,72.97,72.78,72.97
1782084060000,72.97,73.03,72.9,73.03
1782084240000,73.03,73.06,72.94,72.95
1782084420000,72.95,72.98,72.84,72.85
1782084600000,72.85,72.94,72.62,72.66
1782084780000,72.66,72.69,72.39,72.47
1782084960000,72.47,72.51,72.26,72.46
1782085140000,72.46,72.56,72.4,72.52
1782085320000,72.52,72.56,72.41,72.49
1782085500000,72.49,72.56,72.44,72.56
1782085680000,72.56,72.6,72.46,72.57
1782085860000,72.57,72.58,72.43,72.51
1782086040000,72.51,72.54,72.36,72.49
1782086220000,72.49,72.49,72.38,72.41
1782086400000,72.41,72.63,72.41,72.52
1782086580000,72.52,72.7,72.48,72.68
1782086760000,72.68,72.81,72.66,72.75
1782086940000,72.75,72.86,72.6,72.6
1782087120000,72.6,72.71,72.56,72.68
1782087300000,72.68,72.83,72.64,72.79
1782087480000,72.79,73.1,72.76,72.93
1782087660000,72.93,72.94,72.68,72.79
1782087840000,72.79,73.0,72.78,72.99
1782088020000,72.99,72.99,72.83,72.95
1782088200000,72.95,73.07,72.9,73.01
1782088380000,73.01,73.04,72.91,73.0
1782088560000,73.0,73.55,73.01,73.29
1782088740000,73.29,73.45,73.29,73.36
1782088920000,73.36,73.35,73.22,73.24
1782089100000,73.24,73.37,73.21,73.25
1782089280000,73.25,73.29,73.03,73.06
1782089460000,73.06,73.17,72.98,73.14
1782089640000,73.14,73.28,73.09,73.28
1782089820000,73.28,73.44,73.28,73.32
1782090000000,73.32,73.51,73.34,73.51
1782090180000,73.51,73.64,73.34,73.38
1782090360000,73.38,73.54,73.35,73.41
1782090540000,73.41,73.41,73.28,73.38
1782090720000,73.38,73.38,73.22,73.28
1782090900000,73.28,73.6,73.28,73.59
1782091080000,73.59,73.81,73.59,73.69
1782091260000,73.69,74.26,73.66,74.25
1782091440000,74.25,74.9,74.01,74.85
1782091620000,74.85,74.96,74.47,74.58
1782091800000,74.58,74.74,74.34,74.36
1782091980000,74.36,74.39,74.06,74.21
1782092160000,74.21,74.23,74.1,74.21
1782092340000,74.21,74.49,74.21,74.44
1782092520000,74.44,74.45,74.22,74.36
1782092700000,74.36,74.44,74.26,74.29
1782092880000,74.29,74.47,74.29,74.35
1782093060000,74.35,74.47,74.31,74.42
1782093240000,74.42,74.49,74.37,74.37
1782093420000,74.37,74.45,74.32,74.33
1782093600000,74.33,74.41,74.04,74.11
1782093780000,74.11,74.22,74.1,74.18
1782093960000,74.18,74.18,74.05,74.1
1782094140000,74.1,74.12,73.97,74.05
1782094320000,74.05,74.11,73.97,74.03
1782094500000,74.03,74.21,73.95,74.2
1782094680000,74.2,74.3,74.13,74.17
1782094860000,74.17,74.16,74.04,74.13
1782095040000,74.13,74.22,74.08,74.12
1782095220000,74.12,74.23,74.07,74.19
1782095400000,74.19,74.21,74.08,74.12
1782095580000,74.12,74.18,74.04,74.05
1782095760000,74.05,74.15,74.02,74.11
1782095940000,74.11,74.24,74.11,74.15
1782096120000,74.15,74.18,74.01,74.04
1782096300000,74.04,74.06,73.83,73.84
1782096480000,73.84,73.89,73.74,73.76
1782096660000,73.76,73.83,73.72,73.78
1782096840000,73.78,73.86,73.77,73.82
1782097020000,73.82,73.83,73.76,73.78
1782097200000,73.78,73.78,73.24,73.56
1782097380000,73.56,73.69,73.51,73.61
1782097560000,73.61,73.61,73.35,73.45
1782097740000,73.45,73.54,73.44,73.49
1782097920000,73.49,73.68,73.51,73.52
1782098100000,73.52,73.78,73.52,73.7
1782098280000,73.7,73.89,73.65,73.85
1782098460000,73.85,73.88,73.77,73.87
1782098640000,73.87,73.99,73.84,73.84
1782098820000,73.84,73.88,73.72,73.77
1782099000000,73.77,74.03,73.76,73.94
1782099180000,73.94,73.93,73.84,73.89
1782099360000,73.89,73.89,73.75,73.84
1782099540000,73.84,73.91,73.81,73.88
1782099720000,73.88,73.87,73.65,73.67
1782099900000,73.67,73.7,73.51,73.6
1782100080000,73.6,73.72,73.55,73.57
1782100260000,73.57,73.61,73.53,73.59
1782100440000,73.59,73.6,73.33,73.35
1782100620000,73.35,73.49,73.35,73.48
1782100800000,73.48,73.51,73.3,73.42
1782100980000,73.42,73.51,73.35,73.47
1782101160000,73.47,73.55,73.4,73.49
1782101340000,73.49,73.59,73.49,73.55
1782101520000,73.55,73.64,73.5,73.54
1782101700000,73.54,73.65,73.51,73.59
1782101880000,73.59,73.64,73.51,73.62
1782102060000,73.62,73.66,73.56,73.59
1782102240000,73.59,73.66,73.52,73.53
1782102420000,73.53,73.62,73.48,73.61
1782102600000,73.61,73.66,73.51,73.55
1782102780000,73.55,73.6,73.49,73.56
1782102960000,73.56,73.6,73.47,73.54
1782103140000,73.54,73.55,73.42,73.43
1782103320000,73.43,73.56,73.41,73.42
1782103500000,73.42,73.73,73.41,73.73
1782103680000,73.73,73.79,73.67,73.79
1782103860000,73.79,73.81,73.7,73.74
1782104040000,73.74,73.85,73.75,73.81
1782104220000,73.81,73.87,73.79,73.82
1782104400000,73.82,73.89,73.77,73.78
1782104580000,73.78,73.86,73.74,73.86
1782104760000,73.86,74.06,73.79,74.02
1782104940000,74.02,74.09,73.98,74.03
1782105120000,74.03,74.09,73.99,74.08
1782105300000,74.08,74.09,73.96,74.0
1782105480000,74.0,74.1,74.0,74.02
1782105660000,74.02,74.08,74.0,74.02
1782105840000,74.02,74.09,73.99,74.02
1782106020000,74.02,74.07,73.98,73.99
1782106200000,73.99,74.02,73.91,73.99
1782106380000,73.99,74.09,73.94,73.99
1782106560000,73.99,74.04,73.96,73.96
1782106740000,73.96,74.07,73.93,74.03
1782106920000,74.03,74.03,73.96,73.98
1782107100000,73.98,73.99,73.85,73.91
1782107280000,73.91,73.96,73.85,73.88
1782107460000,73.88,73.89,73.82,73.84
1782107640000,73.84,73.88,73.83,73.88
1782107820000,73.88,73.91,73.84,73.91
1782108000000,73.91,73.95,73.84,73.89
1782108180000,73.89,73.92,73.81,73.87
1782108360000,73.87,73.95,73.78,73.95
1782108540000,73.95,74.16,73.93,74.04
1782108720000,74.04,74.04,73.96,73.96
1782108900000,73.96,74.06,73.93,73.98
1782109080000,73.98,73.98,73.89,73.9
1782109260000,73.9,73.9,73.77,73.78
1782109440000,73.78,73.96,73.78,73.82
1782109620000,73.82,73.85,73.81,73.83
1782109800000,73.83,73.82,73.57,73.68
1782109980000,73.68,73.69,73.58,73.6
1782110160000,73.6,73.74,73.58,73.72
1782110340000,73.72,73.75,73.68,73.73
1782110520000,73.73,73.74,73.64,73.64
1782110700000,73.64,73.73,73.62,73.69
1782110880000,73.69,73.7,73.59,73.61
1782111060000,73.61,73.62,73.51,73.6
1782111240000,73.6,73.69,73.6,73.68
1782111420000,73.68,73.74,73.67,73.67
1782111600000,73.67,73.72,73.63,73.71
1782111780000,73.71,73.99,73.72,73.97
1782111960000,73.97,74.04,73.85,73.98
1782112140000,73.98,74.13,73.95,74.09
1782112320000,74.09,74.27,74.07,74.16
1782112500000,74.16,74.27,74.11,74.18
1782112680000,74.18,74.21,74.11,74.19
1782112860000,74.19,74.28,74.18,74.24
1782113040000,74.24,74.34,74.21,74.34
1782113220000,74.34,74.36,74.25,74.28
1782113400000,74.28,74.44,74.21,74.32
1782113580000,74.32,74.32,74.22,74.22
1782113760000,74.22,74.31,74.21,74.27
1782113940000,74.27,74.32,74.23,74.25
1782114120000,74.25,74.24,74.13,74.14
1782114300000,74.14,74.16,74.11,74.14
1782114480000,74.14,74.2,74.13,74.16
1782114660000,74.16,74.2,74.01,74.01
1782114840000,74.01,74.1,73.99,74.08
1782115020000,74.08,74.09,74.02,74.06
1782115200000,74.06,74.12,74.01,74.04
1782115380000,74.04,74.12,73.98,74.05
1782115560000,74.05,74.12,74.01,74.09
1782115740000,74.09,74.27,74.1,74.11
1782115920000,74.11,74.29,74.11,74.29
1782116100000,74.29,74.29,74.14,74.15
1782116280000,74.15,74.16,74.0,74.14
1782116460000,74.14,74.22,74.11,74.12
1782116640000,74.12,74.17,74.08,74.09
1782116820000,74.09,74.11,73.95,73.96
1782117000000,73.96,73.99,73.89,73.98
1782117180000,73.98,73.99,73.87,73.88
1782117360000,73.88,73.89,73.72,73.72
1782117540000,73.72,73.85,73.67,73.83
1782117720000,73.83,73.99,73.82,73.99
1782117900000,73.99,74.07,73.82,73.83
1782118080000,73.83,73.94,73.77,73.93
1782118260000,73.93,73.94,73.86,73.9
1782118440000,73.9,73.92,73.84,73.88
1782118620000,73.88,73.88,73.83,73.86
1782118800000,73.86,73.88,73.78,73.83
1782118980000,73.83,73.99,73.83,73.95
1782119160000,73.95,73.98,73.81,73.89
1782119340000,73.89,73.91,73.83,73.89
1782119520000,73.89,73.94,73.86,73.87
1782119700000,73.87,73.91,73.82,73.87
1782119880000,73.87,73.89,73.77,73.79
1782120060000,73.79,73.81,73.72,73.73
1782120240000,73.73,73.77,73.64,73.67
1782120420000,73.67,73.7,73.62,73.66
1782120600000,73.66,73.68,73.59,73.68
1782120780000,73.68,73.79,73.64,73.65
1782120960000,73.65,73.67,73.58,73.6
1782121140000,73.6,73.66,73.53,73.59
1782121320000,73.59,73.73,73.6,73.73
1782121500000,73.73,73.75,73.67,73.73
1782121680000,73.73,73.78,73.68,73.69
1782121860000,73.69,73.76,73.66,73.75
1782122040000,73.75,73.84,73.75,73.77
1782122220000,73.77,73.77,73.73,73.76
1782122400000,73.76,73.82,73.68,73.8
1782122580000,73.8,73.84,73.72,73.78
1782122760000,73.78,73.99,73.77,73.96
1782122940000,73.96,73.97,73.87,73.89
1782123120000,73.89,73.89,73.84,73.84
1782123300000,73.84,73.91,73.82,73.89
1782123480000,73.89,73.88,73.72,73.73
1782123660000,73.73,73.72,73.65,73.72
1782123840000,73.72,73.77,73.66,73.66
1782124020000,73.66,73.66,73.61,73.63
1782124200000,73.63,73.73,73.57,73.67
1782124380000,73.67,73.72,73.62,73.72
1782124560000,73.72,73.72,73.64,73.64
1782124740000,73.64,73.65,73.58,73.61
1782124920000,73.61,73.65,73.55,73.6
1782125100000,73.6,73.78,73.59,73.76
1782125280000,73.76,73.82,73.76,73.81
1782125460000,73.81,73.84,73.79,73.84
1782125640000,73.84,73.85,73.79,73.79
1782125820000,73.79,73.79,73.72,73.73
1782126000000,73.73,73.78,73.61,73.67
1782126180000,73.67,74.03,73.67,74.02
1782126360000,74.02,74.18,73.96,73.98
1782126540000,73.98,74.09,73.88,73.89
1782126720000,73.89,74.05,73.89,73.94
1782126900000,73.94,73.99,73.87,73.94
1782127080000,73.94,73.98,73.82,73.84
1782127260000,73.84,73.86,73.76,73.8
1782127440000,73.8,74.04,73.74,74.04
1782127620000,74.04,74.04,73.86,73.86
1782127800000,73.86,74.11,73.87,74.11
1782127980000,74.11,74.29,74.11,74.24
1782128160000,74.24,74.41,74.24,74.26
1782128340000,74.26,74.27,74.09,74.18
1782128520000,74.18,74.22,74.13,74.18
1782128700000,74.18,74.25,74.11,74.16
1782128880000,74.16,74.39,74.14,74.19
1782129060000,74.19,74.22,74.12,74.18
1782129240000,74.18,74.23,74.13,74.13
1782129420000,74.13,74.23,74.13,74.16
1782129600000,74.16,74.29,74.0,74.08
1782129780000,74.08,74.17,74.05,74.17
1782129960000,74.17,74.18,74.02,74.04
1782130140000,74.04,74.09,74.01,74.09
1782130320000,74.09,74.17,74.1,74.11
1782130500000,74.11,74.15,74.02,74.02
1782130680000,74.02,74.06,74.0,74.01
1782130860000,74.01,74.16,74.01,74.14
1782131040000,74.14,74.39,74.12,74.29
1782131220000,74.29,74.34,74.25,74.34
1782131400000,74.34,74.36,74.13,74.24
1782131580000,74.24,74.34,74.21,74.34
1782131760000,74.34,74.51,74.31,74.48
1782131940000,74.48,74.54,74.43,74.44
1782132120000,74.44,74.48,74.34,74.39
1782132300000,74.39,74.42,74.24,74.38
1782132480000,74.38,74.51,74.35,74.38
1782132660000,74.38,74.41,74.3,74.3
1782132840000,74.3,74.43,74.22,74.41
1782133020000,74.41,74.45,74.34,74.38
1782133200000,74.38,74.42,74.29,74.32
1782133380000,74.32,74.45,74.32,74.39
1782133560000,74.39,74.41,74.23,74.24
1782133740000,74.24,74.5,74.24,74.45
1782133920000,74.45,74.51,74.39,74.39
1782134100000,74.39,74.45,74.35,74.43
1782134280000,74.43,74.47,74.31,74.31
1782134460000,74.31,74.45,74.3,74.44
1782134640000,74.44,74.51,74.36,74.41
1782134820000,74.41,74.41,74.2,74.29
1782135000000,74.29,74.81,74.22,74.53
1782135180000,74.53,74.67,74.24,74.63
1782135360000,74.63,74.84,74.59,74.71
1782135540000,74.71,74.79,74.51,74.53
1782135720000,74.53,74.72,74.43,74.67
1782135900000,74.67,74.81,74.62,74.75
1782136080000,74.75,74.9,74.68,74.9
1782136260000,74.9,74.91,74.78,74.87
1782136440000,74.87,74.92,74.8,74.91
1782136620000,74.91,74.95,74.84,74.95
1782136800000,74.95,74.97,74.66,74.67
1782136980000,74.67,74.72,74.54,74.6
1782137160000,74.6,74.6,74.36,74.41
1782137340000,74.41,74.49,74.29,74.35
1782137520000,74.35,74.37,74.21,74.29
1782137700000,74.29,74.32,73.96,73.98
1782137880000,73.98,74.17,73.96,74.11
1782138060000,74.11,74.22,74.04,74.07
1782138240000,74.07,74.06,73.89,74.02
1782138420000,74.02,74.03,73.68,73.71
1782138600000,73.71,73.73,73.45,73.51
1782138780000,73.51,73.76,73.48,73.73
1782138960000,73.73,73.77,73.3,73.37
1782139140000,73.37,73.55,73.37,73.5
1782139320000,73.5,73.62,73.37,73.38
1782139500000,73.38,73.55,73.35,73.39
1782139680000,73.39,73.63,73.32,73.53
1782139860000,73.53,73.63,73.47,73.55
1782140040000,73.55,73.56,73.14,73.27
1782140220000,73.27,73.46,73.27,73.38
1782140400000,73.38,73.59,73.38,73.59
1782140580000,73.59,73.64,73.35,73.43
1782140760000,73.43,73.43,73.19,73.41
1782140940000,73.41,73.46,73.33,73.45
1782141120000,73.45,73.66,73.44,73.58
1782141300000,73.58,73.66,73.43,73.5
1782141480000,73.5,73.58,73.39,73.46
1782141660000,73.46,73.55,73.44,73.55
1782141840000,73.55,73.67,73.51,73.62
1782142020000,73.62,73.69,73.56,73.64
1782142200000,73.64,73.7,73.55,73.57
1782142380000,73.57,73.76,73.52,73.65
1782142560000,73.65,73.71,73.48,73.49
1782142740000,73.49,73.59,73.43,73.51
1782142920000,73.51,73.59,73.46,73.48
1782143100000,73.48,73.51,73.28,73.33
1782143280000,73.33,73.38,72.95,73.02
1782143460000,73.02,73.12,72.94,73.09
1782143640000,73.09,73.14,72.95,72.95
1782143820000,72.95,73.14,72.96,73.09
1782144000000,73.09,73.17,72.91,72.97
1782144180000,72.97,72.99,72.85,72.89
1782144360000,72.89,72.94,72.65,72.73
1782144540000,72.73,72.88,72.67,72.68
1782144720000,72.68,72.76,72.64,72.73
1782144900000,72.73,72.78,72.57,72.76
1782145080000,72.76,72.89,72.75,72.84
1782145260000,72.84,72.9,72.79,72.85
1782145440000,72.85,72.86,72.62,72.63
1782145620000,72.63,72.77,72.63,72.76
1782145800000,72.76,72.76,72.64,72.66
1782145980000,72.66,72.72,72.54,72.58
1782146160000,72.58,72.74,72.58,72.64
1782146340000,72.64,72.72,72.5,72.63
1782146520000,72.63,72.72,72.62,72.68
1782146700000,72.68,72.79,72.59,72.73
1782146880000,72.73,72.81,72.68,72.79
1782147060000,72.79,72.84,72.68,72.84
1782147240000,72.84,72.89,72.8,72.89
1782147420000,72.89,73.01,72.83,72.91
1782147600000,72.91,72.92,72.79,72.88
1782147780000,72.88,72.99,72.87,72.9
1782147960000,72.9,72.91,72.79,72.91
1782148140000,72.91,72.95,72.89,72.91
1782148320000,72.91,72.96,72.89,72.94
1782148500000,72.94,72.99,72.86,72.87
1782148680000,72.87,72.96,72.83,72.92
1782148860000,72.92,72.92,72.76,72.84
1782149040000,72.84,72.89,72.78,72.81
1782149220000,72.81,72.87,72.74,72.74
1782149400000,72.74,72.74,72.59,72.67
1782149580000,72.67,72.77,72.67,72.69
1782149760000,72.69,72.89,72.66,72.85
1782149940000,72.85,72.85,72.77,72.78
1782150120000,72.78,72.9,72.79,72.87
1782150300000,72.87,73.08,72.87,73.05
1782150480000,73.05,73.1,73.01,73.07
1782150660000,73.07,73.25,73.06,73.19
1782150840000,73.19,73.28,73.19,73.27
1782151020000,73.27,73.28,73.22,73.24
1782151200000,73.24,73.38,73.22,73.36
1782151380000,73.36,73.44,73.33,73.39
1782151560000,73.39,73.43,73.3,73.38
1782151740000,73.38,73.41,73.32,73.39
1782151920000,73.39,73.48,73.38,73.45
1782152100000,73.45,73.53,73.41,73.41
1782152280000,73.41,73.43,73.36,73.37
1782152460000,73.37,73.46,73.38,73.46
1782152640000,73.46,73.47,73.35,73.37
1782152820000,73.37,73.37,73.26,73.33
1782153000000,73.33,73.38,73.27,73.29
1782153180000,73.29,73.35,73.23,73.27
1782153360000,73.27,73.38,73.24,73.33
1782153540000,73.33,73.32,73.23,73.26
1782153720000,73.26,73.3,73.23,73.24
1782153900000,73.24,73.27,72.89,72.94
1782154080000,72.94,73.0,72.89,72.93
1782154260000,72.93,72.92,72.66,72.69
1782154440000,72.69,72.75,72.53,72.64
1782154620000,72.64,72.77,72.57,72.59
1782154800000,72.59,72.68,72.5,72.67
1782154980000,72.67,72.69,72.53,72.6
1782155160000,72.6,72.59,72.48,72.53
1782155340000,72.53,72.63,72.49,72.62
1782155520000,72.62,72.66,72.59,72.63
1782155700000,72.63,72.68,72.59,72.67
1782155880000,72.67,72.76,72.64,72.74
1782156060000,72.74,72.75,72.56,72.56
1782156240000,72.56,72.62,72.41,72.47
1782156420000,72.47,72.63,72.47,72.59
1782156600000,72.59,72.7,72.55,72.69
1782156780000,72.69,72.74,72.64,72.69
1782156960000,72.69,72.77,72.68,72.72
1782157140000,72.72,72.75,72.67,72.69
1782157320000,72.69,72.74,72.68,72.69
1782157500000,72.69,72.71,72.52,72.61
1782157680000,72.61,72.72,72.54,72.7
1782157860000,72.7,72.72,72.63,72.71
1782158040000,72.71,72.76,72.65,72.68
1782158220000,72.68,72.72,72.64,72.64
1782158400000,72.64,72.86,72.65,72.83
1782158580000,72.83,72.92,72.79,72.91
1782158760000,72.91,72.91,72.76,72.81
1782158940000,72.81,72.81,72.64,72.69
1782159120000,72.69,72.78,72.69,72.73
1782159300000,72.73,72.76,72.71,72.74
1782159480000,72.74,72.78,72.71,72.72
1782159660000,72.72,72.72,72.58,72.62
1782159840000,72.62,72.61,72.5,72.51
1782160020000,72.51,72.58,72.44,72.58
1782160200000,72.58,72.68,72.58,72.68
1782160380000,72.68,72.72,72.65,72.68
1782160560000,72.68,72.79,72.65,72.77
1782160740000,72.77,72.77,72.74,72.75
1782160920000,72.75,72.78,72.72,72.78
1782161100000,72.78,72.82,72.72,72.75
1782161280000,72.75,72.78,72.71,72.72
1782161460000,72.72,72.74,72.58,72.66
1782161640000,72.66,72.76,72.65,72.76
1782161820000,72.76,72.79,72.71,72.79
1782162000000,72.79,72.84,72.77,72.79
1782162180000,72.79,72.82,72.77,72.8
1782162360000,72.8,72.82,72.76,72.76
1782162540000,72.76,72.78,72.73,72.74
1782162720000,72.74,72.78,72.68,72.77
1782162900000,72.77,72.78,72.69,72.76
1782163080000,72.76,72.76,72.69,72.69
1782163260000,72.69,72.72,72.54,72.58
1782163440000,72.58,72.67,72.56,72.66
1782163620000,72.66,72.66,72.62,72.65
1782163800000,72.65,72.65,72.6,72.61
1782163980000,72.61,72.63,72.59,72.6
1782164160000,72.6,72.63,72.51,72.52
1782164340000,72.52,72.52,72.24,72.37
1782164520000,72.37,72.42,72.31,72.32
1782164700000,72.32,72.55,72.33,72.55
1782164880000,72.55,72.61,72.54,72.6
1782165060000,72.6,72.6,72.54,72.57
1782165240000,72.57,72.66,72.56,72.64
1782165420000,72.64,72.7,72.63,72.7
1782165600000,72.7,72.89,72.68,72.89
1782165780000,72.89,72.92,72.75,72.79
1782165960000,72.79,72.8,72.61,72.68
1782166140000,72.68,72.79,72.69,72.74
1782166320000,72.74,72.76,72.68,72.72
1782166500000,72.72,72.75,72.58,72.59
1782166680000,72.59,72.65,72.43,72.47
1782166860000,72.47,72.58,72.47,72.51
1782167040000,72.51,72.55,72.34,72.35
1782167220000,72.35,72.35,71.35,71.84
1782167400000,71.84,71.93,71.68,71.85
1782167580000,71.85,71.99,71.82,71.91
1782167760000,71.91,71.92,71.56,71.67
1782167940000,71.67,71.79,71.64,71.79
1782168120000,71.79,71.85,71.64,71.69
1782168300000,71.69,71.79,71.65,71.79
1782168480000,71.79,71.89,71.74,71.89
1782168660000,71.89,71.95,71.84,71.93
1782168840000,71.93,72.03,71.91,72.01
1782169020000,72.01,72.1,71.91,72.07
1782169200000,72.07,72.11,71.97,72.09
1782169380000,72.09,72.09,71.92,71.95
1782169560000,71.95,72.07,71.94,72.05
1782169740000,72.05,72.05,71.95,71.99
1782169920000,71.99,72.05,71.97,71.98
1782170100000,71.98,72.0,71.89,71.9
1782170280000,71.9,72.0,71.9,72.0
1782170460000,72.0,72.13,71.98,72.09
1782170640000,72.09,72.09,72.01,72.05
1782170820000,72.05,72.11,72.04,72.06
1782171000000,72.06,72.06,71.94,71.96
1782171180000,71.96,71.99,71.89,71.92
1782171360000,71.92,72.07,71.9,71.97
1782171540000,71.97,72.01,71.95,71.95
1782171720000,71.95,71.98,71.91,71.93
1782171900000,71.93,71.96,71.85,71.88
1782172080000,71.88,71.92,71.78,71.81
1782172260000,71.81,71.94,71.79,71.94
1782172440000,71.94,71.99,71.9,71.95
1782172620000,71.95,71.96,71.9,71.91
1782172800000,71.91,71.98,71.83,71.88
1782172980000,71.88,71.95,71.82,71.92
1782173160000,71.92,71.94,71.84,71.86
1782173340000,71.86,71.89,71.76,71.76
1782173520000,71.76,71.82,71.73,71.81
1782173700000,71.81,71.86,71.68,71.77
1782173880000,71.77,71.77,71.66,71.66
1782174060000,71.66,71.73,71.65,71.68
1782174240000,71.68,71.68,71.51,71.53
1782174420000,71.53,71.56,71.42,71.43
1782174600000,71.43,71.69,71.42,71.69
1782174780000,71.69,71.73,71.57,71.58
1782174960000,71.58,71.59,71.45,71.54
1782175140000,71.54,71.63,71.52,71.62
1782175320000,71.62,71.83,71.59,71.82
1782175500000,71.82,71.82,71.64,71.64
1782175680000,71.64,71.78,71.62,71.74
1782175860000,71.74,71.81,71.71,71.8
1782176040000,71.8,71.87,71.75,71.79
1782176220000,71.79,71.84,71.75,71.84
1782176400000,71.84,72.0,71.81,71.85
1782176580000,71.85,71.92,71.82,71.84
1782176760000,71.84,71.91,71.75,71.86
1782176940000,71.86,71.93,71.84,71.89
1782177120000,71.89,71.9,71.8,71.81
1782177300000,71.81,71.87,71.79,71.86
1782177480000,71.86,71.85,71.79,71.84
1782177660000,71.84,71.98,71.84,71.88
1782177840000,71.88,71.93,71.81,71.81
1782178020000,71.81,71.86,71.8,71.86
1782178200000,71.86,71.96,71.82,71.96
1782178380000,71.96,71.97,71.67,71.69
1782178560000,71.69,71.69,71.55,71.61
1782178740000,71.61,71.73,71.6,71.72
1782178920000,71.72,71.72,71.6,71.64
1782179100000,71.64,71.65,71.43,71.49
1782179280000,71.49,71.49,71.25,71.33
1782179460000,71.33,71.53,71.33,71.53
1782179640000,71.53,71.66,71.52,71.66
1782179820000,71.66,71.74,71.62,71.66
1782180000000,71.66,71.75,71.62,71.68
1782180180000,71.68,71.73,71.63,71.66
1782180360000,71.66,71.75,71.63,71.63
1782180540000,71.63,71.65,71.49,71.6
1782180720000,71.6,71.74,71.57,71.72
1782180900000,71.72,71.87,71.71,71.82
1782181080000,71.82,71.87,71.81,71.87
1782181260000,71.87,71.94,71.84,71.84
1782181440000,71.84,71.94,71.84,71.94
1782181620000,71.94,71.96,71.84,71.85
1782181800000,71.85,71.88,71.81,71.87
1782181980000,71.87,71.96,71.85,71.87
1782182160000,71.87,71.89,71.82,71.85
1782182340000,71.85,71.93,71.84,71.93
1782182520000,71.93,71.96,71.92,71.92
1782182700000,71.92,71.92,71.85,71.87
1782182880000,71.87,71.94,71.84,71.94
1782183060000,71.94,72.01,71.93,71.94
1782183240000,71.94,71.97,71.9,71.96
1782183420000,71.96,72.0,71.93,71.95
1782183600000,71.95,71.96,71.82,71.83
1782183780000,71.83,71.85,71.69,71.75
1782183960000,71.75,71.78,71.7,71.75
1782184140000,71.75,71.75,71.66,71.69
1782184320000,71.69,71.78,71.68,71.75
1782184500000,71.75,71.84,71.73,71.84
1782184680000,71.84,71.89,71.75,71.76
1782184860000,71.76,71.79,71.71,71.72
1782185040000,71.72,71.86,71.73,71.86
1782185220000,71.86,71.92,71.85,71.88
1782185400000,71.88,71.87,71.77,71.83
1782185580000,71.83,71.87,71.77,71.85
1782185760000,71.85,71.86,71.71,71.73
1782185940000,71.73,71.74,71.71,71.73
1782186120000,71.73,71.81,71.72,71.8
1782186300000,71.8,71.9,71.8,71.86
1782186480000,71.86,71.96,71.84,71.94
1782186660000,71.94,71.94,71.88,71.89
1782186840000,71.89,71.94,71.84,71.93
1782187020000,71.93,71.95,71.92,71.94
1782187200000,71.94,71.98,71.91,71.96
1782187380000,71.96,71.97,71.85,71.87
1782187560000,71.87,71.92,71.85,71.89
1782187740000,71.89,71.91,71.83,71.83
1782187920000,71.83,71.88,71.74,71.88
1782188100000,71.88,71.89,71.75,71.78
1782188280000,71.78,71.8,71.66,71.67
1782188460000,71.67,71.78,71.64,71.74
1782188640000,71.74,71.83,71.74,71.81
1782188820000,71.81,71.9,71.8,71.89
1782189000000,71.89,71.93,71.85,71.92
1782189180000,71.92,71.93,71.77,71.84
1782189360000,71.84,71.87,71.77,71.81
1782189540000,71.81,71.82,71.72,71.74
1782189720000,71.74,71.78,71.72,71.75
1782189900000,71.75,71.78,71.69,71.7
1782190080000,71.7,71.7,71.51,71.52
1782190260000,71.52,71.56,71.42,71.45
1782190440000,71.45,71.46,71.32,71.37
1782190620000,71.37,71.53,71.36,71.4
1782190800000,71.4,71.54,71.41,71.43
1782190980000,71.43,71.56,71.43,71.52
1782191160000,71.52,71.54,71.3,71.35
1782191340000,71.35,71.54,71.35,71.51
1782191520000,71.51,71.53,71.4,71.42
1782191700000,71.42,71.49,71.31,71.46
1782191880000,71.46,71.47,71.29,71.36
1782192060000,71.36,71.44,71.23,71.31
1782192240000,71.31,71.31,70.98,71.01
1782192420000,71.01,71.15,70.99,71.15
1782192600000,71.15,71.16,70.99,71.03
1782192780000,71.03,71.07,70.89,70.96
1782192960000,70.96,71.09,70.96,71.03
1782193140000,71.03,71.03,70.93,70.95
1782193320000,70.95,71.15,70.93,71.12
1782193500000,71.12,71.15,70.95,70.98
1782193680000,70.98,71.09,70.96,71.07
1782193860000,71.07,71.07,70.96,70.97
1782194040000,70.97,71.05,70.88,71.04
1782194220000,71.04,71.06,70.93,71.01
1782194400000,71.01,71.04,70.79,70.94
1782194580000,70.94,70.94,70.83,70.89
1782194760000,70.89,70.89,70.53,70.64
1782194940000,70.64,70.88,70.63,70.77
1782195120000,70.77,70.87,70.7,70.75
1782195300000,70.75,70.82,70.44,70.54
1782195480000,70.54,70.54,70.07,70.1
1782195660000,70.1,70.12,69.62,69.76
1782195840000,69.76,69.97,69.68,69.82
1782196020000,69.82,69.95,69.75,69.94
1782196200000,69.94,70.03,69.78,70.03
1782196380000,70.03,70.16,70.02,70.09
1782196560000,70.09,70.2,70.06,70.17
1782196740000,70.17,70.25,70.14,70.18
1782196920000,70.18,70.21,70.07,70.13
1782197100000,70.13,70.35,70.09,70.28
1782197280000,70.28,70.33,70.23,70.31
1782197460000,70.31,70.32,70.27,70.29
1782197640000,70.29,70.35,70.27,70.29
1782197820000,70.29,70.35,70.25,70.29
1782198000000,70.29,70.34,70.24,70.33
1782198180000,70.33,70.37,70.31,70.33
1782198360000,70.33,70.46,70.32,70.45
1782198540000,70.45,70.47,70.4,70.44
1782198720000,70.44,70.51,70.41,70.46
1782198900000,70.46,70.49,70.32,70.43
1782199080000,70.43,70.52,70.33,70.49
1782199260000,70.49,70.52,70.44,70.47
1782199440000,70.47,70.47,70.41,70.41
1782199620000,70.41,70.43,70.39,70.41
1782199800000,70.41,70.42,70.2,70.22
1782199980000,70.22,70.29,70.17,70.18
1782200160000,70.18,70.3,70.14,70.25
1782200340000,70.25,70.3,70.21,70.23
1782200520000,70.23,70.24,70.09,70.11
1782200700000,70.11,70.22,70.11,70.17
1782200880000,70.17,70.22,70.15,70.16
1782201060000,70.16,70.16,70.04,70.05
1782201240000,70.05,70.14,70.03,70.14
1782201420000,70.14,70.14,69.91,69.96
1782201600000,69.96,69.99,69.83,69.88
1782201780000,69.88,69.95,69.81,69.91
1782201960000,69.91,69.98,69.88,69.98
1782202140000,69.98,70.08,69.95,70.02
1782202320000,70.02,70.03,68.91,69.06
1782202500000,69.06,69.08,68.38,68.71
1782202680000,68.71,68.77,68.45,68.72
1782202860000,68.72,68.82,68.43,68.43
1782203040000,68.43,68.59,68.08,68.39
1782203220000,68.39,68.59,68.1,68.32
1782203400000,68.32,68.68,68.3,68.63
1782203580000,68.63,68.73,68.61,68.73
1782203760000,68.73,68.81,68.61,68.67
1782203940000,68.67,68.88,68.66,68.79
1782204120000,68.79,68.83,68.71,68.73
1782204300000,68.73,68.73,68.61,68.62
1782204480000,68.62,68.62,68.51,68.56
1782204660000,68.56,68.71,68.54,68.7
1782204840000,68.7,68.73,68.58,68.69
1782205020000,68.69,68.72,68.56,68.65
1782205200000,68.65,68.88,68.65,68.84
1782205380000,68.84,68.84,68.76,68.82
1782205560000,68.82,68.82,68.63,68.64
1782205740000,68.64,68.79,68.62,68.72
1782205920000,68.72,68.81,68.71,68.79
1782206100000,68.79,68.87,68.79,68.84
1782206280000,68.84,68.89,68.78,68.89
1782206460000,68.89,68.97,68.85,68.9
1782206640000,68.9,68.96,68.82,68.84
1782206820000,68.84,68.94,68.84,68.92
1782207000000,68.92,68.97,68.81,68.88
1782207180000,68.88,68.89,68.84,68.88
1782207360000,68.88,68.91,68.83,68.88
1782207540000,68.88,68.88,68.69,68.74
1782207720000,68.74,68.82,68.69,68.81
1782207900000,68.81,68.82,68.77,68.79
1782208080000,68.79,68.94,68.78,68.94
1782208260000,68.94,68.98,68.92,68.93
1782208440000,68.93,68.99,68.77,68.86
1782208620000,68.86,68.87,68.81,68.87
1782208800000,68.87,69.17,68.86,69.14
1782208980000,69.14,69.15,69.03,69.05
1782209160000,69.05,69.1,68.91,68.96
1782209340000,68.96,68.98,68.91,68.94
1782209520000,68.94,68.95,68.91,68.92
1782209700000,68.92,68.94,68.83,68.91
1782209880000,68.91,68.95,68.87,68.93
1782210060000,68.93,68.97,68.9,68.97
1782210240000,68.97,68.97,68.83,68.88
1782210420000,68.88,68.89,68.84,68.86
1782210600000,68.86,68.91,68.83,68.85
1782210780000,68.85,68.86,68.77,68.79
1782210960000,68.79,68.84,68.77,68.81
1782211140000,68.81,68.83,68.68,68.7
1782211320000,68.7,68.7,68.64,68.66
1782211500000,68.66,68.71,68.61,68.68
1782211680000,68.68,68.72,68.58,68.58
1782211860000,68.58,68.73,68.58,68.69
1782212040000,68.69,68.74,68.68,68.71
1782212220000,68.71,68.78,68.69,68.75
1782212400000,68.75,68.91,68.76,68.89
1782212580000,68.89,68.9,68.79,68.81
1782212760000,68.81,68.94,68.8,68.86
1782212940000,68.86,68.92,68.81,68.89
1782213120000,68.89,68.94,68.88,68.92
1782213300000,68.92,69.03,68.9,68.92
1782213480000,68.92,69.22,68.87,69.18
1782213660000,69.18,69.2,69.09,69.09
1782213840000,69.09,69.14,68.97,69.01
1782214020000,69.01,69.13,68.98,69.11
1782214200000,69.11,69.24,69.09,69.19
1782214380000,69.19,69.26,69.08,69.14
1782214560000,69.14,69.21,69.14,69.19
1782214740000,69.19,69.25,69.16,69.18
1782214920000,69.18,69.19,69.15,69.16
1782215100000,69.16,69.28,69.16,69.17
1782215280000,69.17,69.17,69.04,69.06
1782215460000,69.06,69.13,69.03,69.13
1782215640000,69.13,69.19,69.12,69.18
1782215820000,69.18,69.26,69.15,69.25
1782216000000,69.25,69.33,69.17,69.24
1782216180000,69.24,69.3,69.17,69.19
1782216360000,69.19,69.24,69.15,69.22
1782216540000,69.22,69.23,69.08,69.12
1782216720000,69.12,69.14,69.06,69.14
1782216900000,69.14,69.15,69.04,69.1
1782217080000,69.1,69.19,69.07,69.11
1782217260000,69.11,69.12,69.06,69.08
1782217440000,69.08,69.09,69.0,69.03
1782217620000,69.03,69.14,69.02,69.13
1782217800000,69.13,69.29,69.12,69.15
1782217980000,69.15,69.15,69.01,69.12
1782218160000,69.12,69.17,69.04,69.05
1782218340000,69.05,69.13,69.04,69.1
1782218520000,69.1,69.14,69.04,69.07
1782218700000,69.07,69.08,68.97,69.02
1782218880000,69.02,69.05,68.8,68.95
1782219060000,68.95,68.95,68.83,68.9
1782219240000,68.9,68.93,68.84,68.88
1782219420000,68.88,68.92,68.86,68.92
1782219600000,68.92,68.96,68.84,68.85
1782219780000,68.85,68.9,68.75,68.79
1782219960000,68.79,68.83,68.75,68.79
1782220140000,68.79,68.8,68.72,68.77
1782220320000,68.77,68.93,68.76,68.93
1782220500000,68.93,68.93,68.84,68.84
1782220680000,68.84,68.9,68.82,68.89
1782220860000,68.89,68.89,68.75,68.78
1782221040000,68.78,68.77,68.61,68.74
1782221220000,68.74,68.77,68.67,68.76
1782221400000,68.76,69.32,68.59,69.26
1782221580000,69.26,69.28,69.03,69.17
1782221760000,69.17,69.21,68.94,69.09
1782221940000,69.09,69.12,68.75,68.91
1782222120000,68.91,69.05,68.87,68.96
1782222300000,68.96,69.01,68.77,69.0
1782222480000,69.0,69.2,68.95,69.06
1782222660000,69.06,69.26,69.01,69.13
1782222840000,69.13,69.21,68.97,69.09
1782223020000,69.09,69.22,69.06,69.15
1782223200000,69.15,69.35,69.13,69.23
1782223380000,69.23,69.35,69.03,69.05
1782223560000,69.05,69.25,69.05,69.22
1782223740000,69.22,69.45,69.2,69.21
1782223920000,69.21,69.48,69.21,69.48
1782224100000,69.48,69.56,69.37,69.54
1782224280000,69.54,69.63,69.47,69.54
1782224460000,69.54,69.54,69.26,69.34
1782224640000,69.34,69.33,69.1,69.17
1782224820000,69.17,69.29,69.07,69.26
1782225000000,69.26,69.45,69.09,69.13
1782225180000,69.13,69.3,69.12,69.3
1782225360000,69.3,69.56,69.31,69.35
1782225540000,69.35,69.38,69.19,69.26
1782225720000,69.26,69.35,69.2,69.22
1782225900000,69.22,69.3,69.02,69.06
1782226080000,69.06,69.31,69.06,69.29
1782226260000,69.29,69.36,69.2,69.21
1782226440000,69.21,69.28,69.09,69.15
1782226620000,69.15,69.26,69.04,69.15
1782226800000,69.15,69.15,68.99,69.06
1782226980000,69.06,69.1,69.0,69.0
1782227160000,69.0,69.01,68.78,68.78
1782227340000,68.78,68.82,68.65,68.67
1782227520000,68.67,68.83,68.66,68.81
1782227700000,68.81,68.81,68.65,68.69
1782227880000,68.69,68.79,68.62,68.74
1782228060000,68.74,68.77,68.66,68.68
1782228240000,68.68,68.73,68.48,68.72
1782228420000,68.72,68.74,68.56,68.58
1782228600000,68.58,68.8,68.58,68.78
1782228780000,68.78,68.98,68.78,68.89
1782228960000,68.89,68.93,68.71,68.75
1782229140000,68.75,68.85,68.6,68.63
1782229320000,68.63,68.7,68.58,68.66
1782229500000,68.66,68.69,68.34,68.36
1782229680000,68.36,68.47,68.34,68.42
1782229860000,68.42,68.56,68.41,68.53
1782230040000,68.53,68.69,68.53,68.69
1782230220000,68.69,68.88,68.69,68.88
1782230400000,68.88,68.93,68.78,68.79
1782230580000,68.79,68.92,68.76,68.91
1782230760000,68.91,69.28,68.86,69.23
1782230940000,69.23,69.36,69.14,69.24
1782231120000,69.24,69.35,69.14,69.22
1782231300000,69.22,69.27,69.0,69.06
1782231480000,69.06,69.15,69.03,69.05
1782231660000,69.05,69.1,68.99,69.08
1782231840000,69.08,69.1,69.01,69.02
1782232020000,69.02,69.05,68.93,69.03
1782232200000,69.03,69.07,68.99,69.05
1782232380000,69.05,69.11,69.01,69.02
1782232560000,69.02,69.07,68.94,68.95
1782232740000,68.95,69.05,68.92,69.04
1782232920000,69.04,69.06,68.96,68.98
1782233100000,68.98,69.05,68.96,68.99
1782233280000,68.99,69.04,68.82,68.86
1782233460000,68.86,68.91,68.82,68.85
1782233640000,68.85,68.89,68.78,68.82
1782233820000,68.82,68.92,68.82,68.85
1782234000000,68.85,68.85,68.72,68.73
1782234180000,68.73,68.8,68.67,68.67
1782234360000,68.67,68.68,68.59,68.61
1782234540000,68.61,68.79,68.61,68.77
1782234720000,68.77,68.78,68.62,68.66
1782234900000,68.66,68.86,68.67,68.79
1782235080000,68.79,68.99,68.79,68.95
1782235260000,68.95,69.05,68.95,68.97
1782235440000,68.97,69.06,68.98,69.05
1782235620000,69.05,69.06,69.0,69.04
1782235800000,69.04,69.06,68.82,68.89
1782235980000,68.89,69.09,68.9,69.09
1782236160000,69.09,69.14,68.95,68.97
1782236340000,68.97,68.98,68.83,68.86
1782236520000,68.86,68.87,68.81,68.86
1782236700000,68.86,68.92,68.8,68.85
1782236880000,68.85,68.88,68.81,68.83
1782237060000,68.83,68.85,68.71,68.75
1782237240000,68.75,68.78,68.6,68.69
1782237420000,68.69,68.74,68.7,68.72
1782237600000,68.72,68.87,68.73,68.85
1782237780000,68.85,68.84,68.71,68.77
1782237960000,68.77,68.8,68.64,68.7
1782238140000,68.7,68.91,68.69,68.85
1782238320000,68.85,68.87,68.81,68.85
1782238500000,68.85,68.87,68.74,68.79
1782238680000,68.79,68.89,68.78,68.82
1782238860000,68.82,68.98,68.81,68.94
1782239040000,68.94,68.99,68.89,68.89
1782239220000,68.89,68.93,68.87,68.89
1782239400000,68.89,68.89,68.81,68.88
1782239580000,68.88,68.88,68.81,68.85
1782239760000,68.85,68.86,68.76,68.79
1782239940000,68.79,68.82,68.73,68.76
1782240120000,68.76,68.78,68.64,68.69
1782240300000,68.69,68.77,68.65,68.68
1782240480000,68.68,68.84,68.67,68.82
1782240660000,68.82,68.85,68.75,68.78
1782240840000,68.78,68.89,68.78,68.88
1782241020000,68.88,68.91,68.84,68.86
1782241200000,68.86,68.91,68.82,68.86
1782241380000,68.86,69.07,68.87,69.01
1782241560000,69.01,69.03,68.87,68.88
1782241740000,68.88,68.95,68.86,68.92
1782241920000,68.92,68.94,68.85,68.9
1782242100000,68.9,68.91,68.79,68.8
1782242280000,68.8,68.81,68.75,68.77
1782242460000,68.77,68.91,68.72,68.85
1782242640000,68.85,68.87,68.76,68.81
1782242820000,68.81,68.94,68.79,68.94
1782243000000,68.94,69.0,68.82,68.92
1782243180000,68.92,68.96,68.89,68.94
1782243360000,68.94,68.95,68.82,68.82
1782243540000,68.82,68.83,68.74,68.75
1782243720000,68.75,68.8,68.71,68.72
1782243900000,68.72,68.77,68.7,68.77
1782244080000,68.77,68.89,68.74,68.86
1782244260000,68.86,68.91,68.82,68.88
1782244440000,68.88,69.0,68.85,68.92
1782244620000,68.92,68.97,68.8,68.8
1782244800000,68.8,69.01,68.79,68.94
1782244980000,68.94,68.97,68.91,68.94
1782245160000,68.94,69.01,68.91,68.98
1782245340000,68.98,69.03,68.96,69.01
1782245520000,69.01,69.02,68.91,68.91
1782245700000,68.91,68.98,68.87,68.89
1782245880000,68.89,69.01,68.89,68.97
1782246060000,68.97,69.0,68.89,68.97
1782246240000,68.97,68.98,68.88,68.92
1782246420000,68.92,68.99,68.88,68.97
1782246600000,68.97,68.99,68.92,68.97
1782246780000,68.97,69.01,68.89,68.9
1782246960000,68.9,68.96,68.89,68.95
1782247140000,68.95,68.95,68.89,68.91
1782247320000,68.91,68.95,68.9,68.92
1782247500000,68.92,68.92,68.87,68.89
1782247680000,68.89,68.93,68.88,68.91
1782247860000,68.91,68.95,68.81,68.85
1782248040000,68.85,68.95,68.84,68.94
1782248220000,68.94,68.98,68.91,68.98
1782248400000,68.98,69.01,68.93,68.97
1782248580000,68.97,69.16,68.97,69.07
1782248760000,69.07,69.13,69.07,69.12
1782248940000,69.12,69.15,69.08,69.09
1782249120000,69.09,69.11,69.05,69.11
1782249300000,69.11,69.21,69.04,69.05
1782249480000,69.05,69.06,69.01,69.06
1782249660000,69.06,69.15,69.05,69.12
1782249840000,69.12,69.15,69.11,69.13
1782250020000,69.13,69.2,69.02,69.2
1782250200000,69.2,69.28,69.19,69.23
1782250380000,69.23,69.23,69.2,69.22
1782250560000,69.22,69.25,69.16,69.18
1782250740000,69.18,69.27,69.17,69.19
1782250920000,69.19,69.27,69.17,69.22
1782251100000,69.22,69.24,69.2,69.23
1782251280000,69.23,69.24,69.19,69.19
1782251460000,69.19,69.21,69.18,69.2
1782251640000,69.2,69.25,69.18,69.23
1782251820000,69.23,69.23,69.2,69.23
1782252000000,69.23,69.25,69.2,69.25
1782252180000,69.25,69.33,69.25,69.32
1782252360000,69.32,69.48,69.31,69.45
1782252540000,69.45,69.53,69.43,69.53
1782252720000,69.53,69.69,69.52,69.64
1782252900000,69.64,69.8,69.54,69.77
1782253080000,69.77,69.79,69.58,69.62
1782253260000,69.62,69.62,69.36,69.36
1782253440000,69.36,69.43,69.31,69.32
1782253620000,69.32,69.41,69.31,69.41
1782253800000,69.41,69.52,69.41,69.51
1782253980000,69.51,69.52,69.37,69.37
1782254160000,69.37,69.5,69.31,69.49
1782254340000,69.49,69.55,69.47,69.5
1782254520000,69.5,69.53,69.42,69.43
1782254700000,69.43,69.52,69.41,69.52
1782254880000,69.52,69.53,69.44,69.53
1782255060000,69.53,69.54,69.37,69.42
1782255240000,69.42,69.5,69.42,69.47
1782255420000,69.47,69.55,69.47,69.52
1782255600000,69.52,69.51,69.36,69.46
1782255780000,69.46,69.49,69.26,69.3
1782255960000,69.3,69.39,69.28,69.38
1782256140000,69.38,69.41,69.28,69.37
1782256320000,69.37,69.41,69.31,69.32
1782256500000,69.32,69.41,69.31,69.33
1782256680000,69.33,69.43,69.33,69.4
1782256860000,69.4,69.5,69.38,69.49
1782257040000,69.49,69.57,69.47,69.48
1782257220000,69.48,69.49,69.43,69.47
1782257400000,69.47,69.53,69.45,69.52
1782257580000,69.52,69.57,69.45,69.52
1782257760000,69.52,69.52,69.39,69.39
1782257940000,69.39,69.42,69.35,69.38
1782258120000,69.38,69.42,69.37,69.39
1782258300000,69.39,69.78,69.38,69.63
1782258480000,69.63,69.69,69.61,69.68
1782258660000,69.68,69.7,69.59,69.63
1782258840000,69.63,69.71,69.62,69.68
1782259020000,69.68,69.7,69.63,69.64
1782259200000,69.64,69.77,69.62,69.65
1782259380000,69.65,69.71,69.54,69.57
1782259560000,69.57,69.83,69.57,69.79
1782259740000,69.79,69.88,69.75,69.86
1782259920000,69.86,69.91,69.75,69.89
1782260100000,69.89,69.94,69.82,69.93
1782260280000,69.93,69.95,69.77,69.82
1782260460000,69.82,69.89,69.78,69.82
1782260640000,69.82,69.9,69.78,69.9
1782260820000,69.9,69.93,69.75,69.82
1782261000000,69.82,69.87,69.77,69.79
1782261180000,69.79,69.95,69.76,69.87
1782261360000,69.87,70.06,69.84,70.03
1782261540000,70.03,70.1,69.94,69.96
1782261720000,69.96,70.06,69.94,69.99
1782261900000,69.99,70.03,69.86,69.99
1782262080000,69.99,70.07,69.99,70.04
1782262260000,70.04,70.04,69.95,69.99
1782262440000,69.99,70.01,69.81,69.83
1782262620000,69.83,69.94,69.81,69.93
1782262800000,69.93,69.99,69.85,69.95
1782262980000,69.95,69.96,69.69,69.71
1782263160000,69.71,69.81,69.68,69.72
1782263340000,69.72,69.8,69.63,69.8
1782263520000,69.8,69.95,69.78,69.94
1782263700000,69.94,69.94,69.68,69.68
1782263880000,69.68,69.77,69.63,69.77
1782264060000,69.77,69.84,69.77,69.81
1782264240000,69.81,69.91,69.82,69.85
1782264420000,69.85,69.91,69.8,69.91
1782264600000,69.91,70.25,69.92,70.16
1782264780000,70.16,70.28,70.16,70.28
1782264960000,70.28,70.36,70.21,70.23
1782265140000,70.23,70.28,70.11,70.13
1782265320000,70.13,70.19,70.08,70.11
1782265500000,70.11,70.18,70.09,70.17
1782265680000,70.17,70.26,70.16,70.26
1782265860000,70.26,70.26,70.16,70.25
1782266040000,70.25,70.29,70.15,70.16
1782266220000,70.16,70.19,70.02,70.04
1782266400000,70.04,70.1,70.01,70.07
1782266580000,70.07,70.09,69.86,69.86
1782266760000,69.86,69.9,69.79,69.8
1782266940000,69.8,69.93,69.81,69.92
1782267120000,69.92,69.93,69.82,69.87
1782267300000,69.87,69.87,69.68,69.69
1782267480000,69.69,69.7,69.61,69.67
1782267660000,69.67,69.67,69.52,69.54
1782267840000,69.54,69.61,69.52,69.61
1782268020000,69.61,69.72,69.6,69.69
1782268200000,69.69,69.73,69.65,69.67
1782268380000,69.67,69.71,69.59,69.59
1782268560000,69.59,69.66,69.57,69.65
1782268740000,69.65,69.77,69.46,69.75
1782268920000,69.75,69.75,69.62,69.62
1782269100000,69.62,69.64,69.56,69.59
1782269280000,69.59,69.64,69.51,69.53
1782269460000,69.53,69.53,69.47,69.49
1782269640000,69.49,69.53,69.37,69.5
1782269820000,69.5,69.5,69.39,69.42
1782270000000,69.42,69.47,69.35,69.38
1782270180000,69.38,69.41,69.3,69.31
1782270360000,69.31,69.35,69.26,69.33
1782270540000,69.33,69.39,69.3,69.36
1782270720000,69.36,69.42,69.32,69.33
1782270900000,69.33,69.33,69.17,69.18
1782271080000,69.18,69.24,69.07,69.13
1782271260000,69.13,69.23,69.14,69.22
1782271440000,69.22,69.27,69.21,69.27
1782271620000,69.27,69.32,69.22,69.31
1782271800000,69.31,69.51,69.31,69.5
1782271980000,69.5,69.63,69.46,69.59
1782272160000,69.59,69.71,69.58,69.71
1782272340000,69.71,69.73,69.65,69.68
1782272520000,69.68,69.7,69.65,69.67
1782272700000,69.67,69.71,69.66,69.68
1782272880000,69.68,69.7,69.6,69.61
1782273060000,69.61,69.66,69.52,69.54
1782273240000,69.54,69.57,69.53,69.54
1782273420000,69.54,69.57,69.5,69.52
1782273600000,69.52,69.57,69.45,69.57
1782273780000,69.57,69.59,69.41,69.43
1782273960000,69.43,69.46,69.39,69.41
1782274140000,69.41,69.43,69.38,69.43
1782274320000,69.43,69.48,69.43,69.46
1782274500000,69.46,69.55,69.45,69.46
1782274680000,69.46,69.46,69.33,69.33
1782274860000,69.33,69.37,69.14,69.16
1782275040000,69.16,69.18,68.96,69.08
1782275220000,69.08,69.16,69.07,69.11
1782275400000,69.11,69.35,69.07,69.35
1782275580000,69.35,69.37,69.24,69.28
1782275760000,69.28,69.34,69.24,69.27
1782275940000,69.27,69.3,69.21,69.29
1782276120000,69.29,69.32,69.27,69.3
1782276300000,69.3,69.62,69.29,69.61
1782276480000,69.61,69.64,69.56,69.58
1782276660000,69.58,69.6,69.46,69.48
1782276840000,69.48,69.57,69.46,69.54
1782277020000,69.54,69.57,69.54,69.54
1782277200000,69.54,69.63,69.51,69.61
1782277380000,69.61,69.65,69.48,69.49
1782277560000,69.49,69.6,69.48,69.58
1782277740000,69.58,69.79,69.57,69.76
1782277920000,69.76,69.78,69.65,69.68
1782278100000,69.68,69.78,69.67,69.78
1782278280000,69.78,69.81,69.7,69.71
1782278460000,69.71,69.77,69.66,69.76
1782278640000,69.76,69.92,69.76,69.89
1782278820000,69.89,69.95,69.88,69.94
1782279000000,69.94,70.01,69.86,70.0
1782279180000,70.0,70.02,69.9,70.02
1782279360000,70.02,70.17,70.0,70.11
1782279540000,70.11,70.12,69.96,70.04
1782279720000,70.04,70.05,69.97,69.98
1782279900000,69.98,70.01,69.92,69.99
1782280080000,69.99,70.03,69.88,69.9
1782280260000,69.9,69.89,69.82,69.86
1782280440000,69.86,69.88,69.85,69.88
1782280620000,69.88,69.9,69.87,69.89
1782280800000,69.89,69.91,69.78,69.82
1782280980000,69.82,69.83,69.69,69.77
1782281160000,69.77,69.89,69.77,69.87
1782281340000,69.87,69.94,69.86,69.94
1782281520000,69.94,69.95,69.85,69.89
1782281700000,69.89,69.9,69.8,69.88
1782281880000,69.88,69.89,69.8,69.81
1782282060000,69.81,69.94,69.81,69.93
1782282240000,69.93,69.99,69.89,69.97
1782282420000,69.97,69.99,69.81,69.87
1782282600000,69.87,69.94,69.86,69.87
1782282780000,69.87,69.94,69.87,69.93
1782282960000,69.93,69.97,69.89,69.9
1782283140000,69.9,69.9,69.83,69.84
1782283320000,69.84,69.86,69.71,69.71
1782283500000,69.71,69.74,69.64,69.69
1782283680000,69.69,69.78,69.68,69.72
1782283860000,69.72,69.77,69.69,69.77
1782284040000,69.77,69.77,69.68,69.71
1782284220000,69.71,69.72,69.67,69.69
1782284400000,69.69,69.74,69.59,69.62
1782284580000,69.62,69.7,69.52,69.58
1782284760000,69.58,69.61,69.49,69.61
1782284940000,69.61,69.63,69.52,69.61
1782285120000,69.61,69.67,69.57,69.65
1782285300000,69.65,69.65,69.54,69.57
1782285480000,69.57,69.65,69.56,69.58
1782285660000,69.58,69.67,69.57,69.65
1782285840000,69.65,69.65,69.5,69.54
1782286020000,69.54,69.59,69.51,69.52
1782286200000,69.52,69.62,69.49,69.56
1782286380000,69.56,69.61,69.43,69.45
1782286560000,69.45,69.48,69.37,69.45
1782286740000,69.45,69.49,69.43,69.47
1782286920000,69.47,69.53,69.44,69.49
1782287100000,69.49,69.5,69.45,69.46
1782287280000,69.46,69.48,69.33,69.38
1782287460000,69.38,69.38,69.25,69.26
1782287640000,69.26,69.34,69.24,69.28
1782287820000,69.28,69.33,69.25,69.32
1782288000000,69.32,69.42,69.28,69.41
1782288180000,69.41,69.46,69.35,69.43
1782288360000,69.43,69.42,69.28,69.3
1782288540000,69.3,69.33,69.27,69.31
1782288720000,69.31,69.33,69.2,69.33
1782288900000,69.33,69.35,69.26,69.34
1782289080000,69.34,69.37,69.22,69.28
1782289260000,69.28,69.36,69.24,69.35
1782289440000,69.35,69.38,69.32,69.34
1782289620000,69.34,69.4,69.33,69.4
1782289800000,69.4,69.55,69.38,69.55
1782289980000,69.55,69.59,69.49,69.51
1782290160000,69.51,69.51,69.43,69.45
1782290340000,69.45,69.45,69.39,69.42
1782290520000,69.42,69.48,69.39,69.48
1782290700000,69.48,69.48,69.37,69.37
1782290880000,69.37,69.4,69.36,69.38
1782291060000,69.38,69.43,69.34,69.37
1782291240000,69.37,69.44,69.36,69.41
1782291420000,69.41,69.45,69.42,69.44
1782291600000,69.44,69.49,69.25,69.28
1782291780000,69.28,69.49,69.26,69.45
1782291960000,69.45,69.52,69.37,69.39
1782292140000,69.39,69.41,69.31,69.32
1782292320000,69.32,69.4,69.29,69.35
1782292500000,69.35,69.48,69.32,69.46
1782292680000,69.46,69.48,69.37,69.41
1782292860000,69.41,69.42,69.39,69.4
1782293040000,69.4,69.45,69.38,69.42
1782293220000,69.42,69.42,69.27,69.29
1782293400000,69.29,69.3,69.19,69.24
1782293580000,69.24,69.34,69.24,69.33
1782293760000,69.33,69.33,69.22,69.29
1782293940000,69.29,69.29,69.21,69.25
1782294120000,69.25,69.27,69.22,69.25
1782294300000,69.25,69.28,69.16,69.28
1782294480000,69.28,69.3,69.24,69.27
1782294660000,69.27,69.31,69.27,69.3
1782294840000,69.3,69.33,69.27,69.33
1782295020000,69.33,69.32,69.28,69.28
1782295200000,69.28,69.29,69.18,69.19
1782295380000,69.19,69.26,69.18,69.24
1782295560000,69.24,69.31,69.2,69.23
1782295740000,69.23,69.24,69.07,69.12
1782295920000,69.12,69.23,69.09,69.23
1782296100000,69.23,69.23,69.12,69.16
1782296280000,69.16,69.21,68.92,68.99
1782296460000,68.99,69.08,68.92,68.98
1782296640000,68.98,69.09,68.96,69.09
1782296820000,69.09,69.11,69.04,69.07
1782297000000,69.07,69.17,69.04,69.16
1782297180000,69.16,69.17,69.11,69.13
1782297360000,69.13,69.13,69.04,69.09
1782297540000,69.09,69.16,69.07,69.15
1782297720000,69.15,69.23,69.1,69.19
1782297900000,69.19,69.19,69.1,69.12
1782298080000,69.12,69.13,69.02,69.03
1782298260000,69.03,69.06,68.98,69.04
1782298440000,69.04,69.07,68.97,69.0
1782298620000,69.0,69.04,68.95,69.02
1782298800000,69.02,69.12,69.0,69.04
1782298980000,69.04,69.09,68.97,68.98
1782299160000,68.98,68.97,68.82,68.85
1782299340000,68.85,68.98,68.84,68.97
1782299520000,68.97,69.01,68.85,68.85
1782299700000,68.85,68.89,68.79,68.86
1782299880000,68.86,68.91,68.74,68.75
1782300060000,68.75,68.83,68.74,68.79
1782300240000,68.79,68.93,68.77,68.84
1782300420000,68.84,68.92,68.82,68.84
1782300600000,68.84,68.98,68.85,68.98
1782300780000,68.98,69.02,68.95,69.02
1782300960000,69.02,69.36,68.97,69.31
1782301140000,69.31,69.36,69.24,69.35
1782301320000,69.35,69.52,69.32,69.5
1782301500000,69.5,69.53,69.44,69.49
1782301680000,69.49,70.42,69.47,70.03
1782301860000,70.03,70.02,69.85,69.9
1782302040000,69.9,69.95,69.72,69.78
1782302220000,69.78,69.8,69.72,69.78
1782302400000,69.78,69.79,69.62,69.67
1782302580000,69.67,69.87,69.68,69.84
1782302760000,69.84,69.85,69.68,69.69
1782302940000,69.69,69.85,69.69,69.84
1782303120000,69.84,69.85,69.79,69.81
1782303300000,69.81,69.85,69.69,69.81
1782303480000,69.81,69.89,69.77,69.79
1782303660000,69.79,69.84,69.68,69.71
1782303840000,69.71,69.76,69.59,69.66
1782304020000,69.66,69.77,69.62,69.73
1782304200000,69.73,69.79,69.56,69.69
1782304380000,69.69,69.73,69.59,69.59
1782304560000,69.59,69.76,69.59,69.75
1782304740000,69.75,69.76,69.65,69.65
1782304920000,69.65,69.75,69.63,69.73
1782305100000,69.73,69.74,69.63,69.69
1782305280000,69.69,69.69,69.46,69.47
1782305460000,69.47,69.59,69.44,69.59
1782305640000,69.59,69.6,69.45,69.47
1782305820000,69.47,69.5,69.39,69.42
1782306000000,69.42,69.46,69.21,69.3
1782306180000,69.3,69.3,69.08,69.18
1782306360000,69.18,69.18,68.88,68.92
1782306540000,68.92,69.02,68.76,68.85
1782306720000,68.85,68.84,68.55,68.71
1782306900000,68.71,68.81,68.65,68.77
1782307080000,68.77,68.91,68.77,68.85
1782307260000,68.85,68.86,68.32,68.37
1782307440000,68.37,68.9,68.34,68.87
1782307620000,68.87,68.98,68.82,68.96
1782307800000,68.96,69.14,68.66,69.07
1782307980000,69.07,69.43,69.07,69.32
1782308160000,69.32,69.42,68.99,69.09
1782308340000,69.09,69.13,68.78,68.78
1782308520000,68.78,68.87,68.6,68.74
1782308700000,68.74,68.91,68.62,68.83
1782308880000,68.83,69.13,68.61,69.09
1782309060000,69.09,69.28,69.02,69.08
1782309240000,69.08,69.12,68.81,68.84
1782309420000,68.84,68.95,68.77,68.84
1782309600000,68.84,68.89,68.65,68.85
1782309780000,68.85,68.98,68.77,68.95
1782309960000,68.95,69.13,68.77,68.79
1782310140000,68.79,69.14,68.8,68.91
1782310320000,68.91,68.98,68.68,68.98
1782310500000,68.98,69.05,68.65,68.75
1782310680000,68.75,68.79,68.56,68.66
1782310860000,68.66,68.99,68.59,68.9
1782311040000,68.9,69.05,68.87,68.88
1782311220000,68.88,69.05,68.87,69.01
1782311400000,69.01,69.31,68.98,69.21
1782311580000,69.21,69.31,69.12,69.26
1782311760000,69.26,69.4,69.01,69.02
1782311940000,69.02,69.07,68.86,68.91
1782312120000,68.91,69.06,68.72,69.04
1782312300000,69.04,69.13,68.97,69.13
1782312480000,69.13,69.15,69.01,69.05
1782312660000,69.05,69.1,68.95,68.99
1782312840000,68.99,68.97,68.74,68.84
1782313020000,68.84,68.93,68.71,68.83
1782313200000,68.83,68.86,68.68,68.69
1782313380000,68.69,68.78,68.62,68.71
1782313560000,68.71,68.75,68.47,68.48
1782313740000,68.48,68.64,68.41,68.63
1782313920000,68.63,68.63,68.25,68.34
1782314100000,68.34,68.47,68.29,68.39
1782314280000,68.39,68.47,68.32,68.41
1782314460000,68.41,68.71,68.41,68.53
1782314640000,68.53,68.56,68.26,68.38
1782314820000,68.38,68.54,68.31,68.42
1782315000000,68.42,68.44,68.25,68.26
1782315180000,68.26,68.32,67.99,68.13
1782315360000,68.13,68.15,67.98,67.99
1782315540000,67.99,68.05,67.85,67.93
1782315720000,67.93,67.93,67.64,67.71
1782315900000,67.71,67.74,67.31,67.37
1782316080000,67.37,67.51,67.35,67.51
1782316260000,67.51,67.57,67.41,67.51
1782316440000,67.51,67.53,67.3,67.32
1782316620000,67.32,67.39,67.21,67.29
1782316800000,67.29,67.54,67.26,67.46
1782316980000,67.46,67.46,67.32,67.43
1782317160000,67.43,67.55,67.29,67.46
1782317340000,67.46,67.57,67.38,67.51
1782317520000,67.51,67.7,67.49,67.65
1782317700000,67.65,67.77,67.57,67.67
1782317880000,67.67,67.73,67.52,67.52
1782318060000,67.52,68.0,67.33,67.86
1782318240000,67.86,67.91,67.56,67.62
1782318420000,67.62,67.86,67.56,67.78
1782318600000,67.78,67.85,67.69,67.72
1782318780000,67.72,67.87,67.68,67.84
1782318960000,67.84,67.83,67.47,67.52
1782319140000,67.52,67.55,67.35,67.41
1782319320000,67.41,67.47,67.28,67.35
1782319500000,67.35,67.35,66.87,66.93
1782319680000,66.93,67.0,66.87,66.92
1782319860000,66.92,66.94,66.28,66.61
1782320040000,66.61,66.77,66.33,66.41
1782320220000,66.41,66.59,66.26,66.49
1782320400000,66.49,66.85,66.49,66.78
1782320580000,66.78,66.9,66.54,66.57
1782320760000,66.57,66.57,66.27,66.43
1782320940000,66.43,66.55,66.3,66.31
1782321120000,66.31,66.41,66.18,66.35
1782321300000,66.35,66.4,66.09,66.17
1782321480000,66.17,66.17,65.36,65.37
1782321660000,65.37,65.57,65.14,65.45
1782321840000,65.45,65.49,65.16,65.44
1782322020000,65.44,65.74,65.45,65.55
1782322200000,65.55,65.68,65.36,65.5
1782322380000,65.5,65.64,65.31,65.49
1782322560000,65.49,65.55,65.33,65.41
1782322740000,65.41,65.48,65.29,65.36
1782322920000,65.36,65.39,65.18,65.26
1782323100000,65.26,65.32,64.71,64.71
1782323280000,64.71,65.23,64.66,65.06
1782323460000,65.06,65.12,64.86,64.93
1782323640000,64.93,65.06,64.87,64.92
1782323820000,64.92,64.98,64.73,64.94
1782324000000,64.94,65.13,64.77,64.96
1782324180000,64.96,65.06,64.89,64.95
1782324360000,64.95,65.25,64.91,65.16
1782324540000,65.16,65.33,65.11,65.24
1782324720000,65.24,65.46,65.22,65.45
1782324900000,65.45,65.84,65.45,65.77
1782325080000,65.77,66.06,65.62,65.95
1782325260000,65.95,66.28,65.96,66.09
1782325440000,66.09,66.45,66.05,66.36
1782325620000,66.36,66.4,66.1,66.13
1782325800000,66.13,66.23,66.07,66.19
1782325980000,66.19,66.19,66.05,66.12
1782326160000,66.12,66.13,65.96,66.03
1782326340000,66.03,66.14,65.88,65.98
1782326520000,65.98,66.06,65.92,65.99
1782326700000,65.99,66.07,65.9,65.91
1782326880000,65.91,65.94,65.75,65.75
1782327060000,65.75,65.91,65.74,65.87
1782327240000,65.87,66.02,65.86,66.01
1782327420000,66.01,66.12,65.87,65.98
1782327600000,65.98,66.08,65.96,66.07
1782327780000,66.07,66.34,65.94,65.98
1782327960000,65.98,66.04,65.91,65.99
1782328140000,65.99,66.08,65.64,65.65
1782328320000,65.65,65.78,65.58,65.73
1782328500000,65.73,65.74,65.49,65.61
1782328680000,65.61,65.76,65.57,65.68
1782328860000,65.68,65.75,65.63,65.73
1782329040000,65.73,65.94,65.69,65.85
1782329220000,65.85,65.9,65.76,65.86
1782329400000,65.86,65.91,65.71,65.79
1782329580000,65.79,65.98,65.7,65.96
1782329760000,65.96,65.95,65.78,65.79
1782329940000,65.79,65.97,65.76,65.78
1782330120000,65.78,65.81,65.71,65.77
1782330300000,65.77,65.87,65.73,65.73
1782330480000,65.73,66.06,65.67,66.06
1782330660000,66.06,66.16,66.02,66.06
1782330840000,66.06,66.09,65.93,65.97
1782331020000,65.97,66.22,65.96,66.1
1782331200000,66.1,66.94,65.93,66.78
1782331380000,66.78,66.94,66.54,66.93
1782331560000,66.93,67.42,66.93,67.03
1782331740000,67.03,67.33,67.03,67.23
1782331920000,67.23,67.29,67.04,67.23
1782332100000,67.23,67.39,67.09,67.34
1782332280000,67.34,67.39,67.22,67.27
1782332460000,67.27,67.48,67.25,67.34
1782332640000,67.34,67.62,67.3,67.55
1782332820000,67.55,67.56,67.36,67.44
1782333000000,67.44,67.61,67.36,67.55
1782333180000,67.55,67.6,67.26,67.39
1782333360000,67.39,67.55,67.33,67.53
1782333540000,67.53,67.56,67.45,67.5
1782333720000,67.5,67.59,67.47,67.48
1782333900000,67.48,67.68,67.45,67.62
1782334080000,67.62,67.97,67.57,67.89
1782334260000,67.89,67.92,67.64,67.8
1782334440000,67.8,67.82,67.57,67.67
1782334620000,67.67,67.73,67.61,67.64
1782334800000,67.64,67.69,67.45,67.47
1782334980000,67.47,67.54,67.33,67.35
1782335160000,67.35,67.37,67.23,67.27
1782335340000,67.27,67.47,67.21,67.22
1782335520000,67.22,67.46,67.19,67.27
1782335700000,67.27,67.38,67.17,67.31
1782335880000,67.31,67.46,67.31,67.44
1782336060000,67.44,67.46,67.35,67.36
1782336240000,67.36,67.45,67.34,67.45
1782336420000,67.45,67.53,67.4,67.52
1782336600000,67.52,67.57,67.39,67.5
1782336780000,67.5,67.55,67.46,67.52
1782336960000,67.52,67.81,67.5,67.79
1782337140000,67.79,67.89,67.75,67.75
1782337320000,67.75,67.85,67.73,67.79
1782337500000,67.79,67.91,67.78,67.86
1782337680000,67.86,67.89,67.77,67.79
1782337860000,67.79,67.82,67.77,67.78
1782338040000,67.78,67.91,67.73,67.91
1782338220000,67.91,68.07,67.89,68.03
1782338400000,68.03,68.5,67.98,68.37
1782338580000,68.37,68.35,68.1,68.16
1782338760000,68.16,68.19,68.05,68.11
1782338940000,68.11,68.19,68.04,68.18
1782339120000,68.18,68.19,68.01,68.02
1782339300000,68.02,68.02,67.87,68.0
1782339480000,68.0,68.0,67.8,67.86
1782339660000,67.86,67.93,67.86,67.89
1782339840000,67.89,67.91,67.8,67.81
1782340020000,67.81,67.85,67.77,67.81
1782340200000,67.81,67.97,67.82,67.91
1782340380000,67.91,67.92,67.83,67.88
1782340560000,67.88,67.94,67.83,67.84
1782340740000,67.84,67.84,67.7,67.74
1782340920000,67.74,67.89,67.74,67.89
1782341100000,67.89,67.89,67.71,67.73
1782341280000,67.73,67.75,67.65,67.72
1782341460000,67.72,67.83,67.7,67.78
1782341640000,67.78,67.85,67.77,67.82
1782341820000,67.82,67.83,67.75,67.79
1782342000000,67.79,67.81,67.71,67.73
1782342180000,67.73,67.86,67.72,67.83
1782342360000,67.83,67.89,67.78,67.79
1782342540000,67.79,67.86,67.75,67.83
1782342720000,67.83,67.87,67.74,67.84
1782342900000,67.84,67.89,67.84,67.89
1782343080000,67.89,67.92,67.8,67.91
1782343260000,67.91,68.11,67.91,68.08
1782343440000,68.08,68.15,68.04,68.09
1782343620000,68.09,68.1,67.92,67.95
1782343800000,67.95,68.05,67.92,68.05
1782343980000,68.05,68.08,68.0,68.02
1782344160000,68.02,68.05,67.99,68.01
1782344340000,68.01,68.01,67.89,67.94
1782344520000,67.94,68.02,67.91,68.01
1782344700000,68.01,68.12,67.95,67.97
1782344880000,67.97,67.98,67.91,67.92
1782345060000,67.92,67.97,67.83,67.97
1782345240000,67.97,68.06,67.96,68.05
1782345420000,68.05,68.1,68.01,68.07
1782345600000,68.07,68.09,67.98,68.0
1782345780000,68.0,68.13,67.96,68.1
1782345960000,68.1,68.28,68.11,68.18
1782346140000,68.18,68.21,68.06,68.17
1782346320000,68.17,68.22,68.04,68.15
1782346500000,68.15,68.15,67.98,68.0
1782346680000,68.0,68.01,67.92,67.93
1782346860000,67.93,68.12,67.93,68.05
1782347040000,68.05,68.06,67.85,67.92
1782347220000,67.92,67.98,67.88,67.89
1782347400000,67.89,67.92,67.82,67.85
1782347580000,67.85,67.95,67.82,67.85
1782347760000,67.85,67.92,67.77,67.8
1782347940000,67.8,67.86,67.74,67.8
1782348120000,67.8,67.83,67.74,67.75
1782348300000,67.75,67.79,67.64,67.65
1782348480000,67.65,67.83,67.65,67.83
1782348660000,67.83,67.87,67.76,67.81
1782348840000,67.81,67.8,67.63,67.64
1782349020000,67.64,67.69,67.54,67.66
1782349200000,67.66,67.76,67.59,67.59
1782349380000,67.59,67.62,67.49,67.61
1782349560000,67.61,67.64,67.45,67.46
1782349740000,67.46,67.52,67.43,67.47
1782349920000,67.47,67.51,67.46,67.48
1782350100000,67.48,67.55,67.43,67.54
1782350280000,67.54,67.56,67.37,67.54
1782350460000,67.54,67.71,67.55,67.68
1782350640000,67.68,67.74,67.53,67.56
1782350820000,67.56,67.64,67.55,67.6
1782351000000,67.6,67.7,67.57,67.67
1782351180000,67.67,67.69,67.58,67.67
1782351360000,67.67,67.74,67.62,67.74
1782351540000,67.74,67.75,67.67,67.69
1782351720000,67.69,67.75,67.66,67.72
1782351900000,67.72,67.77,67.7,67.75
1782352080000,67.75,67.88,67.73,67.87
1782352260000,67.87,67.92,67.82,67.9
1782352440000,67.9,67.96,67.87,67.95
1782352620000,67.95,67.95,67.82,67.84
1782352800000,67.84,67.88,67.78,67.83
1782352980000,67.83,67.89,67.8,67.81
1782353160000,67.81,67.83,67.73,67.79
1782353340000,67.79,67.8,67.68,67.68
1782353520000,67.68,67.71,67.62,67.64
1782353700000,67.64,67.7,67.57,67.67
1782353880000,67.67,67.86,67.66,67.81
1782354060000,67.81,67.84,67.75,67.75
1782354240000,67.75,67.78,67.69,67.78
1782354420000,67.78,67.84,67.75,67.83
1782354600000,67.83,67.84,67.76,67.78
1782354780000,67.78,67.81,67.76,67.81
1782354960000,67.81,67.86,67.79,67.8
1782355140000,67.8,67.84,67.65,67.66
1782355320000,67.66,67.68,67.59,67.62
1782355500000,67.62,67.65,67.58,67.65
1782355680000,67.65,67.68,67.61,67.61
1782355860000,67.61,67.66,67.59,67.61
1782356040000,67.61,67.69,67.61,67.66
1782356220000,67.66,67.72,67.64,67.69
1782356400000,67.69,67.82,67.69,67.74
1782356580000,67.74,67.75,67.67,67.7
1782356760000,67.7,67.77,67.65,67.76
1782356940000,67.76,67.77,67.67,67.67
1782357120000,67.67,67.69,67.55,67.57
1782357300000,67.57,67.62,67.43,67.6
1782357480000,67.6,67.66,67.56,67.65
1782357660000,67.65,67.65,67.57,67.61
1782357840000,67.61,67.65,67.55,67.6
1782358020000,67.6,67.66,67.6,67.62
1782358200000,67.62,67.73,67.61,67.66
1782358380000,67.66,67.68,67.55,67.56
1782358560000,67.56,67.57,67.51,67.55
1782358740000,67.55,67.57,67.51,67.57
1782358920000,67.57,67.59,67.49,67.49
1782359100000,67.49,67.56,67.47,67.54
1782359280000,67.54,67.6,67.51,67.58
1782359460000,67.58,67.65,67.55,67.62
1782359640000,67.62,67.69,67.61,67.63
1782359820000,67.63,67.68,67.6,67.65
1782360000000,67.65,67.68,67.64,67.65
1782360180000,67.65,67.65,67.53,67.61
1782360360000,67.61,67.68,67.58,67.67
1782360540000,67.67,67.68,67.61,67.64
1782360720000,67.64,67.64,67.55,67.56
1782360900000,67.56,67.58,67.52,67.54
1782361080000,67.54,67.58,67.52,67.56
1782361260000,67.56,67.66,67.56,67.65
1782361440000,67.65,67.66,67.59,67.62
1782361620000,67.62,67.61,67.57,67.58
1782361800000,67.58,67.58,67.48,67.49
1782361980000,67.49,67.51,67.44,67.49
1782362160000,67.49,67.68,67.49,67.68
1782362340000,67.68,67.68,67.59,67.59
1782362520000,67.59,67.78,67.59,67.78
1782362700000,67.78,67.94,67.77,67.92
1782362880000,67.92,68.16,67.91,68.11
1782363060000,68.11,68.29,68.05,68.22
1782363240000,68.22,68.4,68.18,68.37
1782363420000,68.37,68.49,68.34,68.42
1782363600000,68.42,68.86,68.32,68.69
1782363780000,68.69,68.75,68.53,68.63
1782363960000,68.63,68.95,68.6,68.94
1782364140000,68.94,69.1,68.86,68.94
1782364320000,68.94,69.0,68.91,68.99
1782364500000,68.99,69.02,68.79,68.97
1782364680000,68.97,68.99,68.87,68.92
1782364860000,68.92,69.17,68.81,69.13
1782365040000,69.13,69.23,68.93,68.96
1782365220000,68.96,69.04,68.95,69.02
1782365400000,69.02,69.17,69.0,69.14
1782365580000,69.14,69.26,69.12,69.26
1782365760000,69.26,69.27,69.1,69.12
1782365940000,69.12,69.14,69.0,69.01
1782366120000,69.01,69.03,68.92,68.92
1782366300000,68.92,69.02,68.9,69.01
1782366480000,69.01,69.04,68.98,69.02
1782366660000,69.02,69.13,69.01,69.11
1782366840000,69.11,69.12,69.0,69.11
1782367020000,69.11,69.13,68.98,68.99
1782367200000,68.99,69.13,68.99,69.13
1782367380000,69.13,69.14,68.98,69.01
1782367560000,69.01,69.11,69.0,69.08
1782367740000,69.08,69.22,69.08,69.21
1782367920000,69.21,69.26,69.14,69.14
1782368100000,69.14,69.63,69.13,69.49
1782368280000,69.49,69.51,69.33,69.39
1782368460000,69.39,69.43,69.24,69.3
1782368640000,69.3,69.32,69.16,69.27
1782368820000,69.27,69.27,69.18,69.21
1782369000000,69.21,69.3,69.19,69.29
1782369180000,69.29,69.43,69.27,69.35
1782369360000,69.35,69.39,69.25,69.35
1782369540000,69.35,69.43,69.31,69.41
1782369720000,69.41,69.43,69.34,69.38
1782369900000,69.38,69.4,69.35,69.39
1782370080000,69.39,69.46,69.36,69.46
1782370260000,69.46,69.48,69.41,69.41
1782370440000,69.41,69.58,69.4,69.53
1782370620000,69.53,69.54,69.4,69.42
1782370800000,69.42,69.55,69.33,69.34
1782370980000,69.34,69.36,69.25,69.29
1782371160000,69.29,69.33,69.19,69.19
1782371340000,69.19,69.35,69.19,69.3
1782371520000,69.3,69.38,69.27,69.29
1782371700000,69.29,69.47,69.28,69.38
1782371880000,69.38,69.39,69.26,69.32
1782372060000,69.32,69.38,69.29,69.31
1782372240000,69.31,69.38,69.31,69.35
1782372420000,69.35,69.37,69.29,69.31
1782372600000,69.31,69.45,69.3,69.4
1782372780000,69.4,69.4,69.31,69.31
1782372960000,69.31,69.4,69.29,69.4
1782373140000,69.4,69.44,69.39,69.44
1782373320000,69.44,69.47,69.39,69.4
1782373500000,69.4,69.39,69.22,69.32
1782373680000,69.32,69.39,69.29,69.29
1782373860000,69.29,69.39,69.26,69.36
1782374040000,69.36,69.38,69.33,69.35
1782374220000,69.35,69.46,69.32,69.4
1782374400000,69.4,69.4,69.29,69.37
1782374580000,69.37,69.38,69.27,69.27
1782374760000,69.27,69.29,69.21,69.24
1782374940000,69.24,69.31,69.23,69.24
1782375120000,69.24,69.25,69.19,69.19
1782375300000,69.19,69.23,69.12,69.13
1782375480000,69.13,69.15,69.07,69.08
1782375660000,69.08,69.12,69.03,69.05
1782375840000,69.05,69.06,68.99,69.02
1782376020000,69.02,69.12,69.02,69.11
1782376200000,69.11,69.11,69.01,69.04
1782376380000,69.04,69.04,68.99,69.01
1782376560000,69.01,69.07,68.98,68.99
1782376740000,68.99,69.01,68.97,68.98
1782376920000,68.98,69.17,68.97,69.16
1782377100000,69.16,69.2,69.08,69.09
1782377280000,69.09,69.12,69.06,69.09
1782377460000,69.09,69.1,69.01,69.06
1782377640000,69.06,69.07,69.0,69.0
1782377820000,69.0,69.03,68.96,69.03
1782378000000,69.03,69.09,69.02,69.06
1782378180000,69.06,69.13,69.04,69.08
1782378360000,69.08,69.12,69.01,69.01
1782378540000,69.01,69.13,69.0,69.13
1782378720000,69.13,69.16,69.11,69.11
1782378900000,69.11,69.15,69.08,69.11
1782379080000,69.11,69.11,69.03,69.05
1782379260000,69.05,69.05,68.83,68.87
1782379440000,68.87,68.88,68.82,68.87
1782379620000,68.87,68.96,68.85,68.93
1782379800000,68.93,69.01,68.82,68.89
1782379980000,68.89,68.94,68.88,68.89
1782380160000,68.89,69.01,68.89,68.96
1782397620000,65.91,66.0,65.62,65.69
1782397800000,65.69,66.16,65.52,66.11
1782397980000,66.11,67.12,66.04,66.45
1782398160000,66.45,66.46,66.01,66.11
1782398340000,66.11,66.35,66.05,66.07
1782398520000,66.07,66.14,65.95,66.09
1782398700000,66.09,66.16,65.9,65.97
1782398880000,65.97,66.45,65.97,66.37
1782399060000,66.37,66.72,66.32,66.46
1782399240000,66.46,66.64,66.36,66.38
1782399420000,66.38,66.45,66.22,66.33
1782399600000,66.33,66.34,65.96,66.08
1782399780000,66.08,66.21,65.78,66.01
1782399960000,66.01,66.08,65.83,65.97
1782400140000,65.97,66.07,65.75,65.83
1782400320000,65.83,65.87,65.65,65.72
1782400500000,65.72,65.73,65.21,65.46
1782400680000,65.46,65.93,65.37,65.73
1782400860000,65.73,65.94,65.59,65.92
1782401040000,65.92,66.01,65.75,65.87
1782401220000,65.87,65.94,65.76,65.86
1782401400000,65.86,65.98,65.79,65.85
1782401580000,65.85,65.95,65.72,65.92
1782401760000,65.92,66.21,65.92,65.94
1782401940000,65.94,65.95,65.75,65.83
1782402120000,65.83,65.83,65.62,65.76
1782402300000,65.76,66.01,65.71,65.88
1782402480000,65.88,65.97,65.78,65.91
1782402660000,65.91,66.07,65.87,65.95
1782402840000,65.95,66.36,65.93,66.32
1782403020000,66.32,66.33,66.14,66.28
1782403200000,66.28,66.47,66.23,66.27
1782403380000,66.27,66.39,66.22,66.26
1782403560000,66.26,66.74,66.24,66.68
1782403740000,66.68,67.0,66.65,66.66
1782403920000,66.66,66.71,66.54,66.6
1782404100000,66.6,66.66,66.46,66.66
1782404280000,66.66,66.69,66.51,66.51
1782404460000,66.51,66.65,66.47,66.51
1782404640000,66.51,66.67,66.49,66.67
1782404820000,66.67,66.69,66.6,66.66
1782405000000,66.66,66.66,66.23,66.32
1782405180000,66.32,66.32,66.12,66.25
1782405360000,66.25,66.39,66.17,66.18
1782405540000,66.18,66.2,66.09,66.1
1782405720000,66.1,66.17,65.94,65.98
1782405900000,65.98,66.01,65.62,65.76
1782406080000,65.76,65.94,65.76,65.86
1782406260000,65.86,65.93,65.76,65.83
1782406440000,65.83,65.85,65.73,65.75
1782406620000,65.75,65.96,65.75,65.94
1782406800000,65.94,66.04,65.85,65.88
1782406980000,65.88,65.91,65.78,65.79
1782407160000,65.79,66.01,65.79,65.96
1782407340000,65.96,66.43,65.96,66.28
1782407520000,66.28,66.47,66.26,66.41
1782407700000,66.41,66.78,66.4,66.69
1782407880000,66.69,66.72,66.46,66.64
1782408060000,66.64,66.84,66.63,66.76
1782408240000,66.76,67.26,66.75,67.17
1782408420000,67.17,67.33,67.07,67.28
1782408600000,67.28,67.32,66.91,66.94
1782408780000,66.94,67.09,66.88,67.01
1782408960000,67.01,67.19,66.97,67.16
1782409140000,67.16,67.26,67.07,67.1
1782409320000,67.1,67.11,66.87,66.87
1782409500000,66.87,66.89,66.73,66.83
1782409680000,66.83,66.83,66.67,66.76
1782409860000,66.76,66.94,66.66,66.88
1782410040000,66.88,66.97,66.68,66.83
1782410220000,66.83,67.1,66.82,67.1
1782410400000,67.1,67.12,66.72,66.75
1782410580000,66.75,66.86,66.59,66.63
1782410760000,66.63,66.75,66.57,66.68
1782410940000,66.68,66.78,66.34,66.43
1782411120000,66.43,66.44,66.02,66.05
1782411300000,66.05,66.27,66.01,66.21
1782411480000,66.21,66.67,66.21,66.52
1782411660000,66.52,66.53,66.29,66.39
1782411840000,66.39,66.47,66.29,66.46
1782412020000,66.46,66.56,66.38,66.53
1782412200000,66.53,66.53,66.23,66.25
1782412380000,66.25,66.27,65.95,66.06
1782412560000,66.06,66.12,66.0,66.07
1782412740000,66.07,66.09,65.93,65.97
1782412920000,65.97,66.11,65.98,66.06
1782413100000,66.06,66.08,65.88,65.98
1782413280000,65.98,66.19,65.98,66.04
1782413460000,66.04,66.26,66.01,66.18
1782413640000,66.18,66.27,66.11,66.23
1782413820000,66.23,66.23,66.09,66.14
1782414000000,66.14,66.17,65.98,66.03
1782414180000,66.03,66.07,65.89,65.92
1782414360000,65.92,65.98,65.87,65.9
1782414540000,65.9,65.97,65.82,65.91
1782414720000,65.91,65.92,65.73,65.8
1782414900000,65.8,65.87,65.72,65.75
1782415080000,65.75,65.84,65.73,65.75
1782415260000,65.75,65.89,65.63,65.69
1782415440000,65.69,65.97,65.67,65.9
1782415620000,65.9,65.98,65.81,65.96
1782415800000,65.96,66.05,65.96,66.03
1782415980000,66.03,66.18,66.0,66.11
1782416160000,66.11,66.14,65.97,66.01
1782416340000,66.01,66.18,66.0,66.13
1782416520000,66.13,66.14,66.04,66.05
1782416700000,66.05,66.05,65.96,65.98
1782416880000,65.98,66.15,65.92,66.04
1782417060000,66.04,66.06,65.89,65.9
1782417240000,65.9,66.0,65.83,65.96
1782417420000,65.96,66.16,65.97,66.16
1782417600000,66.16,66.6,66.11,66.39
1782417780000,66.39,66.62,66.38,66.48
1782417960000,66.48,66.59,66.48,66.59
1782418140000,66.59,66.59,66.47,66.47
1782418320000,66.47,66.52,66.4,66.44
1782418500000,66.44,66.64,66.44,66.61
1782418680000,66.61,66.72,66.6,66.65
1782418860000,66.65,66.73,66.65,66.7
1782419040000,66.7,66.77,66.66,66.76
1782419220000,66.76,66.77,66.68,66.68
1782419400000,66.68,66.71,66.4,66.45
1782419580000,66.45,66.6,66.46,66.57
1782419760000,66.57,66.63,66.41,66.42
1782419940000,66.42,66.44,66.29,66.31
1782420120000,66.31,66.43,66.31,66.42
1782420300000,66.42,66.42,66.25,66.26
1782420480000,66.26,66.28,66.13,66.14
1782420660000,66.14,66.19,66.06,66.07
1782420840000,66.07,66.11,66.04,66.11
1782421020000,66.11,66.28,66.1,66.24
1782421200000,66.24,66.34,66.23,66.34
1782421380000,66.34,66.45,66.27,66.33
1782421560000,66.33,66.43,66.29,66.43
1782421740000,66.43,66.49,66.39,66.43
1782421920000,66.43,66.47,66.27,66.47
1782422100000,66.47,66.5,66.35,66.36
1782422280000,66.36,66.43,66.35,66.42
1782422460000,66.42,66.47,66.4,66.42
1782422640000,66.42,66.67,66.41,66.66
1782422820000,66.66,66.83,66.64,66.8
1782423000000,66.8,66.96,66.71,66.96
1782423180000,66.96,67.18,66.9,67.18
1782423360000,67.18,67.17,67.01,67.09
1782423540000,67.09,67.08,66.89,66.89
1782423720000,66.89,66.93,66.85,66.92
1782423900000,66.92,67.04,66.88,66.97
1782424080000,66.97,67.0,66.89,66.99
1782424260000,66.99,67.06,66.94,67.03
1782424440000,67.03,67.14,66.98,67.02
1782424620000,67.02,67.28,67.03,67.27
1782424800000,67.27,67.28,67.15,67.28
1782424980000,67.28,67.32,67.16,67.19
1782425160000,67.19,67.22,67.12,67.14
1782425340000,67.14,67.15,66.91,67.02
1782425520000,67.02,67.03,66.91,66.92
1782425700000,66.92,67.09,66.92,67.09
1782425880000,67.09,67.14,66.93,66.93
1782426060000,66.93,67.01,66.92,67.0
1782426240000,67.0,67.06,66.98,66.99
1782426420000,66.99,67.05,66.97,67.04
1782426600000,67.04,67.15,67.02,67.07
1782426780000,67.07,67.11,67.05,67.09
1782426960000,67.09,67.23,67.09,67.15
1782427140000,67.15,67.15,67.09,67.12
1782427320000,67.12,67.18,67.05,67.17
1782427500000,67.17,67.26,67.14,67.15
1782427680000,67.15,67.2,67.04,67.09
1782427860000,67.09,67.13,67.05,67.09
1782428040000,67.09,67.15,67.06,67.09
1782428220000,67.09,67.19,67.11,67.12
1782428400000,67.12,67.22,67.11,67.18
1782428580000,67.18,67.22,67.11,67.11
1782428760000,67.11,67.12,67.01,67.02
1782428940000,67.02,67.05,66.96,67.04
1782429120000,67.04,67.17,67.03,67.15
1782429300000,67.15,67.43,67.14,67.38
1782429480000,67.38,67.47,67.38,67.46
1782429660000,67.46,67.63,67.42,67.59
1782429840000,67.59,67.87,67.58,67.85
1782430020000,67.85,68.48,67.84,68.31
1782430200000,68.31,68.79,68.17,68.37
1782430380000,68.37,68.39,68.17,68.27
1782430560000,68.27,68.32,68.07,68.13
1782430740000,68.13,68.15,68.0,68.01
1782430920000,68.01,68.02,67.77,67.91
1782431100000,67.91,67.93,67.77,67.78
1782431280000,67.78,67.83,67.63,67.71
1782431460000,67.71,67.71,67.63,67.69
1782431640000,67.69,67.69,67.55,67.63
1782431820000,67.63,67.71,67.6,67.67
1782432000000,67.67,67.78,67.61,67.75
1782432180000,67.75,67.76,67.61,67.74
1782432360000,67.74,67.75,67.62,67.62
1782432540000,67.62,67.82,67.62,67.74
1782432720000,67.74,67.87,67.64,67.86
1782432900000,67.86,68.05,67.81,68.03
1782433080000,68.03,68.05,67.89,68.03
1782433260000,68.03,68.08,67.94,67.98
1782433440000,67.98,67.99,67.73,67.73
1782433620000,67.73,67.91,67.65,67.88
1782433800000,67.88,67.89,67.79,67.81
1782433980000,67.81,67.88,67.76,67.76
1782434160000,67.76,67.9,67.73,67.89
1782434340000,67.89,68.07,67.82,67.88
1782434520000,67.88,67.99,67.88,67.9
1782434700000,67.9,67.94,67.82,67.91
1782434880000,67.91,67.95,67.73,67.74
1782435060000,67.74,67.9,67.73,67.82
1782435240000,67.82,67.83,67.62,67.72
1782435420000,67.72,67.77,67.62,67.71
1782435600000,67.71,67.88,67.67,67.76
1782435780000,67.76,67.76,67.47,67.48
1782435960000,67.48,67.57,67.44,67.55
1782436140000,67.55,67.66,67.48,67.63
1782436320000,67.63,67.65,67.55,67.58
1782436500000,67.58,67.78,67.55,67.73
1782436680000,67.73,67.73,67.6,67.72
1782436860000,67.72,67.74,67.3,67.35
1782437040000,67.35,67.42,67.29,67.31
1782437220000,67.31,67.4,67.17,67.18
1782437400000,67.18,67.25,67.12,67.17
1782437580000,67.17,67.25,67.12,67.16
1782437760000,67.16,67.28,67.11,67.23
1782437940000,67.23,67.35,67.17,67.31
1782438120000,67.31,67.33,67.21,67.3
1782438300000,67.3,67.35,67.19,67.31
1782438480000,67.31,67.44,67.31,67.41
1782438660000,67.41,67.43,67.25,67.27
1782438840000,67.27,67.31,67.22,67.29
1782439020000,67.29,67.29,67.16,67.29
1782439200000,67.29,67.32,67.16,67.23
1782439380000,67.23,67.26,67.14,67.18
1782439560000,67.18,67.22,67.13,67.16
1782439740000,67.16,67.17,66.75,66.77
1782439920000,66.77,66.79,65.99,66.11
1782440100000,66.11,66.54,66.01,66.51
1782440280000,66.51,66.52,66.17,66.19
1782440460000,66.19,66.22,65.94,66.02
1782440640000,66.02,66.36,65.88,66.35
1782440820000,66.35,66.69,66.35,66.63
1782441000000,66.63,66.76,66.36,66.38
1782441180000,66.38,66.78,66.32,66.63
1782441360000,66.63,66.68,66.41,66.46
1782441540000,66.46,66.62,66.45,66.57
1782441720000,66.57,66.71,66.55,66.6
1782441900000,66.6,66.59,66.49,66.49
1782442080000,66.49,66.52,66.29,66.49
1782442260000,66.49,66.49,66.06,66.09
1782442440000,66.09,66.19,65.99,66.06
1782442620000,66.06,66.23,66.02,66.17
1782442800000,66.17,66.25,65.89,66.04
1782442980000,66.04,66.61,65.99,66.58
1782443160000,66.58,66.61,66.39,66.56
1782443340000,66.56,67.11,66.54,67.09
1782443520000,67.09,67.11,66.88,66.94
1782443700000,66.94,66.99,66.83,66.86
1782443880000,66.86,66.89,66.77,66.78
1782444060000,66.78,66.83,66.49,66.52
1782444240000,66.52,66.59,66.48,66.59
1782444420000,66.59,67.03,66.57,66.82
1782444600000,66.82,66.96,66.59,66.92
1782444780000,66.92,66.98,66.79,66.82
1782444960000,66.82,67.24,66.81,67.24
1782445140000,67.24,67.42,67.23,67.25
1782445320000,67.25,67.56,67.16,67.53
1782445500000,67.53,68.03,67.49,67.99
1782445680000,67.99,67.99,67.71,67.96
1782445860000,67.96,68.19,67.88,68.0
1782446040000,68.0,68.47,67.99,68.28
1782446220000,68.28,68.28,68.05,68.18
1782446400000,68.18,68.21,67.98,68.03
1782446580000,68.03,68.18,68.03,68.13
1782446760000,68.13,68.23,68.01,68.15
1782446940000,68.15,68.15,67.98,68.14
1782447120000,68.14,68.14,67.95,67.97
1782447300000,67.97,68.35,67.95,68.29
1782447480000,68.29,68.31,67.95,67.99
1782447660000,67.99,68.12,67.95,68.11
1782447840000,68.11,68.13,67.97,68.01
1782448020000,68.01,68.15,68.02,68.08
1782448200000,68.08,68.11,67.99,68.01
1782448380000,68.01,68.11,67.96,68.01
1782448560000,68.01,68.04,67.98,68.04
1782448740000,68.04,68.11,68.0,68.08
1782448920000,68.08,68.13,67.99,68.12
1782449100000,68.12,68.13,68.01,68.02
1782449280000,68.02,68.04,67.96,67.97
1782449460000,67.97,68.11,67.92,68.02
1782449640000,68.02,68.04,67.98,68.01
1782449820000,68.01,68.06,67.99,68.04
1782450000000,68.04,68.1,67.99,67.99
1782450180000,67.99,68.03,67.97,67.98
1782450360000,67.98,68.08,67.97,68.03
1782450540000,68.03,68.17,68.03,68.14
1782450720000,68.14,68.19,68.1,68.18
1782450900000,68.18,68.36,68.17,68.29
1782451080000,68.29,68.37,68.22,68.27
1782451260000,68.27,68.3,67.99,67.99
1782451440000,67.99,68.15,67.98,68.07
1782451620000,68.07,68.29,68.09,68.26
1782451800000,68.26,68.34,68.22,68.34
1782451980000,68.34,68.43,68.28,68.39
1782452160000,68.39,68.41,68.26,68.27
1782452340000,68.27,68.36,68.24,68.35
1782452520000,68.35,68.36,68.21,68.22
1782452700000,68.22,68.26,68.06,68.11
1782452880000,68.11,68.31,68.07,68.24
1782453060000,68.24,68.37,68.24,68.36
1782453240000,68.36,68.39,68.28,68.37
1782453420000,68.37,68.4,68.32,68.33
1782453600000,68.33,68.34,68.11,68.16
1782453780000,68.16,68.18,68.07,68.08
1782453960000,68.08,68.14,67.97,67.98
1782454140000,67.98,68.08,67.97,68.08
1782454320000,68.08,68.11,68.05,68.08
1782454500000,68.08,68.23,68.08,68.21
1782454680000,68.21,68.65,68.17,68.63
1782454860000,68.63,69.33,68.6,69.29
1782455040000,69.29,69.38,69.03,69.04
1782455220000,69.04,69.17,68.94,69.16
1782455400000,69.16,69.17,68.99,69.08
1782455580000,69.08,69.15,68.99,69.14
1782455760000,69.14,69.29,69.13,69.27
1782455940000,69.27,69.55,69.25,69.42
1782456120000,69.42,69.79,69.34,69.74
1782456300000,69.74,69.82,69.63,69.71
1782456480000,69.71,69.74,69.57,69.57
1782456660000,69.57,69.7,69.47,69.7
1782456840000,69.7,69.76,69.65,69.69
1782457020000,69.69,69.98,69.67,69.98
1782457200000,69.98,70.33,69.89,70.23
1782457380000,70.23,70.66,70.22,70.27
1782457560000,70.27,70.77,70.25,70.37
1782457740000,70.37,70.5,70.29,70.46
1782457920000,70.46,70.65,70.37,70.57
1782458100000,70.57,70.73,70.46,70.71
1782458280000,70.71,70.71,70.47,70.48
1782458460000,70.48,70.56,70.46,70.48
1782458640000,70.48,70.55,70.32,70.46
1782458820000,70.46,70.58,70.43,70.49
1782459000000,70.49,70.82,70.42,70.78
1782459180000,70.78,70.79,70.52,70.53
1782459360000,70.53,70.78,70.53,70.76
1782459540000,70.76,70.97,70.74,70.79
1782459720000,70.79,70.81,70.6,70.61
1782459900000,70.61,70.75,70.55,70.62
1782460080000,70.62,70.71,70.56,70.64
1782460260000,70.64,70.73,70.6,70.69
1782460440000,70.69,70.79,70.66,70.7
1782460620000,70.7,70.79,70.65,70.74
1782460800000,70.74,70.84,70.51,70.52
1782460980000,70.52,70.69,70.53,70.54
1782461160000,70.54,70.54,70.35,70.37
1782461340000,70.37,70.37,70.2,70.25
1782461520000,70.25,70.25,69.94,69.98
1782461700000,69.98,70.12,69.95,70.05
1782461880000,70.05,70.07,69.8,69.83
1782462060000,69.83,70.0,69.83,69.93
1782462240000,69.93,70.02,69.82,69.85
1782462420000,69.85,69.93,69.81,69.87
1782462600000,69.87,69.91,69.8,69.83
1782462780000,69.83,69.87,69.69,69.79
1782462960000,69.79,69.86,69.76,69.83
1782463140000,69.83,69.86,69.74,69.85
1782463320000,69.85,69.94,69.79,69.83
1782463500000,69.83,69.9,69.77,69.79
1782463680000,69.79,69.83,69.74,69.83
1782463860000,69.83,69.87,69.77,69.87
1782464040000,69.87,70.14,69.69,69.88
1782464220000,69.88,69.95,69.84,69.91
1782464400000,69.91,69.93,69.78,69.82
1782464580000,69.82,69.87,69.64,69.68
1782464760000,69.68,69.7,69.52,69.64
1782464940000,69.64,69.67,69.56,69.66
1782465120000,69.66,69.82,69.57,69.77
1782465300000,69.77,69.78,69.69,69.75
1782465480000,69.75,69.84,69.65,69.81
1782465660000,69.81,69.87,69.71,69.78
1782465840000,69.78,69.8,69.73,69.75
1782466020000,69.75,69.81,69.73,69.79
1782466200000,69.79,69.77,69.69,69.72
1782466380000,69.72,69.86,69.6,69.86
1782466560000,69.86,69.86,69.72,69.78
1782466740000,69.78,69.79,69.61,69.7
1782466920000,69.7,69.76,69.53,69.56
1782467100000,69.56,69.62,69.36,69.39
1782467280000,69.39,69.41,69.13,69.22
1782467460000,69.22,69.22,68.81,68.92
1782467640000,68.92,69.25,68.91,69.09
1782467820000,69.09,69.13,68.95,68.98
1782468000000,68.98,69.06,68.87,68.97
1782468180000,68.97,69.11,68.96,69.09
1782468360000,69.09,69.17,68.99,69.03
1782468540000,69.03,69.13,68.99,69.03
1782468720000,69.03,69.15,68.98,69.04
1782468900000,69.04,69.14,69.04,69.09
1782469080000,69.09,69.09,68.99,68.99
1782469260000,68.99,69.04,68.97,69.04
1782469440000,69.04,69.16,69.02,69.15
1782469620000,69.15,69.2,69.12,69.13
1782469800000,69.13,69.22,69.04,69.15
1782469980000,69.15,69.19,69.03,69.13
1782470160000,69.13,69.13,68.86,68.88
1782470340000,68.88,68.92,68.67,68.86
1782470520000,68.86,68.96,68.79,68.93
1782470700000,68.93,68.99,68.71,68.72
1782470880000,68.72,68.83,68.66,68.78
1782471060000,68.78,68.78,68.61,68.7
1782471240000,68.7,68.83,68.68,68.75
1782471420000,68.75,68.77,68.62,68.74
1782471600000,68.74,68.87,68.71,68.79
1782471780000,68.79,69.07,68.75,68.91
1782471960000,68.91,68.92,68.77,68.81
1782472140000,68.81,68.81,68.64,68.78
1782472320000,68.78,68.82,68.74,68.76
1782472500000,68.76,68.75,68.59,68.62
1782472680000,68.62,68.67,68.57,68.64
1782472860000,68.64,68.75,68.61,68.74
1782473040000,68.74,68.74,68.62,68.65
1782473220000,68.65,68.65,68.49,68.55
1782473400000,68.55,68.62,68.53,68.56
1782473580000,68.56,68.69,68.55,68.69
1782473760000,68.69,68.72,68.6,68.68
1782473940000,68.68,68.71,68.63,68.67
1782474120000,68.67,68.72,68.53,68.6
1782474300000,68.6,68.62,68.53,68.57
1782474480000,68.57,68.64,68.44,68.5
1782474660000,68.5,68.55,68.36,68.4
1782474840000,68.4,68.53,68.37,68.53
1782475020000,68.53,68.61,68.51,68.58
1782475200000,68.58,68.7,68.56,68.64
1782475380000,68.64,68.85,68.62,68.82
1782475560000,68.82,68.87,68.72,68.84
1782475740000,68.84,68.86,68.74,68.8
1782475920000,68.8,68.92,68.77,68.83
1782476100000,68.83,69.12,68.79,69.12
1782476280000,69.12,69.15,68.91,68.92
1782476460000,68.92,68.99,68.81,68.95
1782476640000,68.95,69.14,68.95,69.08
1782476820000,69.08,69.24,69.08,69.24
1782477000000,69.24,69.28,69.09,69.27
1782477180000,69.27,69.7,69.28,69.32
1782477360000,69.32,69.39,68.99,69.02
1782477540000,69.02,69.04,68.44,68.56
1782477720000,68.56,68.64,68.32,68.54
1782477900000,68.54,69.16,68.47,69.04
1782478080000,69.04,69.03,68.82,69.0
1782478260000,69.0,69.03,68.84,69.01
1782478440000,69.01,69.04,68.89,68.95
1782478620000,68.95,69.0,68.81,68.83
1782478800000,68.83,68.89,68.76,68.81
1782478980000,68.81,68.94,68.74,68.84
1782479160000,68.84,68.91,68.71,68.78
1782479340000,68.78,68.84,68.6,68.74
1782479520000,68.74,69.3,68.72,68.9
1782479700000,68.9,69.0,68.69,68.71
1782479880000,68.71,68.77,68.12,68.67
1782480060000,68.67,68.79,68.51,68.7
1782480240000,68.7,68.74,68.57,68.71
1782480420000,68.71,68.8,68.57,68.76
1782480600000,68.76,69.13,68.66,69.07
1782480780000,69.07,69.43,68.61,69.27
1782480960000,69.27,69.44,69.03,69.28
1782481140000,69.28,69.37,69.13,69.29
1782481320000,69.29,69.66,69.29,69.61
1782481500000,69.61,69.95,69.41,69.81
1782481680000,69.81,69.93,69.48,69.89
1782481860000,69.89,70.31,69.81,70.22
1782482040000,70.22,70.74,70.14,70.69
1782482220000,70.69,70.92,70.51,70.67
1782482400000,70.67,70.84,70.22,70.3
1782482580000,70.3,70.67,70.2,70.47
1782482760000,70.47,70.75,70.33,70.61
1782482940000,70.61,70.84,70.59,70.82
1782483120000,70.82,71.22,70.83,70.97
1782483300000,70.97,71.23,70.79,70.89
1782483480000,70.89,71.4,70.88,71.26
1782483660000,71.26,71.62,71.21,71.47
1782483840000,71.47,71.66,71.33,71.4
1782484020000,71.4,71.94,71.39,71.66
1782484200000,71.66,71.85,71.47,71.59
1782484380000,71.59,71.61,71.12,71.13
1782484560000,71.13,71.17,70.77,70.91
1782484740000,70.91,71.02,70.77,70.87
1782484920000,70.87,71.01,70.67,70.7
1782485100000,70.7,70.74,70.49,70.7
1782485280000,70.7,71.09,70.7,71.05
1782485460000,71.05,71.12,70.89,70.9
1782485640000,70.9,70.89,70.35,70.49
1782485820000,70.49,70.61,70.41,70.43
1782486000000,70.43,70.58,70.34,70.48
1782486180000,70.48,70.63,70.27,70.37
1782486360000,70.37,70.81,70.31,70.67
1782486540000,70.67,71.4,70.67,70.89
1782486720000,70.89,70.88,70.76,70.79
1782486900000,70.79,71.06,70.72,70.95
1782487080000,70.95,71.18,70.91,71.13
1782487260000,71.13,71.36,71.12,71.3
1782487440000,71.3,71.84,71.32,71.77
1782487620000,71.77,71.79,71.31,71.41
1782487800000,71.41,71.62,71.4,71.61
1782487980000,71.61,71.74,71.49,71.68
1782488160000,71.68,71.89,71.66,71.83
1782488340000,71.83,72.18,71.81,72.12
1782488520000,72.12,72.22,71.99,72.11
1782488700000,72.11,72.13,71.75,71.77
1782488880000,71.77,72.06,71.73,72.03
1782489060000,72.03,72.07,71.53,71.77
1782489240000,71.77,72.01,71.71,72.01
1782489420000,72.01,72.09,71.9,72.04
1782489600000,72.04,73.49,72.02,72.71
1782489780000,72.71,72.83,72.59,72.65
1782489960000,72.65,72.75,72.46,72.46
1782490140000,72.46,72.58,72.39,72.44
1782490320000,72.44,72.48,72.36,72.42
1782490500000,72.42,72.68,72.34,72.56
1782490680000,72.56,72.56,72.13,72.13
1782490860000,72.13,72.25,71.98,72.2
1782491040000,72.2,72.34,72.19,72.23
1782491220000,72.23,72.29,72.11,72.2
1782491400000,72.2,72.55,72.2,72.52
1782491580000,72.52,73.2,72.52,73.08
1782491760000,73.08,73.09,72.71,72.76
1782491940000,72.76,72.86,72.64,72.71
1782492120000,72.71,72.89,72.55,72.55
1782492300000,72.55,72.73,72.55,72.69
1782492480000,72.69,72.83,72.67,72.73
1782492660000,72.73,72.87,72.42,72.56
1782492840000,72.56,72.59,72.44,72.45
1782493020000,72.45,72.56,72.44,72.47
1782493200000,72.47,72.54,72.38,72.49
1782493380000,72.49,72.62,72.48,72.58
1782493560000,72.58,72.59,72.46,72.59
1782493740000,72.59,72.75,72.51,72.7
1782493920000,72.7,72.86,72.68,72.74
1782494100000,72.74,72.76,72.23,72.25
1782494280000,72.25,72.42,72.16,72.34
1782494460000,72.34,72.55,72.25,72.39
1782494640000,72.39,72.52,72.34,72.4
1782494820000,72.4,72.63,72.39,72.59
1782495000000,72.59,72.78,72.53,72.62
1782495180000,72.62,72.72,72.35,72.39
1782495360000,72.39,72.43,72.22,72.27
1782495540000,72.27,72.38,72.27,72.33
1782495720000,72.33,72.69,72.31,72.58
1782495900000,72.58,72.72,72.57,72.71
1782496080000,72.71,72.8,72.55,72.59
1782496260000,72.59,72.63,72.49,72.49
1782496440000,72.49,72.68,72.48,72.53
1782496620000,72.53,72.65,72.5,72.54
1782496800000,72.54,72.73,72.54,72.66
1782496980000,72.66,72.85,72.57,72.84
1782497160000,72.84,72.95,72.79,72.87
1782497340000,72.87,73.05,72.82,73.04
1782497520000,73.04,73.07,72.9,72.92
1782497700000,72.92,72.98,72.71,72.72
1782497880000,72.72,72.75,72.63,72.73
1782498060000,72.73,72.87,72.7,72.73
1782498240000,72.73,72.77,72.63,72.64
1782498420000,72.64,72.67,72.37,72.41
1782498600000,72.41,72.56,72.34,72.56
1782498780000,72.56,72.67,72.53,72.57
1782498960000,72.57,72.59,72.44,72.48
1782499140000,72.48,72.66,72.45,72.66
1782499320000,72.66,72.71,72.55,72.68
1782499500000,72.68,72.69,72.46,72.48
1782499680000,72.48,72.48,72.37,72.41
1782499860000,72.41,72.54,72.42,72.46
1782500040000,72.46,72.58,72.44,72.57
1782500220000,72.57,72.58,72.38,72.57
1782500400000,72.57,72.66,72.45,72.63
1782500580000,72.63,72.61,72.49,72.54
1782500760000,72.54,73.12,72.53,72.96
1782500940000,72.96,73.36,72.97,73.23
1782501120000,73.23,73.29,73.13,73.19
1782501300000,73.19,73.19,73.07,73.08
1782501480000,73.08,73.24,73.06,73.22
1782501660000,73.22,73.39,73.11,73.13
1782501840000,73.13,73.27,73.11,73.24
1782502020000,73.24,73.32,73.23,73.3
1782502200000,73.3,73.85,73.3,73.78
1782502380000,73.78,73.86,73.62,73.69
1782502560000,73.69,73.7,73.53,73.54
1782502740000,73.54,73.91,73.53,73.67
1782502920000,73.67,73.79,73.65,73.67
1782503100000,73.67,73.82,73.5,73.5
1782503280000,73.5,73.51,73.24,73.32
1782503460000,73.32,73.42,73.22,73.24
1782503640000,73.24,73.29,73.17,73.19
1782503820000,73.19,73.49,73.01,73.01
1782504000000,73.01,73.65,72.95,73.41
1782504180000,73.41,73.43,73.22,73.23
1782504360000,73.23,73.31,73.17,73.28
1782504540000,73.28,73.27,72.85,72.96
1782504720000,72.96,72.99,72.67,72.74
1782504900000,72.74,72.95,72.7,72.82
1782505080000,72.82,72.89,72.79,72.86
1782505260000,72.86,72.87,72.72,72.77
1782505440000,72.77,72.88,72.73,72.83
1782505620000,72.83,73.03,72.76,73.03
1782505800000,73.03,73.06,72.6,72.63
1782505980000,72.63,72.63,72.18,72.25
1782506160000,72.25,72.38,72.08,72.37
1782506340000,72.37,72.42,72.26,72.27
1782506520000,72.27,72.31,72.18,72.22
1782506700000,72.22,72.27,72.15,72.21
1782506880000,72.21,72.42,72.15,72.42
1782507060000,72.42,72.42,72.19,72.2
1782507240000,72.2,72.26,72.16,72.2
1782507420000,72.2,72.2,72.02,72.16
1782507600000,72.16,72.21,72.11,72.12
1782507780000,72.12,72.12,71.79,71.85
1782507960000,71.85,71.92,71.79,71.91
1782508140000,71.91,72.04,71.91,71.94
1782508320000,71.94,71.97,71.85,71.97
1782508500000,71.97,71.97,71.8,71.81
1782508680000,71.81,71.93,71.79,71.92
1782508860000,71.92,72.1,71.92,72.08
1782509040000,72.08,72.07,71.97,72.03
1782509220000,72.03,72.28,72.03,72.25
1782509400000,72.25,72.37,72.22,72.34
1782509580000,72.34,72.35,72.26,72.27
1782509760000,72.27,72.28,72.13,72.13
1782509940000,72.13,72.17,71.99,72.09
1782510120000,72.09,72.27,72.1,72.2
1782510300000,72.2,72.28,72.07,72.07
1782510480000,72.07,72.11,72.03,72.06
1782510660000,72.06,72.15,72.04,72.15
1782510840000,72.15,72.21,72.01,72.08
1782511020000,72.08,72.1,71.9,71.95
1782511200000,71.95,72.07,71.92,71.97
1782511380000,71.97,72.02,71.43,71.69
1782511560000,71.69,71.71,71.54,71.62
1782511740000,71.62,71.88,71.59,71.76
1782511920000,71.76,71.77,71.68,71.72
1782512100000,71.72,71.82,71.69,71.81
1782512280000,71.81,71.86,71.73,71.74
1782512460000,71.74,71.78,71.71,71.76
1782512640000,71.76,71.76,71.64,71.66
1782512820000,71.66,71.67,71.6,71.62
1782513000000,71.62,71.65,71.46,71.58
1782513180000,71.58,71.74,71.56,71.69
1782513360000,71.69,71.78,71.63,71.74
1782513540000,71.74,71.8,71.72,71.78
1782513720000,71.78,71.86,71.76,71.82
1782513900000,71.82,71.85,71.71,71.77
1782514080000,71.77,71.85,71.72,71.85
1782514260000,71.85,71.9,71.73,71.74
1782514440000,71.74,71.88,71.73,71.87
1782514620000,71.87,71.89,71.78,71.79
1782514800000,71.79,71.89,71.78,71.81
1782514980000,71.81,71.98,71.81,71.89
1782515160000,71.89,71.9,71.77,71.81
1782515340000,71.81,71.86,71.76,71.85
1782515520000,71.85,71.9,71.82,71.89
1782515700000,71.89,71.9,71.73,71.77
1782515880000,71.77,71.77,71.69,71.71
1782516060000,71.71,71.75,71.66,71.72
1782516240000,71.72,71.84,71.72,71.77
1782516420000,71.77,71.78,71.65,71.67
1782516600000,71.67,71.79,71.65,71.76
1782516780000,71.76,71.89,71.75,71.84
1782516960000,71.84,71.89,71.82,71.83
1782517140000,71.83,71.88,71.82,71.87
1782517320000,71.87,71.99,71.87,71.91
1782517500000,71.91,71.98,71.91,71.92
1782517680000,71.92,71.95,71.9,71.91
1782517860000,71.91,71.93,71.86,71.86
1782518040000,71.86,71.92,71.86,71.91
1782518220000,71.91,71.93,71.87,71.87
1782518400000,71.87,71.94,71.86,71.94
1782518580000,71.94,72.02,71.89,72.01
1782518760000,72.01,72.47,72.01,72.41
1782518940000,72.41,72.43,72.19,72.35
1782519120000,72.35,72.43,72.28,72.35
1782519300000,72.35,72.39,72.19,72.26
1782519480000,72.26,72.34,72.17,72.18
1782519660000,72.18,72.23,72.12,72.19
1782519840000,72.19,72.2,72.07,72.1
1782520020000,72.1,72.13,72.03,72.04
1782520200000,72.04,72.04,71.66,71.75
1782520380000,71.75,71.75,71.55,71.67
1782520560000,71.67,71.71,71.59,71.69
1782520740000,71.69,71.81,71.67,71.68
1782520920000,71.68,71.72,71.6,71.68
1782521100000,71.68,71.71,71.61,71.68
1782521280000,71.68,71.85,71.67,71.82
1782521460000,71.82,71.88,71.81,71.84
1782521640000,71.84,71.87,71.77,71.79
1782521820000,71.79,71.81,71.78,71.79
1782522000000,71.79,71.79,71.63,71.66
1782522180000,71.66,71.66,71.56,71.66
1782522360000,71.66,71.68,71.62,71.68
1782522540000,71.68,71.68,71.6,71.64
1782522720000,71.64,71.69,71.63,71.63
1782522900000,71.63,71.69,71.6,71.66
1782523080000,71.66,71.74,71.65,71.69
1782523260000,71.69,71.71,71.6,71.68
1782523440000,71.68,71.73,71.67,71.71
1782523620000,71.71,71.74,71.66,71.71
1782523800000,71.71,71.71,71.49,71.5
1782523980000,71.5,71.63,71.44,71.62
1782524160000,71.62,71.62,71.51,71.53
1782524340000,71.53,71.55,71.5,71.52
1782524520000,71.52,71.6,71.52,71.53
1782524700000,71.53,71.57,71.48,71.53
1782524880000,71.53,71.63,71.52,71.62
1782525060000,71.62,71.62,71.49,71.5
1782525240000,71.5,71.5,71.31,71.37
1782525420000,71.37,71.46,71.33,71.39
1782525600000,71.39,71.44,71.35,71.42
1782525780000,71.42,71.52,71.41,71.52
1782525960000,71.52,71.56,71.48,71.54
1782526140000,71.54,71.68,71.53,71.68
1782526320000,71.68,71.82,71.66,71.82
1782526500000,71.82,71.97,71.73,71.76
1782526680000,71.76,71.95,71.74,71.93
1782526860000,71.93,72.13,71.9,72.04
1782527040000,72.04,72.15,72.03,72.15
1782527220000,72.15,72.2,72.08,72.11
1782527400000,72.11,72.11,71.87,71.98
1782527580000,71.98,72.08,71.98,72.02
1782527760000,72.02,72.03,71.92,72.02
1782527940000,72.02,72.14,72.0,72.07
1782528120000,72.07,72.09,72.02,72.04
1782528300000,72.04,72.14,72.04,72.1
1782528480000,72.1,72.1,71.98,72.07
1782528660000,72.07,72.22,72.03,72.19
1782528840000,72.19,72.22,72.13,72.18
1782529020000,72.18,72.17,72.08,72.09
1782529200000,72.09,72.18,71.95,72.08
1782529380000,72.08,72.09,71.92,71.96
1782529560000,71.96,72.0,71.82,71.87
1782529740000,71.87,71.89,71.81,71.87
1782529920000,71.87,71.91,71.81,71.83
1782530100000,71.83,71.96,71.81,71.95
1782530280000,71.95,72.15,71.92,72.15
1782530460000,72.15,72.25,72.08,72.25
1782530640000,72.25,72.36,72.17,72.23
1782530820000,72.23,72.22,72.13,72.15
1782531000000,72.15,72.18,72.0,72.08
1782531180000,72.08,72.12,72.05,72.11
1782531360000,72.11,72.22,72.06,72.22
1782531540000,72.22,72.22,72.13,72.21
1782531720000,72.21,72.3,72.21,72.27
1782531900000,72.27,72.36,72.21,72.36
1782532080000,72.36,72.36,72.23,72.25
1782532260000,72.25,72.26,72.18,72.18
1782532440000,72.18,72.32,72.15,72.27
1782532620000,72.27,72.3,72.21,72.21
1782532800000,72.21,72.27,72.2,72.26
1782532980000,72.26,72.46,72.24,72.39
1782533160000,72.39,72.46,72.32,72.39
1782533340000,72.39,72.39,72.23,72.28
1782533520000,72.28,72.39,72.27,72.34
1782533700000,72.34,72.35,72.22,72.27
1782533880000,72.27,72.35,72.27,72.3
1782534060000,72.3,72.29,72.25,72.28
1782534240000,72.28,72.57,72.28,72.48
1782534420000,72.48,72.47,72.3,72.3
1782534600000,72.3,72.31,72.25,72.26
1782534780000,72.26,72.39,72.25,72.3
1782534960000,72.3,72.3,72.19,72.25
1782535140000,72.25,72.27,72.18,72.18
1782535320000,72.18,72.21,72.14,72.21
1782535500000,72.21,72.21,72.08,72.12
1782535680000,72.12,72.12,72.01,72.02
1782535860000,72.02,72.04,71.98,72.0
1782536040000,72.0,72.0,71.86,71.91
1782536220000,71.91,71.92,71.86,71.89
1782536400000,71.89,71.94,71.87,71.93
1782536580000,71.93,71.93,71.76,71.84
1782536760000,71.84,71.87,71.78,71.87
1782536940000,71.87,71.97,71.87,71.95
1782537120000,71.95,71.99,71.94,71.97
1782537300000,71.97,71.97,71.79,71.9
1782537480000,71.9,71.95,71.88,71.95
1782537660000,71.95,71.97,71.91,71.94
1782537840000,71.94,71.99,71.89,71.93
1782538020000,71.93,71.99,71.49,71.55
1782538200000,71.55,71.67,71.55,71.65
1782538380000,71.65,71.71,71.65,71.68
1782538560000,71.68,71.75,71.68,71.71
1782538740000,71.71,71.74,71.68,71.69
1782538920000,71.69,71.71,71.67,71.69
1782539100000,71.69,71.78,71.64,71.77
1782539280000,71.77,71.79,71.67,71.72
1782539460000,71.72,71.83,71.71,71.75
1782539640000,71.75,71.76,71.71,71.73
1782539820000,71.73,71.81,71.72,71.77
1782540000000,71.77,71.8,71.66,71.67
1782540180000,71.67,71.78,71.68,71.77
1782540360000,71.77,71.8,71.76,71.78
1782540540000,71.78,71.78,71.65,71.65
1782540720000,71.65,71.68,71.58,71.67
1782540900000,71.67,71.71,71.62,71.69
1782541080000,71.69,71.85,71.68,71.82
1782541260000,71.82,71.85,71.79,71.82
1782541440000,71.82,71.88,71.83,71.85
1782541620000,71.85,71.9,71.85,71.87
1782541800000,71.87,72.15,71.86,72.09
1782541980000,72.09,72.15,72.04,72.06
1782542160000,72.06,72.08,71.98,72.01
1782542340000,72.01,72.28,71.97,72.21
1782542520000,72.21,72.21,72.17,72.19
1782542700000,72.19,72.27,72.18,72.22
1782542880000,72.22,72.29,72.22,72.22
1782543060000,72.22,72.22,72.01,72.11
1782543240000,72.11,72.14,72.09,72.12
1782543420000,72.12,72.12,72.06,72.08
1782543600000,72.08,72.12,72.05,72.07
1782543780000,72.07,72.07,72.0,72.07
1782543960000,72.07,72.07,71.98,72.02
1782544140000,72.02,72.03,71.97,71.98
1782544320000,71.98,72.03,71.98,72.02
1782544500000,72.02,72.06,72.0,72.03
1782544680000,72.03,72.07,72.01,72.06
1782544860000,72.06,72.22,72.03,72.21
1782545040000,72.21,72.21,72.11,72.12
1782545220000,72.12,72.16,72.09,72.09
1782545400000,72.09,72.11,72.01,72.01
1782545580000,72.01,72.06,72.01,72.02
1782545760000,72.02,72.03,71.98,72.01
1782545940000,72.01,72.06,72.01,72.05
1782546120000,72.05,72.11,72.04,72.06
1782546300000,72.06,72.18,72.06,72.12
1782546480000,72.12,72.2,72.11,72.2
1782546660000,72.2,72.23,72.15,72.18
1782546840000,72.18,72.33,72.16,72.29
1782547020000,72.29,72.3,72.22,72.27
1782547200000,72.27,72.28,72.16,72.16
1782547380000,72.16,72.21,72.16,72.2
1782547560000,72.2,72.29,72.16,72.23
1782547740000,72.22,72.24,72.15,72.17
1782547920000,72.17,72.26,72.15,72.25
1782548100000,72.25,72.29,72.17,72.17
1782548280000,72.18,72.18,72.03,72.13
1782548460000,72.13,72.17,72.1,72.17
1782548640000,72.17,72.25,72.15,72.19
1782548820000,72.2,72.24,72.09,72.15
1782549000000,72.17,72.17,72.13,72.14
1782549180000,72.14,72.16,72.13,72.16
1782549360000,72.16,72.16,71.99,72.01
1782549540000,72.01,72.01,71.94,71.98
1782549720000,71.97,71.99,71.84,71.89
1782549900000,71.89,71.92,71.87,71.89
1782550080000,71.89,71.94,71.88,71.92
1782550260000,71.92,72.09,71.92,72.04
1782550440000,72.04,72.11,71.96,71.99
1782550620000,71.99,72.01,71.98,72.0
1782550800000,72.0,72.02,71.9,71.92
1782550980000,71.92,72.02,71.92,72.02
1782551160000,72.02,72.07,72.02,72.02
1782551340000,72.02,72.07,71.76,71.76
1782551520000,71.77,71.8,71.76,71.76
1782551700000,71.76,71.76,71.67,71.73
1782551880000,71.73,71.75,71.7,71.75
1782552060000,71.75,71.75,71.7,71.72
1782552240000,71.72,71.76,71.71,71.76
1782552420000,71.76,71.79,71.75,71.76
1782552600000,71.76,71.86,71.75,71.86
1782552780000,71.86,71.86,71.77,71.77
1782552960000,71.77,71.79,71.74,71.78
1782553140000,71.78,71.79,71.73,71.77
1782553320000,71.78,71.79,71.7,71.71
1782553500000,71.71,71.76,71.7,71.73
1782553680000,71.73,71.76,71.72,71.74
1782553860000,71.74,71.77,71.72,71.73
1782554040000,71.73,71.78,71.72,71.77
1782554220000,71.77,71.86,71.78,71.83
1782554400000,71.83,71.89,71.79,71.8
1782554580000,71.81,71.86,71.79,71.86
1782554760000,71.86,71.87,71.83,71.86
1782554940000,71.86,71.89,71.84,71.88
1782555120000,71.88,71.91,71.85,71.86
1782555300000,71.86,71.86,71.82,71.86
1782555480000,71.86,71.93,71.82,71.91
1782555660000,71.92,72.01,71.89,72.01
1782555840000,72.01,72.01,71.96,71.99
1782556020000,72.0,72.0,71.89,71.93
1782556200000,71.93,71.93,71.82,71.85
1782556380000,71.85,71.9,71.85,71.89
1782556560000,71.89,72.01,71.89,71.97
1782556740000,71.97,72.01,71.94,71.98
1782556920000,71.98,72.0,71.82,71.89
1782557100000,71.89,71.94,71.88,71.94
1782557280000,71.94,71.98,71.9,71.91
1782557460000,71.92,71.94,71.9,71.93
1782557640000,71.92,71.99,71.9,71.99
1782557820000,71.99,72.0,71.98,71.99
1782558000000,71.99,72.02,71.96,72.01
1782558180000,72.01,72.04,71.85,71.86
1782558360000,71.86,71.89,71.83,71.84
1782558540000,71.84,71.88,71.83,71.85
1782558720000,71.85,71.9,71.84,71.85
1782558900000,71.85,71.85,71.65,71.68
1782559080000,71.68,71.68,71.58,71.68
1782559260000,71.68,71.74,71.68,71.73
1782559440000,71.73,71.77,71.69,71.69
1782559620000,71.69,71.69,71.49,71.58
1782559800000,71.58,71.64,71.56,71.64
1782559980000,71.64,71.66,71.57,71.59
1782560160000,71.6,71.63,71.49,71.54
1782560340000,71.54,71.61,71.54,71.61
1782560520000,71.61,71.67,71.59,71.65
1782560700000,71.66,71.87,71.65,71.82
1782560880000,71.82,71.87,71.76,71.76
1782561060000,71.76,71.77,71.73,71.76
1782561240000,71.76,71.8,71.74,71.75
1782561420000,71.73,71.8,71.73,71.77
1782561600000,71.76,71.84,71.73,71.76
1782561780000,71.76,71.78,71.73,71.74
1782561960000,71.74,71.74,71.65,71.67
1782562140000,71.67,71.72,71.6,71.64
1782562320000,71.64,71.68,71.64,71.68
1782562500000,71.68,71.76,71.66,71.76
1782562680000,71.76,71.82,71.75,71.81
1782562860000,71.81,71.87,71.79,71.8
1782563040000,71.8,71.83,71.76,71.76
1782563220000,71.76,71.8,71.74,71.8
1782563400000,71.8,71.87,71.79,71.83
1782563580000,71.83,71.85,71.73,71.84
1782563760000,71.84,71.87,71.79,71.81
1782563940000,71.81,71.81,71.72,71.73
1782564120000,71.73,71.8,71.71,71.79
1782564300000,71.79,71.87,71.75,71.85
1782564480000,71.84,71.93,71.84,71.92
1782564660000,71.93,72.02,71.91,72.02
1782564840000,72.01,72.14,72.0,72.07
1782565020000,72.07,72.14,72.06,72.13
1782565200000,72.13,72.14,72.08,72.11
1782565380000,72.1,72.29,72.08,72.2
1782565560000,72.2,72.19,72.14,72.15
1782565740000,72.15,72.23,72.15,72.23
1782565920000,72.23,72.24,72.18,72.21
1782566100000,72.21,72.21,72.13,72.16
1782566280000,72.16,72.29,72.15,72.29
1782566460000,72.29,72.31,72.21,72.23
1782566640000,72.29,72.33,72.21,72.31
1782566820000,72.31,72.43,72.29,72.36
1782567000000,72.36,72.36,72.31,72.32
1782567180000,72.32,72.33,72.27,72.29
1782567360000,72.29,72.57,72.28,72.48
1782567540000,72.48,72.54,72.39,72.42
1782567720000,72.42,72.44,72.39,72.44
1782567900000,72.44,72.49,72.39,72.41
1782568080000,72.41,72.41,72.27,72.29
1782568260000,72.29,72.42,72.27,72.37
1782568440000,72.37,72.37,72.31,72.32
1782568620000,72.32,72.34,72.27,72.31
1782568800000,72.31,72.32,72.16,72.22
1782568980000,72.22,72.26,72.2,72.22
1782569160000,72.22,72.35,72.21,72.32
1782569340000,72.32,72.4,72.32,72.36
1782569520000,72.36,72.68,72.34,72.59
1782569700000,72.59,72.58,72.48,72.54
1782569880000,72.52,72.58,72.51,72.55
1782570060000,72.55,72.64,72.52,72.64
1782570240000,72.64,72.8,72.6,72.78
1782570420000,72.78,72.78,72.62,72.66
1782570600000,72.66,72.79,72.66,72.77
1782570780000,72.77,72.77,72.66,72.66
1782570960000,72.66,72.67,72.55,72.66
1782571140000,72.66,72.82,72.55,72.81
1782571320000,72.82,72.84,72.75,72.79
1782571500000,72.79,72.87,72.77,72.79
1782571680000,72.81,72.83,72.7,72.72
1782571860000,72.71,72.73,72.68,72.69
1782572040000,72.69,72.7,72.63,72.67
1782572220000,72.67,72.69,72.64,72.68
1782572400000,72.68,72.71,72.6,72.69
1782572580000,72.69,72.69,72.58,72.68
1782572760000,72.68,72.85,72.68,72.83
1782572940000,72.83,73.13,72.81,73.08
1782573120000,73.08,73.15,72.98,72.99
1782573300000,73.0,73.0,72.85,72.87
1782573480000,72.87,72.9,72.83,72.86
1782573660000,72.86,72.88,72.79,72.88
1782573840000,72.88,72.95,72.84,72.88
1782574020000,72.87,72.94,72.83,72.86
1782574200000,72.86,72.89,72.77,72.77
1782574380000,72.78,72.88,72.76,72.77
1782574560000,72.77,73.01,72.77,73.01
1782574740000,73.01,73.04,72.95,72.99
1782574920000,73.0,73.02,72.97,72.98
1782575100000,72.98,72.98,72.82,72.89
1782575280000,72.89,72.92,72.82,72.84
1782575460000,72.84,72.85,72.74,72.76
1782575640000,72.76,72.79,72.69,72.77
1782575820000,72.78,72.8,72.75,72.8
1782576000000,72.8,72.82,72.65,72.73
1782576180000,72.73,72.78,72.69,72.71
1782576360000,72.7,72.98,72.7,72.9
1782576540000,72.89,72.92,72.8,72.8
1782576720000,72.8,72.8,72.7,72.71
1782576900000,72.71,72.72,72.65,72.69
1782577080000,72.69,72.71,72.6,72.71
1782577260000,72.71,72.74,72.68,72.68
1782577440000,72.68,72.73,72.62,72.67
1782577620000,72.67,72.83,72.68,72.79
1782577800000,72.79,72.8,72.66,72.71
1782577980000,72.71,72.75,72.65,72.65
1782578160000,72.65,72.7,72.63,72.69
1782578340000,72.69,72.81,72.69,72.79
1782578520000,72.79,72.79,72.71,72.72
1782578700000,72.72,72.73,72.62,72.69
1782578880000,72.7,72.82,72.7,72.74
1782579060000,72.74,72.8,72.71,72.72
1782579240000,72.72,72.74,72.61,72.64
1782579420000,72.65,72.69,72.61,72.62
1782579600000,72.62,72.62,72.13,72.13
1782579780000,72.12,72.24,71.85,72.08
1782579960000,72.08,72.16,72.03,72.13
1782580140000,72.13,72.16,71.99,72.16
1782580320000,72.16,72.21,72.13,72.17
1782580500000,72.18,72.25,72.0,72.16
1782580680000,72.15,72.25,72.15,72.25
1782580860000,72.25,72.27,72.15,72.21
1782581040000,72.21,72.28,72.13,72.16
1782581220000,72.15,72.24,72.14,72.24
1782581400000,72.24,72.27,72.11,72.24
1782581580000,72.24,72.27,72.09,72.23
1782581760000,72.23,72.43,72.18,72.27
1782581940000,72.23,72.43,72.17,72.18
1782582120000,72.18,72.24,72.17,72.22
1782582300000,72.22,72.26,72.14,72.15
1782582480000,72.15,72.21,72.14,72.17
1782582660000,72.17,72.24,72.16,72.24
1782582840000,72.24,72.24,72.13,72.14
1782583020000,72.14,72.16,72.0,72.01
1782583200000,72.01,72.02,71.89,71.92
1782583380000,71.92,72.01,71.9,71.99
1782583560000,71.99,72.11,71.92,72.11
1782583740000,72.11,72.14,72.08,72.1
1782583920000,72.1,72.09,71.99,72.01
1782584100000,72.01,72.12,72.0,72.09
1782584280000,72.01,72.12,72.0,72.02
1782584460000,72.02,72.02,71.77,71.86
1782584640000,71.86,71.87,71.72,71.74
1782584820000,71.73,71.92,71.71,71.85
1782585000000,71.86,71.94,71.83,71.93
1782585180000,71.93,71.99,71.89,71.99
1782585360000,72.0,72.0,71.92,71.97
1782585540000,71.97,71.97,71.88,71.92
1782585720000,71.92,71.92,71.87,71.92
1782585900000,71.92,71.92,71.88,71.89
1782586080000,71.89,71.9,71.83,71.87
1782586260000,71.87,71.91,71.85,71.88
1782586440000,71.88,71.94,71.89,71.92
1782586620000,71.92,71.93,71.85,71.87
1782586800000,71.92,71.96,71.84,71.95
1782586980000,71.95,71.96,71.9,71.9
1782587160000,71.9,71.9,71.83,71.88
1782587340000,71.89,71.93,71.86,71.91
1782587520000,71.91,71.91,71.86,71.87
1782587700000,71.87,71.87,71.69,71.71
1782587880000,71.71,71.74,71.58,71.67
1782588060000,71.67,71.67,71.61,71.62
1782588240000,71.63,71.68,71.01,71.12
1782588420000,71.11,71.29,71.07,71.28
1782588600000,71.28,71.28,70.92,71.04
1782588780000,71.04,71.13,71.02,71.13
1782588960000,71.13,71.14,70.9,71.02
1782589140000,71.13,71.14,70.9,71.08
1782589320000,71.08,71.15,71.04,71.11
1782589500000,71.11,71.19,71.08,71.12
1782589680000,71.12,71.21,71.06,71.13
1782589860000,71.13,71.16,71.12,71.16
1782590040000,71.15,71.19,71.01,71.08
1782590220000,71.08,71.12,71.0,71.06
1782590400000,71.06,71.14,71.04,71.12
1782590580000,71.12,71.22,71.09,71.17
1782590760000,71.17,71.21,71.16,71.21
1782590940000,71.21,71.24,71.19,71.22
1782591120000,71.22,71.22,71.16,71.19
1782591300000,71.19,71.28,71.17,71.23
1782591480000,71.24,71.25,71.13,71.21
1782591660000,71.21,71.22,71.16,71.2
1782591840000,71.19,71.2,71.13,71.19
1782592020000,71.19,71.22,71.18,71.2
1782592200000,71.2,71.24,71.17,71.19
1782592380000,71.19,71.24,71.2,71.24
1782592560000,71.24,71.24,71.19,71.21
1782592740000,71.21,71.22,71.17,71.18
1782592920000,71.18,71.19,71.13,71.14
1782593100000,71.14,71.31,71.13,71.3
1782593280000,71.14,71.31,71.13,71.23
1782593460000,71.23,71.24,71.18,71.19
1782593640000,71.19,71.2,71.18,71.18
1782593820000,71.18,71.25,71.17,71.25
1782594000000,71.27,71.39,71.28,71.33
1782594180000,71.34,71.38,71.28,71.38
1782594360000,71.38,71.47,71.38,71.43
1782594540000,71.43,71.46,71.41,71.44
1782594720000,71.43,71.48,71.33,71.46
1782594900000,71.48,71.48,71.41,71.43
1782595080000,71.43,71.45,71.36,71.45
1782595260000,71.45,71.54,71.45,71.5
1782595440000,71.48,71.48,71.42,71.48
1782595620000,71.48,71.53,71.47,71.53
1782595800000,71.53,71.58,71.47,71.58
1782595980000,71.58,71.59,71.44,71.44
1782596160000,71.44,71.48,71.36,71.41
1782596340000,71.41,71.41,71.09,71.16
1782596520000,71.16,71.17,70.98,71.02
1782596700000,71.02,71.09,70.99,71.04
1782596880000,71.05,71.13,70.92,70.94
1782597060000,70.93,70.97,70.77,70.94
1782597240000,70.94,70.98,70.85,70.89
1782597420000,70.94,70.98,70.85,70.95
1782597600000,70.95,70.95,70.61,70.67
1782597780000,70.63,70.76,70.63,70.69
1782597960000,70.7,70.81,70.7,70.77
1782598140000,70.77,70.83,70.67,70.81
1782598320000,70.81,70.82,70.73,70.76
1782598500000,70.76,70.76,70.21,70.45
1782598680000,70.45,70.56,70.44,70.54
1782598860000,70.54,70.6,70.46,70.54
1782599040000,70.54,70.59,70.51,70.59
1782599220000,70.59,70.73,70.55,70.69
1782599400000,70.69,70.88,70.66,70.82
1782599580000,70.82,70.95,70.77,70.91
1782599760000,70.82,71.02,70.77,71.0
1782599940000,71.0,71.0,70.91,70.93
1782600120000,70.92,70.93,70.86,70.87
1782600300000,70.88,70.88,70.8,70.81
1782600480000,70.81,70.97,70.78,70.96
1782600660000,70.96,70.99,70.94,70.94
1782600840000,70.95,71.04,70.94,71.04
1782601020000,71.03,71.06,71.02,71.05
1782601200000,71.05,71.08,71.0,71.07
1782601380000,71.07,71.06,70.99,71.04
1782601560000,71.04,71.13,71.01,71.01
1782601740000,71.01,71.03,70.96,71.01
1782601920000,71.01,71.02,70.56,70.57
1782602100000,70.57,70.67,70.5,70.56
1782602280000,70.58,70.64,70.56,70.6
1782602460000,70.58,70.58,70.39,70.46
1782602640000,70.46,70.52,70.45,70.47
1782602820000,70.48,70.52,70.4,70.47
1782603000000,70.46,70.51,70.41,70.47
1782603180000,70.47,70.6,70.48,70.55
1782603360000,70.55,70.6,70.49,70.59
1782603540000,70.6,70.65,70.58,70.64
1782603720000,70.64,70.64,70.57,70.59
1782603900000,70.59,70.59,70.52,70.52
1782604080000,70.52,70.58,70.5,70.57
1782604260000,70.52,70.58,70.5,70.5
1782604440000,70.5,70.56,70.47,70.48
1782604620000,70.48,70.48,70.43,70.47
1782604800000,70.47,70.55,70.43,70.43
1782604980000,70.44,70.51,70.44,70.49
1782605160000,70.49,70.6,70.49,70.59
1782605340000,70.61,70.63,70.53,70.56
1782605520000,70.56,70.61,70.53,70.61
1782605700000,70.61,70.64,70.58,70.64
1782605880000,70.64,70.73,70.64,70.68
1782606060000,70.68,70.71,70.62,70.63
1782606240000,70.63,70.65,70.57,70.64
1782606420000,70.63,70.74,70.57,70.74
1782606600000,70.74,70.74,70.6,70.63
1782606780000,70.63,70.66,70.59,70.59
1782606960000,70.59,70.7,70.53,70.69
1782607140000,70.69,70.69,70.63,70.66
1782607320000,70.66,70.72,70.65,70.72
1782607500000,70.72,70.78,70.67,70.67
1782607680000,70.67,70.71,70.62,70.66
1782607860000,70.66,70.66,70.56,70.61
1782608040000,70.61,70.67,70.61,70.67
1782608220000,70.67,70.73,70.66,70.68
1782608400000,70.68,70.69,70.62,70.62
1782608580000,70.62,70.62,70.41,70.44
1782608760000,70.45,70.54,70.41,70.53
1782608940000,70.54,70.54,70.46,70.48
1782609120000,70.49,70.56,70.47,70.56
1782609300000,70.56,70.64,70.51,70.64
1782609480000,70.64,70.66,70.58,70.63
1782609660000,70.64,70.73,70.64,70.69
1782609840000,70.69,70.78,70.68,70.76
1782610020000,70.76,70.78,70.69,70.74
1782610200000,70.73,70.75,70.71,70.75
1782610380000,70.75,70.83,70.74,70.83
1782610560000,70.83,70.83,70.76,70.79
1782610740000,70.79,70.82,70.76,70.81
1782610920000,70.82,70.86,70.8,70.85
1782611100000,70.85,70.85,70.77,70.83
1782611280000,70.85,70.89,70.77,70.89
1782611460000,70.89,70.89,70.85,70.87
1782611640000,70.87,70.87,70.78,70.81
1782611820000,70.81,70.83,70.77,70.79
1782612000000,70.79,70.95,70.79,70.94
1782612180000,70.94,70.98,70.91,70.92
1782612360000,70.91,70.92,70.85,70.87
1782612540000,70.87,70.91,70.86,70.91
1782612720000,70.91,70.96,70.9,70.93
1782612900000,70.93,70.97,70.88,70.93
1782613080000,70.93,70.93,70.76,70.78
1782613260000,70.78,70.79,70.46,70.46
1782613440000,70.46,70.53,70.45,70.47
1782613620000,70.48,70.75,70.47,70.65
1782613800000,70.66,70.7,70.65,70.67
1782613980000,70.67,70.71,70.64,70.71
1782614160000,70.7,70.76,70.69,70.75
1782614340000,70.76,70.79,70.67,70.68
1782614520000,70.68,70.71,70.66,70.69
1782614700000,70.69,70.74,70.68,70.72
1782614880000,70.71,70.72,70.63,70.72
1782615060000,70.73,70.77,70.72,70.74
1782615240000,70.74,70.76,70.72,70.73
1782615420000,70.72,70.75,70.67,70.67
1782615600000,70.67,70.91,70.67,70.91
1782615780000,70.91,70.89,70.8,70.81
1782615960000,70.81,70.81,70.77,70.77
1782616140000,70.78,70.91,70.76,70.89
1782616320000,70.89,70.93,70.88,70.89
1782616500000,70.89,70.89,70.78,70.81
1782616680000,70.82,70.88,70.8,70.85
1782616860000,70.85,70.87,70.8,70.81
1782617040000,70.81,70.81,70.77,70.79
1782617220000,70.78,70.81,70.77,70.8
1782617400000,70.8,70.89,70.77,70.8
1782617580000,70.8,70.85,70.8,70.8
1782617760000,70.81,70.84,70.8,70.81
1782617940000,70.81,70.82,70.8,70.82
1782618120000,70.82,70.83,70.81,70.82
1782618300000,70.82,70.86,70.81,70.86
1782618480000,70.86,70.9,70.86,70.88
1782618660000,70.88,70.89,70.8,70.81
1782618840000,70.81,70.84,70.75,70.78
1782619020000,70.76,70.86,70.76,70.83
1782619200000,70.83,70.85,70.73,70.73
1782619380000,70.74,70.83,70.75,70.79
1782619560000,70.79,70.83,70.78,70.83
1782619740000,70.83,70.83,70.73,70.73
1782619920000,70.73,70.77,70.73,70.76
1782620100000,70.75,70.78,70.7,70.7
1782620280000,70.69,70.73,70.68,70.71
1782620460000,70.71,70.79,70.7,70.76
1782620640000,70.76,70.79,70.75,70.79
1782620820000,70.79,70.81,70.69,70.7
1782621000000,70.69,70.69,70.52,70.54
1782621180000,70.54,70.62,70.52,70.62
1782621360000,70.62,70.75,70.62,70.74
1782621540000,70.74,70.82,70.72,70.77
1782621720000,70.76,70.86,70.77,70.84
1782621900000,70.84,70.92,70.84,70.91
1782622080000,70.91,70.96,70.87,70.89
1782622260000,70.89,70.89,70.83,70.84
1782622440000,70.84,70.84,70.75,70.76
1782622620000,70.76,70.76,70.72,70.73
1782622800000,70.73,70.73,70.59,70.65
1782622980000,70.64,70.65,70.41,70.45
1782623160000,70.45,70.56,70.45,70.54
1782623340000,70.54,70.59,70.52,70.55
1782623520000,70.55,70.55,70.51,70.52
1782623700000,70.51,70.56,70.45,70.55
1782623880000,70.55,70.61,70.53,70.58
1782624060000,70.58,70.58,70.46,70.48
1782624240000,70.48,70.51,70.21,70.29
1782624420000,70.29,70.34,70.13,70.22
1782624600000,70.21,70.28,70.11,70.27
1782624780000,70.27,70.39,70.27,70.39
1782624960000,70.39,70.44,70.36,70.43
1782625140000,70.43,70.43,70.38,70.38
1782625320000,70.38,70.41,70.37,70.39
1782625500000,70.39,70.43,70.37,70.38
1782625680000,70.39,70.4,70.36,70.39
1782625860000,70.39,70.41,70.36,70.38
1782626040000,70.39,70.53,70.38,70.52
1782626220000,70.52,70.53,70.46,70.5
1782626400000,70.5,70.54,70.49,70.53
1782626580000,70.53,70.54,70.41,70.43
1782626760000,70.43,70.48,70.39,70.48
1782626940000,70.48,70.51,70.35,70.36
1782627120000,70.36,70.37,70.15,70.17
1782627300000,70.17,70.27,70.14,70.21
1782627480000,70.21,70.43,70.2,70.43
1782627660000,70.42,70.43,70.36,70.37
1782627840000,70.37,70.39,70.33,70.34
1782628020000,70.34,70.4,70.34,70.38
1782628200000,70.39,70.48,70.38,70.47
1782628380000,70.47,70.5,70.45,70.46
1782628560000,70.46,70.46,70.41,70.43
1782628740000,70.43,70.49,70.4,70.46
1782628920000,70.46,70.48,70.41,70.42
1782629100000,70.42,70.43,70.35,70.41
1782629280000,70.41,70.48,70.4,70.47
1782629460000,70.41,70.5,70.4,70.49
1782629640000,70.5,70.5,70.41,70.44
1782629820000,70.44,70.46,70.4,70.41
1782630000000,70.4,70.85,70.4,70.76
1782630180000,70.73,70.76,70.63,70.63
1782630360000,70.64,70.71,70.63,70.66
1782630540000,70.66,70.72,70.62,70.69
1782630720000,70.7,70.75,70.69,70.75
1782630900000,70.75,70.75,70.72,70.73
1782631080000,70.73,70.75,70.71,70.73
1782631260000,70.74,70.75,70.71,70.74
1782631440000,70.74,70.75,70.62,70.67
1782631620000,70.74,70.75,70.62,70.64
1782631800000,70.65,70.69,70.63,70.65
1782631980000,70.65,70.75,70.65,70.72
1782632160000,70.71,70.92,70.7,70.83
1782632340000,70.83,70.9,70.82,70.86
1782632520000,70.86,70.85,70.8,70.83
1782632700000,70.83,70.95,70.8,70.94
1782632880000,70.94,71.06,70.92,70.98
1782633060000,70.98,70.98,70.91,70.91
1782633240000,70.91,70.97,70.9,70.94
1782633420000,70.94,71.06,70.94,71.04
1782633600000,71.04,71.28,71.02,71.2
1782633780000,71.2,71.22,71.11,71.11
1782633960000,71.2,71.22,71.09,71.12
1782634140000,71.11,71.12,71.05,71.08
1782634320000,71.07,71.1,71.05,71.09
1782634500000,71.09,71.24,71.08,71.17
1782634680000,71.17,71.2,71.11,71.2
1782634860000,71.19,71.27,71.15,71.18
1782635040000,71.18,71.21,71.15,71.19
1782635220000,71.19,71.2,71.16,71.19
1782635400000,71.19,71.27,71.18,71.25
1782635580000,71.25,71.34,71.25,71.33
1782635760000,71.34,71.88,71.34,71.88
1782635940000,71.87,72.15,71.69,71.89
1782636120000,71.89,72.16,71.89,72.04
1782636300000,72.05,72.15,71.96,71.97
1782636480000,71.97,72.01,71.91,71.94
1782636660000,71.94,71.93,71.84,71.88
1782636840000,71.88,71.92,71.83,71.9
1782637020000,71.88,71.95,71.87,71.88
1782637200000,71.86,71.91,71.66,71.77
1782637380000,71.78,71.78,71.62,71.76
1782637560000,71.76,71.82,71.7,71.76
1782637740000,71.76,71.91,71.73,71.78
1782637920000,71.78,71.79,71.68,71.71
1782638100000,71.71,71.78,71.71,71.72
1782638280000,71.72,71.76,71.71,71.72
1782638460000,71.71,71.73,71.66,71.72
1782638640000,71.72,71.75,71.68,71.74
1782638820000,71.75,71.76,71.69,71.73
1782639000000,71.73,71.74,71.68,71.69
1782639180000,71.69,71.84,71.69,71.83
1782639360000,71.83,71.83,71.73,71.8
1782639540000,71.8,71.83,71.77,71.82
1782639720000,71.82,71.98,71.81,71.94
1782639900000,71.94,72.01,71.84,71.84
1782640080000,71.84,71.84,71.66,71.67
1782640260000,71.67,71.69,71.48,71.54
1782640440000,71.54,71.61,71.45,71.46
1782640620000,71.46,71.55,71.44,71.49
1782640800000,71.49,71.57,71.49,71.52
1782640980000,71.52,71.53,71.26,71.32
1782641160000,71.33,71.38,71.31,71.31
1782641340000,71.31,71.38,71.3,71.37
1782641520000,71.37,71.51,71.37,71.51
1782641700000,71.48,71.55,71.43,71.54
1782641880000,71.54,71.55,71.31,71.31
1782642060000,71.32,71.34,71.26,71.29
1782642240000,71.29,71.32,71.06,71.16
1782642420000,71.16,71.19,71.14,71.15
1782642600000,71.15,71.29,71.15,71.29
1782642780000,71.29,71.29,71.23,71.28
1782642960000,71.28,71.3,71.22,71.23
1782643140000,71.23,71.41,71.22,71.35
1782643320000,71.23,71.41,71.22,71.37
1782643500000,71.36,71.41,71.34,71.4
1782643680000,71.41,71.44,71.34,71.44
1782643860000,71.44,71.45,71.34,71.38
1782644040000,71.39,71.43,71.39,71.41
1782644220000,71.41,71.43,71.4,71.43
1782644400000,71.43,71.75,71.43,71.74
1782644580000,71.73,71.75,71.58,71.61
1782644760000,71.61,71.63,71.49,71.53
1782644940000,71.53,71.54,71.43,71.47
1782645120000,71.47,71.5,71.47,71.48
1782645300000,71.48,71.52,71.37,71.43
1782645480000,71.48,71.61,71.37,71.6
1782645660000,71.61,71.92,71.61,71.82
1782645840000,71.83,71.89,71.77,71.86
1782646020000,71.86,71.88,71.84,71.84
1782646200000,71.84,71.86,71.78,71.83
1782646380000,71.83,71.83,71.71,71.71
1782646560000,71.71,71.73,71.58,71.67
1782646740000,71.67,71.83,71.67,71.82
1782646920000,71.82,71.9,71.8,71.88
1782647100000,71.88,71.95,71.79,71.84
1782647280000,71.84,71.85,71.77,71.79
1782647460000,71.8,71.95,71.79,71.94
1782647640000,71.94,72.0,71.89,71.92
1782647820000,71.91,71.91,71.84,71.87
1782648000000,71.88,71.89,71.8,71.81
1782648180000,71.8,71.83,71.75,71.82
1782648360000,71.82,71.95,71.82,71.84
1782648540000,71.82,71.86,71.8,71.85
1782648720000,71.85,71.85,71.73,71.84
1782648900000,71.83,71.89,71.6,71.62
1782649080000,71.61,71.71,71.61,71.65
1782649260000,71.65,71.72,71.65,71.71
1782649440000,71.71,71.71,71.67,71.69
1782649620000,71.71,72.08,71.67,72.07
1782649800000,72.07,72.38,72.01,72.02
1782649980000,72.03,72.07,71.86,71.96
1782650160000,71.95,71.96,71.81,71.81
1782650340000,71.82,71.87,71.73,71.74
1782650520000,71.73,71.78,71.71,71.77
1782650700000,71.76,71.87,71.75,71.81
1782650880000,71.81,71.86,71.78,71.86
1782651060000,71.86,71.92,71.82,71.89
1782651240000,71.89,71.89,71.81,71.89
1782651420000,71.89,71.89,71.82,71.84
1782651600000,71.84,71.84,71.46,71.46
1782651780000,71.84,71.84,71.28,71.33
1782651960000,71.34,71.49,71.32,71.39
1782652140000,71.39,71.44,71.35,71.44
1782652320000,71.44,71.61,71.45,71.57
1782652500000,71.56,71.61,71.49,71.49
1782652680000,71.49,71.55,71.46,71.53
1782652860000,71.54,71.65,71.54,71.61
1782653040000,71.61,71.7,71.6,71.62
1782653220000,71.62,71.65,71.57,71.65
1782653400000,71.64,71.86,71.57,71.79
1782653580000,71.79,71.83,71.74,71.75
1782653760000,71.75,71.87,71.73,71.87
1782653940000,71.87,71.89,71.74,71.84
1782654120000,71.87,72.07,71.74,72.03
1782654300000,72.02,72.07,71.95,72.02
1782654480000,72.02,72.05,71.87,71.89
1782654660000,71.89,71.92,71.8,71.87
1782654840000,71.87,71.87,71.74,71.75
1782655020000,71.75,71.76,71.63,71.7
1782655200000,71.7,71.81,71.71,71.76
1782655380000,71.76,71.87,71.66,71.73
1782655560000,71.72,71.89,71.71,71.85
1782655740000,71.85,71.96,71.85,71.92
1782655920000,71.92,71.94,71.84,71.92
1782656100000,71.92,71.92,71.82,71.82
1782656280000,71.82,72.16,71.79,72.0
1782656460000,72.0,72.05,71.8,71.9
1782656640000,71.89,71.91,71.74,71.77
1782656820000,71.76,71.87,71.76,71.83
1782657000000,71.83,71.87,71.77,71.81
1782657180000,71.82,71.94,71.81,71.85
1782657360000,71.84,71.88,71.72,71.77
1782657540000,71.77,71.84,71.76,71.83
1782657720000,71.83,71.84,71.73,71.84
1782657900000,71.84,71.87,71.75,71.87
1782658080000,71.87,72.0,71.78,71.79
1782658260000,71.79,71.86,71.77,71.77
1782658440000,71.79,71.86,71.67,71.69
1782658620000,71.69,71.7,71.61,71.61
1782658800000,71.61,71.75,71.6,71.74
1782658980000,71.74,71.85,71.74,71.8
1782659160000,71.81,71.87,71.62,71.63
1782659340000,71.59,71.59,71.4,71.54
1782659520000,71.53,71.79,71.53,71.76
1782659700000,71.76,71.82,71.62,71.74
1782659880000,71.73,71.97,71.73,71.82
1782660060000,71.82,71.84,71.77,71.77
1782660240000,71.77,71.9,71.77,71.83
1782660420000,71.83,71.84,71.76,71.79
1782660600000,71.78,71.88,71.73,71.87
1782660780000,71.78,72.08,71.73,71.89
1782660960000,71.89,71.89,71.68,71.75
1782661140000,71.75,71.8,71.71,71.73
1782661320000,71.73,71.89,71.73,71.85
1782661500000,71.85,71.85,71.7,71.72
1782661680000,71.72,71.81,71.68,71.81
1782661860000,71.82,71.98,71.7,71.7
1782662040000,71.7,71.85,71.68,71.83
1782662220000,71.83,72.05,71.83,72.04
1782662400000,72.05,72.08,71.9,72.02
1782662580000,72.01,72.05,71.93,72.05
1782662760000,72.05,72.07,71.97,72.02
1782662940000,72.02,72.02,71.73,71.88
1782663120000,72.02,72.02,71.73,71.85
1782663300000,71.85,71.95,71.76,71.94
1782663480000,71.94,71.98,71.84,71.85
1782663660000,71.85,71.93,71.77,71.77
1782663840000,71.77,71.77,71.39,71.46
1782664020000,71.46,71.53,71.37,71.53
1782664200000,71.54,71.57,71.27,71.33
1782664380000,71.33,71.35,71.11,71.25
1782664560000,71.25,71.29,71.16,71.19
1782664740000,71.19,71.44,71.17,71.42
1782664920000,71.42,71.44,71.19,71.21
1782665100000,71.42,71.44,71.13,71.33
1782665280000,71.34,71.46,71.32,71.38
1782665460000,71.39,71.48,71.37,71.43
1782665640000,71.43,71.46,71.36,71.46
1782665820000,71.46,71.56,71.46,71.54
1782666000000,71.54,71.63,71.52,71.55
1782666180000,71.55,71.62,71.53,71.56
1782666360000,71.56,71.94,71.57,71.77
1782666540000,71.75,71.77,71.49,71.52
1782666720000,71.52,71.6,71.4,71.59
1782666900000,71.59,71.65,71.55,71.57
1782667080000,71.59,71.65,71.41,71.51
1782667260000,71.51,71.53,71.37,71.52
1782667440000,71.51,71.53,71.32,71.36
1782667620000,71.36,71.4,71.3,71.3
1782667800000,71.31,71.43,71.26,71.43
1782667980000,71.43,71.43,70.95,71.01
1782668160000,71.01,71.04,70.92,71.0
1782668340000,71.0,71.24,70.98,71.21
1782668520000,71.21,71.34,71.18,71.28
1782668700000,71.28,71.42,71.27,71.37
1782668880000,71.37,71.44,71.34,71.42
1782669060000,71.37,71.57,71.34,71.51
1782669240000,71.5,71.58,71.47,71.56
1782669420000,71.58,71.62,71.52,71.52
1782669600000,71.52,71.65,71.48,71.63
1782669780000,71.64,71.69,71.52,71.54
1782669960000,71.53,71.56,71.47,71.55
1782670140000,71.55,71.55,71.39,71.41
1782670320000,71.41,71.43,71.32,71.34
1782670500000,71.34,71.36,71.25,71.29
1782670680000,71.29,71.34,71.26,71.27
1782670860000,71.27,71.33,71.25,71.27
1782671040000,71.28,71.33,71.2,71.2
1782671220000,71.2,71.21,71.11,71.16
1782671400000,71.16,71.21,71.14,71.19
1782671580000,71.16,71.21,71.0,71.01
1782671760000,71.01,71.09,70.97,71.02
1782671940000,71.02,71.14,71.01,71.13
1782672120000,71.13,71.14,71.08,71.09
1782672300000,71.08,71.14,71.01,71.08
1782672480000,71.07,71.08,70.95,71.03
1782672660000,71.02,71.13,70.98,71.12
1782672840000,71.12,71.16,71.03,71.14
1782673020000,71.14,71.24,71.12,71.13
1782673200000,71.13,71.13,70.87,70.88
1782673380000,70.88,70.96,70.78,70.94
1782673560000,70.94,71.01,70.94,70.96
1782673740000,70.96,71.07,70.97,71.06
1782673920000,71.06,71.07,70.99,71.02
1782674100000,71.06,71.07,70.92,70.94
1782674280000,70.93,71.01,70.83,70.85
1782674460000,70.85,71.01,70.85,70.93
1782674640000,70.95,71.01,70.92,70.96
1782674820000,70.97,71.02,70.92,71.02
1782675000000,71.01,71.27,71.0,71.2
1782675180000,71.23,71.24,70.99,71.01
1782675360000,71.0,71.05,70.87,70.87
1782675540000,70.87,70.94,70.85,70.87
1782675720000,70.88,70.88,70.74,70.76
1782675900000,70.76,70.76,70.21,70.31
1782676080000,70.31,70.55,70.31,70.49
1782676260000,70.49,70.55,70.37,70.54
1782676440000,70.54,70.68,70.54,70.62
1782676620000,70.61,70.72,70.57,70.69
1782676800000,70.69,70.78,70.62,70.75
1782676980000,70.75,70.79,70.71,70.77
1782677160000,70.78,70.78,70.67,70.67
1782677340000,70.68,70.77,70.67,70.74
1782677520000,70.74,71.11,70.73,71.05
1782677700000,71.05,71.25,71.0,71.11
1782677880000,71.11,71.13,71.07,71.08
1782678060000,71.08,71.1,70.98,71.09
1782678240000,71.09,71.17,71.0,71.0
1782678420000,71.0,71.04,70.94,70.98
1782678600000,70.98,71.0,70.91,70.93
1782678780000,70.93,70.99,70.76,70.76
1782678960000,70.93,70.99,70.71,70.76
1782679140000,70.76,70.77,70.69,70.69
1782679320000,70.7,70.75,70.68,70.7
1782679500000,70.7,70.77,70.62,70.77
1782679680000,70.76,70.86,70.75,70.78
1782679860000,70.78,70.83,70.71,70.82
1782680040000,70.82,70.88,70.8,70.88
1782680220000,70.88,70.92,70.86,70.87
1782680400000,70.86,70.89,70.78,70.79
1782680580000,70.78,70.85,70.76,70.85
1782680760000,70.85,70.89,70.8,70.88
1782680940000,70.88,70.9,70.81,70.81
1782681120000,70.88,70.9,70.58,70.77
1782681300000,70.77,70.77,70.67,70.69
1782681480000,70.7,70.77,70.64,70.77
1782681660000,70.77,70.77,70.63,70.75
1782681840000,70.75,70.83,70.71,70.77
1782682020000,70.77,70.82,70.74,70.8
1782682200000,70.79,70.91,70.79,70.91
1782682380000,70.9,70.98,70.9,70.97
1782682560000,70.97,71.03,70.79,70.83
1782682740000,70.83,70.88,70.79,70.81
1782682920000,70.81,70.84,70.71,70.74
1782683100000,70.74,70.78,70.4,70.48
1782683280000,70.48,70.48,70.22,70.36
1782683460000,70.36,70.45,70.23,70.27
1782683640000,70.28,70.41,70.28,70.3
1782683820000,70.29,70.42,70.26,70.42
1782684000000,70.42,71.28,70.42,71.05
1782684180000,71.09,71.48,71.1,71.27
1782684360000,71.29,71.4,71.08,71.08
1782684540000,71.08,71.18,70.92,70.93
1782684720000,70.94,71.09,70.93,71.01
1782684900000,71.02,71.06,70.93,71.06
1782685080000,71.07,71.06,70.4,70.45
1782685260000,70.44,71.03,70.45,70.93
1782685440000,70.92,71.01,70.73,70.74
1782685620000,70.75,70.91,70.67,70.84
1782685800000,70.84,70.96,70.78,70.78
1782685980000,70.78,70.82,70.53,70.63
1782686160000,70.63,70.73,70.62,70.65
1782686340000,70.65,70.69,70.46,70.46
1782686520000,70.47,70.56,70.43,70.47
1782686700000,70.47,70.62,70.36,70.37
1782686880000,70.37,70.52,70.36,70.39
1782687060000,70.39,70.41,69.68,69.9
1782687240000,69.91,70.16,69.81,70.12
1782687420000,70.12,70.25,70.07,70.23
1782687600000,70.21,70.62,70.1,70.49
1782687780000,70.5,70.55,70.33,70.35
1782687960000,70.36,70.58,70.35,70.55
1782688140000,70.54,70.62,70.51,70.59
1782688320000,70.58,70.79,70.55,70.57
1782688500000,70.56,70.6,70.5,70.57
1782688680000,70.57,70.87,70.56,70.73
1782688860000,70.73,70.91,70.66,70.81
1782689040000,70.8,70.9,70.77,70.89
1782689220000,70.9,71.13,70.86,71.01
1782689400000,71.01,71.31,70.96,71.28
1782689580000,71.28,71.42,71.23,71.39
1782689760000,71.28,71.73,71.23,71.66
1782689940000,71.66,71.67,71.52,71.59
1782690120000,71.59,71.64,71.43,71.48
1782690300000,71.48,71.71,71.45,71.58
1782690480000,71.58,71.59,71.47,71.53
1782690660000,71.54,71.59,71.38,71.48
1782690840000,71.48,71.49,71.36,71.39
1782691020000,71.39,71.39,71.3,71.36
1782691200000,71.36,71.37,70.97,71.1
1782691380000,71.1,71.25,71.03,71.07
1782691560000,71.07,71.11,70.89,71.02
1782691740000,71.03,71.28,71.04,71.23
1782691920000,71.22,71.56,71.17,71.39
1782692100000,71.39,71.45,71.09,71.27
1782692280000,71.28,71.42,71.24,71.24
1782692460000,71.24,71.23,70.85,70.95
1782692640000,70.96,71.09,70.86,70.97
1782692820000,70.98,70.98,70.69,70.69
1782693000000,70.69,70.73,70.32,70.54
1782693180000,70.54,70.88,70.55,70.69
1782693360000,70.7,70.8,70.51,70.65
1782693540000,70.65,70.99,70.61,70.99
1782693720000,70.65,71.16,70.61,71.1
1782693900000,71.11,71.11,70.76,70.77
1782694080000,70.77,71.14,70.69,71.01
1782694260000,71.0,71.18,70.97,71.17
1782694440000,71.16,71.53,71.14,71.48
1782694620000,71.48,71.68,71.44,71.65
1782694800000,71.64,71.68,71.34,71.39
1782694980000,71.39,71.43,71.29,71.31
1782695160000,71.33,71.61,71.33,71.45
1782695340000,71.45,71.48,71.38,71.42
1782695520000,71.41,71.45,71.24,71.33
1782695700000,71.33,71.39,71.07,71.12
1782695880000,71.33,71.39,70.96,71.18
1782696060000,71.21,71.32,71.11,71.14
1782696240000,71.14,71.3,71.1,71.24
1782696420000,71.25,71.29,71.04,71.06
1782696600000,71.07,71.23,70.92,71.23
1782696780000,71.23,71.25,70.99,71.24
1782696960000,71.24,71.46,71.17,71.36
1782697140000,71.36,71.65,71.34,71.64
1782697320000,71.64,71.65,71.53,71.58
1782697500000,71.58,71.65,71.45,71.5
1782697680000,71.5,71.66,71.46,71.51
1782697860000,71.51,71.64,71.45,71.49
1782698040000,71.52,71.57,71.46,71.48
1782698220000,71.46,71.56,71.43,71.45
1782698400000,71.45,71.61,71.31,71.6
1782698580000,71.59,71.62,71.33,71.46
1782698760000,71.46,71.46,71.08,71.16
1782698940000,71.15,71.17,71.01,71.04
1782699120000,71.03,71.02,70.46,70.64
1782699300000,70.64,71.09,70.64,70.99
1782699480000,70.99,71.11,70.96,71.11
1782699660000,71.12,71.51,71.08,71.36
1782699840000,71.35,71.5,71.28,71.5
1782700020000,71.35,71.83,71.28,71.76
1782700200000,71.75,71.78,71.59,71.68
1782700380000,71.69,71.82,71.59,71.74
1782700560000,71.75,71.89,71.71,71.89
1782700740000,71.89,71.95,71.74,71.89
1782700920000,71.91,72.14,71.91,72.07
1782701100000,72.08,72.15,72.02,72.06
1782701280000,72.06,72.17,72.0,72.11
1782701460000,72.12,72.14,71.97,71.99
1782701640000,71.99,72.04,71.94,72.02
1782701820000,72.02,72.17,72.0,72.15
1782702000000,72.02,72.62,72.0,72.48
1782702180000,72.49,72.94,72.36,72.79
1782702360000,72.81,73.05,72.7,72.96
1782702540000,72.97,73.3,72.97,73.11
1782702720000,73.11,73.12,72.86,72.89
1782702900000,72.9,72.9,72.79,72.84
1782703080000,72.85,72.96,72.79,72.96
1782703260000,72.96,73.05,72.85,72.88
1782703440000,72.87,73.18,72.85,73.18
1782703620000,73.18,73.25,73.11,73.16
1782703800000,73.16,73.25,72.96,73.02
1782703980000,73.02,73.15,72.99,73.0
1782704160000,72.99,73.02,72.72,72.76
1782704340000,72.76,72.83,72.71,72.74
1782704520000,72.74,72.79,72.64,72.71
1782704700000,72.7,72.88,72.61,72.86
1782704880000,72.87,72.89,72.69,72.72
1782705060000,72.73,72.83,72.65,72.76
1782705240000,72.76,72.79,72.54,72.57
1782705420000,72.57,72.67,72.55,72.65
1782705600000,72.65,72.66,72.53,72.57
1782705780000,72.57,72.61,72.49,72.51
1782705960000,72.51,72.58,72.45,72.57
1782706140000,72.57,72.63,72.43,72.43
1782706320000,72.44,72.47,72.35,72.41
1782706500000,72.4,72.45,72.36,72.43
1782706680000,72.43,72.43,72.23,72.23
1782706860000,72.22,72.22,72.11,72.17
1782707040000,72.18,72.41,72.18,72.36
1782707220000,72.36,72.38,72.28,72.34
1782707400000,72.36,72.38,72.24,72.32
1782707580000,72.31,72.31,72.14,72.16
1782707760000,72.16,72.17,71.97,72.1
1782707940000,72.1,72.11,71.74,71.83
1782708120000,71.82,71.88,71.79,71.86
1782708300000,71.86,71.88,71.67,71.69
1782708480000,71.86,71.88,71.59,71.66
1782708660000,71.66,71.83,71.61,71.83
1782708840000,71.83,71.86,71.6,71.63
1782709020000,71.63,71.69,71.62,71.65
1782709200000,71.65,71.71,71.5,71.52
1782709380000,71.52,71.53,70.96,71.01
1782709560000,71.02,71.27,71.02,71.24
1782709740000,71.25,71.29,71.09,71.15
1782709920000,71.14,71.25,70.99,71.23
1782710100000,71.24,71.49,71.24,71.33
1782710280000,71.33,71.4,71.25,71.34
1782710460000,71.33,71.48,71.25,71.47
1782710640000,71.47,71.48,71.39,71.4
1782710820000,71.39,71.47,71.35,71.4
1782711000000,71.41,71.45,71.26,71.34
1782711180000,71.33,71.72,71.32,71.53
1782711360000,71.53,71.53,71.43,71.49
1782711540000,71.48,71.53,71.37,71.38
1782711720000,71.38,71.79,71.37,71.77
1782711900000,71.77,71.83,71.71,71.73
1782712080000,71.73,71.76,71.68,71.71
1782712260000,71.71,71.88,71.71,71.86
1782712440000,71.85,72.15,71.84,72.1
1782712620000,71.85,72.31,71.84,72.27
1782712800000,72.29,72.55,72.2,72.21
1782712980000,72.2,72.31,72.18,72.29
1782713160000,72.29,72.49,72.22,72.33
1782713340000,72.33,72.5,72.32,72.37
1782713520000,72.39,72.47,72.37,72.45
1782713700000,72.45,72.58,72.39,72.54
1782713880000,72.54,72.78,72.48,72.77
1782714060000,72.77,72.95,72.64,72.91
1782714240000,72.91,73.09,72.86,72.86
1782714420000,72.86,72.86,72.62,72.65
1782714600000,72.65,72.73,72.56,72.63
1782714780000,72.63,72.65,72.46,72.48
1782714960000,72.49,72.49,72.34,72.35
1782715140000,72.35,72.52,72.29,72.35
1782715320000,72.35,72.42,72.32,72.35
1782715500000,72.35,72.41,72.29,72.32
1782715680000,72.33,72.4,72.25,72.29
1782715860000,72.3,72.41,72.3,72.41
1782716040000,72.41,72.41,72.26,72.29
1782716220000,72.29,72.35,72.27,72.35
1782716400000,72.35,72.35,72.03,72.12
1782716580000,72.12,72.29,72.08,72.27
1782716760000,72.12,72.29,72.08,72.21
1782716940000,72.22,72.25,72.1,72.13
1782717120000,72.13,72.36,72.12,72.35
1782717300000,72.35,72.58,72.34,72.43
1782717480000,72.43,72.48,72.37,72.43
1782717660000,72.43,72.44,72.26,72.29
1782717840000,72.29,72.34,72.22,72.29
1782718020000,72.29,72.51,72.24,72.4
1782718200000,72.4,72.44,72.35,72.37
1782718380000,72.35,72.4,72.31,72.39
1782718560000,72.39,72.57,72.37,72.47
1782718740000,72.47,72.52,72.41,72.41
1782718920000,72.47,72.52,72.3,72.34
1782719100000,72.35,72.47,72.26,72.44
1782719280000,72.44,72.74,72.41,72.74
1782719460000,72.77,72.89,72.73,72.76
1782719640000,72.77,72.77,72.65,72.74
1782719820000,72.75,72.75,72.63,72.67
1782720000000,72.67,72.91,72.63,72.82
1782720180000,72.81,72.89,72.71,72.81
1782720360000,72.82,72.82,72.46,72.6
1782720540000,72.6,72.74,72.6,72.61
1782720720000,72.61,72.73,72.56,72.72
1782720900000,72.72,72.88,72.7,72.84
1782721080000,72.84,72.92,72.61,72.61
1782721260000,72.61,72.77,72.61,72.61
1782721440000,72.61,72.7,72.45,72.45
1782721620000,72.46,72.56,72.36,72.45
1782721800000,72.44,72.55,72.35,72.38
1782721980000,72.38,72.6,72.36,72.51
1782722160000,72.53,72.76,72.52,72.55
1782722340000,72.56,72.76,72.56,72.7
1782722520000,72.7,72.74,72.55,72.71
1782722700000,72.71,72.87,72.68,72.86
1782722880000,72.86,72.89,72.76,72.79
1782723060000,72.79,72.98,72.75,72.78
1782723240000,72.79,72.82,72.66,72.68
1782723420000,72.67,72.75,72.62,72.68
1782723600000,72.68,72.81,72.65,72.71
1782723780000,72.71,72.81,72.69,72.69
1782723960000,72.69,72.76,72.68,72.73
1782724140000,72.72,72.75,72.59,72.59
1782724320000,72.6,72.87,72.57,72.84
1782724500000,72.83,73.07,72.82,73.03
1782724680000,73.03,73.13,72.87,72.9
1782724860000,72.89,72.97,72.81,72.87
1782725040000,72.87,72.87,72.57,72.63
1782725220000,72.87,72.95,72.57,72.86
1782725400000,72.87,72.94,72.86,72.89
1782725580000,72.9,72.9,72.71,72.73
1782725760000,72.73,72.83,72.72,72.8
1782725940000,72.81,72.85,72.69,72.69
1782726120000,72.69,72.83,72.69,72.74
1782726300000,72.74,72.87,72.74,72.87
1782726480000,72.87,72.9,72.77,72.79
1782726660000,72.79,72.83,72.62,72.72
1782726840000,72.72,72.89,72.71,72.83
1782727020000,72.83,72.91,72.83,72.89
1782727200000,72.89,73.07,72.88,73.05
1782727380000,73.03,73.03,72.93,73.03
1782727560000,73.03,73.15,72.98,73.11
1782727740000,73.11,73.49,73.12,73.27
1782727920000,73.27,73.44,73.26,73.44
1782728100000,73.43,73.43,73.3,73.36
1782728280000,73.37,73.61,73.36,73.56
1782728460000,73.56,73.65,73.41,73.44
1782728640000,73.43,73.45,73.36,73.43
1782728820000,73.43,73.44,73.32,73.39
1782729000000,73.39,73.41,73.14,73.17
1782729180000,73.17,73.24,73.09,73.14
1782729360000,73.16,73.31,73.11,73.27
1782729540000,73.27,73.39,73.24,73.24
1782729720000,73.22,73.22,73.12,73.2
1782729900000,73.2,73.33,73.17,73.29
1782730080000,73.28,73.29,73.21,73.22
1782730260000,73.22,73.27,73.17,73.2
1782730440000,73.19,73.21,73.16,73.18
1782730620000,73.18,73.21,73.16,73.2
1782730800000,73.19,73.23,73.03,73.05
1782730980000,73.06,73.06,72.82,72.84
1782731160000,73.06,73.06,72.75,72.87
1782731340000,72.87,72.87,72.62,72.68
1782731520000,72.69,72.7,72.56,72.59
1782731700000,72.59,72.62,72.42,72.43
1782731880000,72.43,72.51,72.42,72.49
1782732060000,72.49,72.52,72.45,72.5
1782732240000,72.5,72.69,72.48,72.64
1782732420000,72.64,72.71,72.59,72.69
1782732600000,72.69,73.17,72.56,72.86
1782732780000,72.86,72.86,72.66,72.66
1782732960000,72.64,72.68,72.51,72.51
1782733140000,72.51,72.51,72.34,72.4
1782733320000,72.39,72.49,72.35,72.4
1782733500000,72.4,72.48,72.33,72.39
1782733680000,72.4,72.45,72.31,72.41
1782733860000,72.41,72.43,72.25,72.27
1782734040000,72.27,72.39,72.21,72.39
1782734220000,72.39,72.54,72.33,72.48
1782734400000,72.48,72.76,72.1,72.75
1782734580000,72.73,73.11,72.62,73.07
1782734760000,73.09,73.46,73.05,73.21
1782734940000,73.21,73.49,73.21,73.38
1782735120000,73.38,74.07,73.38,73.97
1782735300000,73.38,74.1,73.38,73.89
1782735480000,73.9,74.07,73.89,73.94
1782735660000,73.93,74.03,73.68,73.73
1782735840000,73.72,73.83,73.65,73.79
1782736020000,73.79,74.08,73.78,73.97
1782736200000,73.98,74.01,73.75,73.79
1782736380000,73.81,74.5,73.77,74.27
1782736560000,74.26,74.31,73.32,73.39
1782736740000,73.37,73.47,73.17,73.34
1782736920000,73.32,73.39,73.21,73.36
1782737100000,73.35,73.6,73.24,73.53
1782737280000,73.53,73.57,73.31,73.46
1782737460000,73.46,73.47,73.03,73.26
1782737640000,73.46,73.47,73.03,73.42
1782737820000,73.43,73.47,73.38,73.46
1782738000000,73.47,73.96,73.47,73.94
1782738180000,73.91,74.0,73.74,73.94
1782738360000,73.95,73.97,73.72,73.76
1782738540000,73.75,74.03,73.68,74.03
1782738720000,74.07,74.3,74.05,74.11
1782738900000,74.12,74.23,74.1,74.22
1782739080000,74.22,74.29,74.14,74.14
1782739260000,74.15,74.15,73.72,73.79
1782739440000,73.8,73.87,73.67,73.71
1782739620000,73.71,73.76,73.54,73.57
1782739800000,73.53,74.11,73.13,73.89
1782739980000,73.89,74.07,73.65,73.65
1782740160000,73.67,73.69,73.22,73.36
1782740340000,73.39,73.47,73.02,73.08
1782740520000,73.08,73.23,72.87,72.94
1782740700000,72.89,73.19,72.77,73.02
1782740880000,73.01,73.13,72.72,72.95
1782741060000,72.97,73.37,72.91,73.18
1782741240000,73.15,73.23,72.99,73.18
1782741420000,73.18,73.73,73.05,73.7
1782741600000,73.7,73.73,73.42,73.6
1782741780000,73.6,73.85,73.24,73.34
1782741960000,73.33,73.63,73.11,73.28
1782742140000,73.31,73.35,72.68,72.68
1782742320000,72.68,72.76,72.46,72.51
1782742500000,72.49,72.76,72.31,72.48
1782742680000,72.49,72.81,72.29,72.75
1782742860000,72.77,72.85,72.54,72.69
1782743040000,72.69,73.04,72.58,72.99
1782743220000,72.99,73.29,72.98,73.16
1782743400000,73.16,73.3,72.87,72.94
1782743580000,72.94,73.59,72.93,73.31
1782743760000,72.94,73.59,72.93,73.33
1782743940000,73.32,73.44,73.17,73.37
1782744120000,73.36,73.39,72.97,73.02
1782744300000,72.98,73.18,72.93,72.98
1782744480000,72.97,73.24,72.87,73.17
1782744660000,73.17,73.46,73.05,73.45
1782744840000,73.45,73.85,73.45,73.68
1782745020000,73.68,73.73,73.4,73.7
1782745200000,73.7,73.71,73.32,73.32
1782745380000,73.32,73.33,72.93,73.05
1782745560000,73.06,73.06,72.78,72.98
1782745740000,72.98,73.22,72.86,72.88
1782745920000,72.88,73.25,72.76,73.22
1782746100000,73.19,73.36,73.13,73.27
1782746280000,73.26,73.51,73.26,73.38
1782746460000,73.39,73.69,73.31,73.32
1782746640000,73.32,73.61,73.27,73.61
1782746820000,73.65,73.95,73.56,73.9
1782747000000,73.91,74.39,73.91,74.21
1782747180000,74.23,74.27,73.98,74.19
1782747360000,74.19,74.37,74.14,74.34
1782747540000,74.35,74.36,73.74,73.89
1782747720000,73.89,73.99,73.84,73.99
1782747900000,73.89,73.99,73.79,73.93
1782748080000,73.93,74.13,73.85,74.12
1782748260000,74.12,74.17,73.9,74.1
1782748440000,74.09,74.16,73.91,73.93
1782748620000,73.94,73.95,73.77,73.87
1782748800000,73.89,73.91,73.75,73.78
1782748980000,73.78,74.04,73.76,73.97
1782749160000,73.98,74.0,73.68,73.72
1782749340000,73.72,73.74,73.58,73.67
1782749520000,73.67,73.73,73.47,73.54
1782749700000,73.54,73.69,73.53,73.66
1782749880000,73.66,73.66,73.37,73.43
1782750060000,73.66,73.66,73.28,73.39
1782750240000,73.39,73.39,72.99,73.0
1782750420000,72.99,73.03,72.85,72.91
1782750600000,72.91,73.16,72.91,73.15
1782750780000,73.14,73.24,73.03,73.22
1782750960000,73.2,73.39,73.1,73.36
1782751140000,73.36,73.61,73.35,73.61
1782751320000,73.61,73.76,73.55,73.73
1782751500000,73.73,73.96,73.62,73.94
1782751680000,73.93,74.13,73.89,74.05
1782751860000,74.05,74.09,73.72,73.8
1782752040000,73.79,73.98,73.76,73.96
1782752220000,73.79,74.03,73.76,74.01
1782752400000,74.0,74.28,73.98,74.27
1782752580000,74.28,74.86,74.22,74.76
1782752760000,74.74,74.8,74.49,74.5
1782752940000,74.5,74.91,74.47,74.78
1782753120000,74.79,75.5,74.73,75.24
1782753300000,75.25,76.43,75.23,76.04
1782753480000,76.06,76.06,75.81,75.85
1782753660000,75.86,75.85,75.24,75.37
1782753840000,75.37,75.64,75.3,75.49
1782754020000,75.48,76.06,75.46,75.9
1782754200000,75.89,76.15,75.63,75.67
1782754380000,75.67,75.77,75.53,75.63
1782754560000,75.67,75.77,75.53,75.58
1782754740000,75.58,75.69,75.49,75.68
1782754920000,75.69,75.85,75.56,75.74
1782755100000,75.74,75.85,75.56,75.57
1782755280000,75.56,75.6,75.24,75.29
1782755460000,75.3,75.5,75.28,75.37
1782755640000,75.38,75.44,75.24,75.36
1782755820000,75.36,75.39,75.23,75.26
1782756000000,75.27,75.31,75.1,75.27
1782756180000,75.27,75.44,75.23,75.38
1782756360000,75.38,75.74,75.37,75.74
1782756540000,75.75,75.81,75.61,75.67
1782756720000,75.67,75.71,75.56,75.59
1782756900000,75.61,75.61,75.32,75.39
1782757080000,75.36,75.56,75.33,75.51
1782757260000,75.51,75.67,75.48,75.48
1782757440000,75.48,75.49,75.34,75.38
1782757620000,75.39,75.42,75.16,75.2
1782757800000,75.19,75.34,75.13,75.34
1782757980000,75.34,75.47,75.25,75.41
1782758160000,75.41,75.58,75.36,75.56
1782758340000,75.56,75.74,75.49,75.63
1782758520000,75.62,75.73,75.6,75.73
1782758700000,75.72,75.72,75.43,75.45
1782758880000,75.45,75.53,75.37,75.41
1782759060000,75.42,75.5,75.38,75.49
1782759240000,75.5,75.58,75.46,75.55
1782759420000,75.54,75.57,75.49,75.57
1782759600000,75.57,75.6,75.41,75.47
1782759780000,75.47,75.53,75.39,75.5
1782759960000,75.51,75.66,75.46,75.55
1782760140000,75.55,75.75,75.53,75.74
1782760320000,75.74,75.75,75.44,75.46
1782760500000,75.46,75.79,75.43,75.79
1782760680000,75.79,75.94,75.7,75.92
1782760860000,75.92,75.94,75.85,75.92
1782761040000,75.92,75.99,75.81,75.88
1782761220000,75.88,76.19,75.88,76.03
1782761400000,76.02,76.05,75.83,75.85
1782761580000,75.85,75.86,75.65,75.74
1782761760000,75.74,75.91,75.7,75.83
1782761940000,75.83,75.92,75.79,75.87
1782762120000,75.87,75.96,75.77,75.96
1782762300000,75.96,76.03,75.89,75.92
1782762480000,75.92,76.07,75.85,75.93
1782762660000,75.92,76.19,75.89,76.01
1782762840000,76.01,76.02,75.9,75.9
1782763020000,75.9,76.02,75.9,75.96
1782763200000,75.9,76.02,75.77,75.86
1782763380000,75.85,75.88,75.75,75.85
1782763560000,75.84,75.91,75.77,75.79
1782763740000,75.79,75.82,75.57,75.63
1782763920000,75.63,75.75,75.62,75.74
1782764100000,75.73,75.74,75.67,75.7
1782764280000,75.7,75.71,75.62,75.65
1782764460000,75.66,75.66,75.55,75.58
1782764640000,75.58,75.65,75.53,75.57
1782764820000,75.57,75.58,75.47,75.49
1782765000000,75.49,75.56,75.45,75.54
1782765180000,75.54,75.69,75.53,75.65
1782765360000,75.65,75.67,75.45,75.48
1782765540000,75.49,75.53,75.43,75.44
1782765720000,75.45,75.48,75.36,75.4
1782765900000,75.4,75.39,75.23,75.27
1782766080000,75.27,75.48,75.26,75.46
1782766260000,75.46,75.5,75.37,75.41
1782766440000,75.41,75.41,75.31,75.35
1782766620000,75.35,75.4,75.28,75.34
1782766800000,75.35,75.46,75.35,75.39
1782766980000,75.39,75.46,75.19,75.24
1782767160000,75.24,75.42,75.24,75.37
1782767340000,75.37,75.52,75.33,75.47
1782767520000,75.47,75.65,75.45,75.53
1782767700000,75.52,75.57,75.45,75.53
1782767880000,75.53,75.54,75.45,75.53
1782768060000,75.55,75.56,75.43,75.46
1782768240000,75.46,75.48,75.43,75.43
1782768420000,75.43,75.47,75.41,75.42
1782768600000,75.42,75.64,75.42,75.61
1782768780000,75.61,75.64,75.56,75.59
1782768960000,75.59,75.64,75.58,75.63
1782769140000,75.62,75.75,75.62,75.69
1782769320000,75.69,75.7,75.51,75.61
1782769500000,75.61,75.69,75.56,75.69
1782769680000,75.69,75.7,75.57,75.59
1782769860000,75.59,75.63,75.56,75.59
1782770040000,75.59,75.63,75.5,75.51
1782770220000,75.51,75.54,75.43,75.5
1782770400000,75.5,75.53,75.43,75.48
1782770580000,75.48,75.61,75.42,75.6
1782770760000,75.61,75.59,75.44,75.56
1782770940000,75.56,75.61,75.5,75.52
1782771120000,75.53,75.56,75.46,75.55
1782771300000,75.55,75.63,75.44,75.44
1782771480000,75.44,75.48,75.25,75.47
1782771660000,75.46,75.47,75.28,75.3
1782771840000,75.31,75.34,75.26,75.31
1782772020000,75.31,75.43,75.31,75.36
1782772200000,75.36,75.39,75.28,75.34
1782772380000,75.34,75.34,75.16,75.2
1782772560000,75.34,75.34,75.16,75.25
1782772740000,75.25,75.25,75.13,75.21
1782772920000,75.21,75.32,75.21,75.3
1782773100000,75.3,75.31,75.27,75.28
1782773280000,75.28,75.28,75.16,75.17
1782773460000,75.17,75.25,75.05,75.25
1782773640000,75.25,75.45,75.25,75.33
1782773820000,75.33,75.33,75.2,75.25
1782774000000,75.25,75.33,75.24,75.31
1782774180000,75.31,75.33,75.28,75.28
1782774360000,75.29,75.37,75.24,75.37
1782774540000,75.37,75.41,75.27,75.34
1782774720000,75.34,75.39,75.31,75.34
1782774900000,75.34,75.37,75.27,75.27
1782775080000,75.27,75.31,75.16,75.22
1782775260000,75.22,75.23,75.03,75.07
1782775440000,75.07,75.2,75.06,75.18
1782775620000,75.19,75.25,75.17,75.17
1782775800000,75.17,75.16,74.86,74.99
1782775980000,74.99,75.05,74.96,74.98
1782776160000,74.97,75.07,74.96,75.03
1782776340000,75.03,75.03,74.93,75.0
1782776520000,75.01,75.03,74.97,75.0
1782776700000,75.0,75.11,74.99,75.06
1782776880000,75.06,75.22,75.04,75.1
1782777060000,75.1,75.1,75.0,75.01
1782777240000,75.0,75.05,74.99,75.01
1782777420000,75.01,75.17,75.0,75.13
1782777600000,75.13,75.19,75.04,75.09
1782777780000,75.09,75.18,75.06,75.13
1782777960000,75.13,75.14,74.97,74.98
1782778140000,74.99,75.07,74.88,75.02
1782778320000,75.02,75.07,74.93,74.97
1782778500000,74.97,75.05,74.91,74.96
1782778680000,74.95,74.99,74.77,74.82
1782778860000,74.82,74.84,74.76,74.79
1782779040000,74.79,74.84,74.76,74.83
1782779220000,74.83,74.83,74.57,74.59
1782779400000,74.6,74.61,74.26,74.57
1782779580000,74.57,74.62,74.39,74.44
1782779760000,74.44,74.46,74.22,74.31
1782779940000,74.33,74.33,74.16,74.25
1782780120000,74.25,74.37,74.19,74.35
1782780300000,74.35,74.49,74.31,74.36
1782780480000,74.36,74.62,74.28,74.32
1782780660000,74.31,74.54,74.31,74.48
1782780840000,74.48,74.48,74.39,74.39
1782781020000,74.39,74.46,74.36,74.38
1782781200000,74.39,74.46,74.23,74.28
1782781380000,74.3,74.36,74.21,74.28
1782781560000,74.27,74.32,74.15,74.25
1782781740000,74.25,74.27,74.03,74.06
1782781920000,74.06,74.21,74.05,74.19
1782782100000,74.19,74.29,74.16,74.26
1782782280000,74.26,74.39,74.19,74.37
1782782460000,74.37,74.36,74.22,74.3
1782782640000,74.3,74.62,74.24,74.62
1782782820000,74.61,74.63,74.55,74.62
1782783000000,74.62,74.63,74.57,74.62
1782783180000,74.62,74.62,74.46,74.46
1782783360000,74.62,74.62,74.31,74.32
1782783540000,74.31,74.37,74.17,74.22
1782783720000,74.22,74.31,74.19,74.26
1782783900000,74.26,74.32,74.24,74.26
1782784080000,74.26,74.4,74.26,74.37
1782784260000,74.36,74.37,74.29,74.32
1782784440000,74.33,74.39,74.31,74.37
1782784620000,74.37,74.41,74.37,74.38
1782784800000,74.38,74.39,74.24,74.24
1782784980000,74.24,74.26,74.19,74.24
1782785160000,74.24,74.26,74.2,74.2
1782785340000,74.2,74.24,74.07,74.12
1782785520000,74.12,74.14,74.01,74.08
1782785700000,74.12,74.14,74.01,74.07
1782785880000,74.08,74.15,74.06,74.13
1782786060000,74.13,74.27,74.11,74.26
1782786240000,74.27,74.3,74.24,74.27
1782786420000,74.28,74.32,74.27,74.31
1782786600000,74.31,74.31,74.25,74.28
1782786780000,74.28,74.29,74.17,74.24
1782786960000,74.24,74.37,74.24,74.37
1782787140000,74.37,74.51,74.37,74.47
1782787320000,74.47,74.54,74.46,74.54
1782787500000,74.54,74.69,74.54,74.68
1782787680000,74.69,74.81,74.68,74.73
1782787860000,74.73,74.78,74.7,74.71
1782788040000,74.69,74.71,74.64,74.64
1782788220000,74.63,74.65,74.55,74.55
1782788400000,74.56,74.63,74.54,74.62
1782788580000,74.63,74.66,74.59,74.62
1782788760000,74.63,74.72,74.56,74.57
1782788940000,74.59,74.68,74.58,74.66
1782789120000,74.67,74.73,74.63,74.65
1782789300000,74.65,74.77,74.64,74.73
1782789480000,74.73,74.88,74.73,74.82
1782789660000,74.82,74.84,74.72,74.73
1782789840000,74.72,74.71,74.5,74.55
1782790020000,74.55,74.59,74.52,74.59
1782790200000,74.59,74.62,74.49,74.51
1782790380000,74.51,74.53,74.31,74.36
1782790560000,74.35,74.49,74.34,74.49
1782790740000,74.48,74.48,74.41,74.43
1782790920000,74.43,74.44,74.38,74.43
1782791100000,74.43,74.44,74.31,74.33
1782791280000,74.33,74.38,74.3,74.34
1782791460000,74.34,74.36,74.18,74.2
1782791640000,74.19,74.21,74.1,74.18
1782791820000,74.18,74.21,74.15,74.16
1782792000000,74.16,74.23,74.13,74.16
1782792180000,74.16,74.19,73.95,74.07
1782792360000,74.07,74.11,73.89,73.98
1782792540000,73.98,73.98,73.75,73.87
1782792720000,73.87,74.17,73.87,74.12
1782792900000,74.12,74.17,73.76,73.8
1782793080000,73.81,73.83,73.66,73.71
1782793260000,73.71,73.92,73.71,73.91
1782793440000,73.9,73.89,73.66,73.86
1782793620000,73.87,73.95,73.84,73.92
1782793800000,73.92,74.03,73.92,73.99
1782793980000,73.99,74.09,73.99,74.09
1782794160000,74.09,74.14,74.03,74.07
1782794340000,74.07,74.08,73.98,73.99
1782794520000,73.99,74.05,73.94,74.05
1782794700000,74.05,74.07,73.95,73.99
1782794880000,73.99,74.03,73.97,74.02
1782795060000,74.02,74.05,74.01,74.04
1782795240000,74.03,74.03,73.95,74.0
1782795420000,73.99,74.04,73.99,73.99
1782795600000,73.99,74.14,73.99,74.14
1782795780000,74.14,74.14,74.01,74.04
1782795960000,74.04,74.08,74.0,74.06
1782796140000,74.06,74.09,73.95,73.96
1782796320000,73.96,74.02,73.91,74.02
1782796500000,74.02,74.02,73.85,73.85
1782796680000,74.02,74.02,73.82,73.91
1782796860000,73.91,73.98,73.89,73.97
1782797040000,73.97,74.06,73.9,73.91
1782797220000,73.91,73.97,73.86,73.93
1782797400000,73.94,73.97,73.88,73.92
1782797580000,73.92,73.92,73.82,73.83
1782797760000,73.83,74.0,73.81,74.0
1782797940000,74.01,74.18,73.96,74.13
1782798120000,74.13,74.14,74.07,74.08
1782798300000,74.08,74.14,74.08,74.1
1782798480000,74.1,74.17,74.08,74.09
1782798660000,74.09,74.12,74.09,74.12
1782798840000,74.09,74.21,74.07,74.16
1782799020000,74.16,74.19,74.12,74.19
1782799200000,74.19,74.23,74.1,74.11
1782799380000,74.11,74.14,74.07,74.08
1782799560000,74.08,74.08,74.03,74.06
1782799740000,74.06,74.06,73.97,74.01
1782799920000,74.01,74.04,73.96,74.01
1782800100000,74.01,74.03,73.93,73.96
1782800280000,73.96,73.97,73.86,73.9
1782800460000,73.9,74.06,73.88,74.06
1782800640000,74.06,74.07,73.98,74.0
1782800820000,74.0,74.22,74.01,74.21
1782801000000,74.21,74.22,74.09,74.18
1782801180000,74.21,74.22,74.0,74.01
1782801360000,74.03,74.17,74.02,74.09
1782801540000,74.09,74.12,74.05,74.09
1782801720000,74.08,74.12,74.06,74.06
1782801900000,74.06,74.14,74.03,74.14
1782802080000,74.14,74.17,74.11,74.12
1782802260000,74.12,74.16,74.09,74.09
1782802440000,74.1,74.13,74.07,74.11
1782802620000,74.11,74.13,74.08,74.12
1782802800000,74.12,74.21,74.08,74.19
1782802980000,74.19,74.21,74.04,74.05
1782803160000,74.05,74.08,73.91,73.91
1782803340000,74.05,74.08,73.81,73.85
1782803520000,73.85,73.93,73.82,73.93
1782803700000,73.94,74.01,73.94,73.96
1782803880000,73.96,73.96,73.86,73.91
1782804060000,73.91,73.91,73.88,73.91
1782804240000,73.91,73.98,73.9,73.96
1782804420000,73.96,73.97,73.86,73.89
1782804600000,73.89,73.97,73.88,73.94
1782804780000,73.94,74.03,73.91,74.03
1782804960000,74.03,74.03,73.97,74.02
1782805140000,74.02,74.03,73.99,74.02
1782805320000,74.02,74.07,73.99,74.01
1782805500000,74.01,74.13,73.97,74.13
1782805680000,74.13,74.15,74.03,74.05
1782805860000,74.05,74.09,74.02,74.08
1782806040000,74.06,74.14,74.04,74.13
1782806220000,74.13,74.17,74.12,74.13
1782806400000,74.13,74.14,74.06,74.06
1782806580000,74.06,74.18,74.03,74.16
1782806760000,74.15,74.16,74.05,74.09
1782806940000,74.09,74.09,73.94,74.02
1782807120000,74.03,74.08,73.87,73.88
1782807300000,73.88,73.92,73.8,73.88
1782807480000,73.88,73.95,73.8,73.95
1782807660000,73.94,73.98,73.93,73.97
1782807840000,73.98,74.0,73.96,73.97
1782808020000,73.97,73.98,73.94,73.97
1782808200000,73.97,74.02,73.91,73.91
1782808380000,73.91,73.92,73.67,73.69
1782808560000,73.69,73.72,73.36,73.53
1782808740000,73.55,73.56,73.43,73.5
1782808920000,73.49,73.6,73.48,73.54
1782809100000,73.54,73.55,73.29,73.36
1782809280000,73.36,73.53,73.28,73.37
1782809460000,73.37,73.46,73.29,73.45
1782809640000,73.45,73.57,73.4,73.52
1782809820000,73.52,73.65,73.51,73.58
1782810000000,73.59,73.7,73.55,73.7
1782810180000,73.71,73.75,73.66,73.66
1782810360000,73.66,73.69,73.57,73.62
1782810540000,73.61,73.75,73.55,73.75
1782810720000,73.75,73.77,73.71,73.77
1782810900000,73.77,73.8,73.62,73.63
1782811080000,73.63,73.72,73.59,73.59
1782811260000,73.59,73.72,73.57,73.63
1782811440000,73.63,73.71,73.62,73.65
1782811620000,73.63,73.71,73.59,73.59
1782811800000,73.6,73.65,73.51,73.54
1782811980000,73.54,73.68,73.53,73.67
1782812160000,73.67,73.73,73.63,73.68
1782812340000,73.69,73.74,73.65,73.71
1782812520000,73.71,73.77,73.68,73.7
1782812700000,73.69,73.74,73.68,73.73
1782812880000,73.72,73.83,73.7,73.82
1782813060000,73.82,73.84,73.78,73.8
1782813240000,73.8,73.81,73.74,73.74
1782813420000,73.74,73.78,73.74,73.77
1782813600000,73.77,73.84,73.76,73.81
1782813780000,73.82,73.82,73.7,73.74
1782813960000,73.74,73.85,73.73,73.84
1782814140000,73.81,73.83,73.6,73.65
1782814320000,73.66,73.74,73.67,73.74
1782814500000,73.73,73.81,73.74,73.77
1782814680000,73.77,73.78,73.66,73.66
1782814860000,73.66,73.72,73.59,73.62
1782815040000,73.61,73.75,73.61,73.7
1782815220000,73.7,73.71,73.63,73.64
1782815400000,73.64,73.63,73.52,73.59
1782815580000,73.59,73.63,73.56,73.56
1782815760000,73.56,73.57,73.44,73.52
1782815940000,73.51,73.58,73.5,73.56
1782816120000,73.51,73.6,73.5,73.59
1782816300000,73.59,73.64,73.53,73.64
1782816480000,73.64,73.71,73.57,73.63
1782816660000,73.63,73.67,73.61,73.66
1782816840000,73.67,73.74,73.58,73.74
1782817020000,73.74,73.77,73.66,73.66
1782817200000,73.66,73.7,73.59,73.68
1782817380000,73.67,73.7,73.64,73.69
1782817560000,73.69,73.73,73.63,73.64
1782817740000,73.64,73.69,73.64,73.65
1782817920000,73.65,73.68,73.64,73.66
1782818100000,73.66,73.7,73.51,73.51
1782818280000,73.51,73.53,73.39,73.42
1782818460000,73.42,73.49,73.36,73.41
1782818640000,73.42,73.49,73.36,73.4
1782818820000,73.41,73.45,73.35,73.41
1782819000000,73.41,73.45,73.33,73.35
1782819180000,73.35,73.49,73.32,73.48
1782819360000,73.48,73.55,73.45,73.46
1782819540000,73.45,73.52,73.41,73.5
1782819720000,73.49,73.55,73.48,73.52
1782819900000,73.51,73.6,73.51,73.56
1782820080000,73.56,73.63,73.53,73.61
1782820260000,73.61,73.7,73.5,73.51
1782820440000,73.51,73.51,73.31,73.32
1782820620000,73.32,73.37,73.3,73.36
1782820800000,73.36,73.39,73.2,73.21
1782820980000,73.22,73.22,73.11,73.14
1782821160000,73.15,73.21,73.01,73.07
1782821340000,73.07,73.13,73.0,73.09
1782821520000,73.09,73.12,72.9,72.94
1782821700000,72.94,73.0,72.91,72.95
1782821880000,72.95,73.03,72.83,72.84
1782822060000,72.85,72.85,72.59,72.59
1782822240000,72.58,72.65,72.55,72.61
1782822420000,72.59,72.77,72.58,72.64
1782822600000,72.64,72.71,72.6,72.63
1782822780000,72.63,72.65,72.43,72.48
1782822960000,72.48,72.55,72.39,72.41
1782823140000,72.41,72.54,72.39,72.49
1782823320000,72.49,72.55,72.46,72.47
1782823500000,72.47,72.5,72.24,72.26
1782823680000,72.28,72.29,72.22,72.26
1782823860000,72.29,72.34,72.21,72.3
1782824040000,72.29,72.36,72.15,72.16
1782824220000,72.17,72.29,72.03,72.06
1782824400000,72.06,72.27,71.94,71.99
1782824580000,71.99,72.18,71.87,72.15
1782824760000,72.15,72.42,72.14,72.27
1782824940000,72.27,72.47,72.27,72.35
1782825120000,72.35,72.43,72.22,72.35
1782825300000,72.35,72.55,72.35,72.53
1782825480000,72.53,72.55,72.44,72.52
1782825660000,72.53,72.56,72.41,72.47
1782825840000,72.48,72.55,72.39,72.54
1782826020000,72.54,72.55,72.42,72.49
1782826200000,72.49,72.82,72.06,72.19
1782826380000,72.14,72.23,72.0,72.03
1782826560000,72.03,72.16,71.95,72.09
1782826740000,72.1,72.49,72.07,72.39
1782826920000,72.39,72.46,72.26,72.45
1782827100000,72.45,72.51,72.27,72.28
1782827280000,72.28,72.5,72.29,72.48
1782827460000,72.48,72.83,72.43,72.73
1782827640000,72.73,72.82,72.67,72.72
1782827820000,72.73,72.91,72.69,72.85
1782828000000,72.85,73.59,72.74,73.56
1782828180000,73.56,73.57,73.17,73.25
1782828360000,73.26,73.41,73.25,73.35
1782828540000,73.37,73.46,73.2,73.37
1782828720000,73.37,73.43,73.16,73.33
1782828900000,73.33,73.44,73.23,73.24
1782829080000,73.24,73.39,73.22,73.29
1782829260000,73.29,73.69,73.26,73.65
1782829440000,73.65,73.74,73.5,73.56
1782829620000,73.65,73.77,73.5,73.75
1782829800000,73.77,73.88,73.57,73.69
1782829980000,73.67,73.81,73.62,73.67
1782830160000,73.67,73.69,73.23,73.23
1782830340000,73.24,73.39,73.09,73.27
1782830520000,73.25,73.59,73.24,73.59
1782830700000,73.61,73.61,73.22,73.24
1782830880000,73.24,73.29,72.9,72.91
1782831060000,72.93,73.04,72.89,72.93
1782831240000,72.93,72.96,72.69,72.77
1782831420000,72.77,73.04,72.76,72.93
1782831600000,72.93,73.15,72.89,73.11
1782831780000,73.12,73.12,72.57,72.6
1782831960000,72.63,72.93,72.58,72.81
1782832140000,72.82,72.91,72.71,72.83
1782832320000,72.82,73.06,72.8,72.97
1782832500000,72.97,73.0,72.62,72.81
1782832680000,72.8,73.3,72.66,73.28
1782832860000,73.3,73.31,73.06,73.17
1782833040000,73.17,73.41,73.11,73.34
1782833220000,73.34,73.38,73.18,73.21
1782833400000,73.21,73.34,73.15,73.31
1782833580000,73.31,73.49,73.22,73.22
1782833760000,73.31,73.49,73.02,73.07
1782833940000,73.08,73.2,73.06,73.19
1782834120000,73.19,73.35,73.15,73.28
1782834300000,73.28,74.07,73.28,73.84
1782834480000,73.83,73.86,73.54,73.61
1782834660000,73.6,73.7,73.45,73.47
1782834840000,73.48,73.57,73.4,73.43
1782835020000,73.44,73.44,73.05,73.09
1782835200000,73.09,73.23,73.06,73.22
1782835380000,73.23,73.31,73.2,73.31
1782835560000,73.31,73.57,73.3,73.4
1782835740000,73.4,73.47,73.29,73.3
1782835920000,73.29,73.39,72.87,72.92
1782836100000,72.9,73.03,72.73,72.99
1782836280000,73.0,73.01,72.9,72.96
1782836460000,72.96,72.97,72.81,72.83
1782836640000,72.84,72.89,72.71,72.75
1782836820000,72.75,72.77,72.7,72.76
1782837000000,72.78,72.87,72.73,72.84
1782837180000,72.83,73.03,72.74,72.82
1782837360000,72.82,73.08,72.8,73.06
1782837540000,73.06,73.29,73.07,73.12
1782837720000,73.06,73.29,73.03,73.06
1782837900000,73.05,73.29,73.04,73.28
1782838080000,73.28,73.35,73.27,73.33
1782838260000,73.32,73.45,73.24,73.44
1782838440000,73.45,73.69,73.44,73.69
1782838620000,73.69,73.69,73.42,73.49
1782838800000,73.49,73.54,73.43,73.51
1782838980000,73.51,73.69,73.52,73.59
1782839160000,73.59,73.91,73.58,73.88
1782839340000,73.85,73.87,73.62,73.65
1782839520000,73.65,73.67,73.42,73.46
1782839700000,73.46,73.59,73.4,73.48
1782839880000,73.47,73.57,73.44,73.53
1782840060000,73.51,73.54,73.4,73.41
1782840240000,73.41,73.49,73.34,73.43
1782840420000,73.42,73.45,73.36,73.41
1782840600000,73.41,73.44,73.3,73.37
1782840780000,73.36,73.54,73.36,73.49
1782840960000,73.5,73.49,73.36,73.4
1782841140000,73.4,73.44,73.32,73.44
1782841320000,73.44,73.44,73.32,73.33
1782841500000,73.33,73.38,73.26,73.26
1782841680000,73.26,73.37,73.24,73.28
1782841860000,73.29,73.4,73.28,73.37
1782842040000,73.37,73.52,73.31,73.43
1782842220000,73.43,73.46,73.13,73.15
1782842400000,73.16,73.26,73.09,73.22
1782842580000,73.22,73.22,73.11,73.13
1782842760000,73.13,73.27,73.06,73.27
1782842940000,73.27,73.31,73.18,73.23
1782843120000,73.24,73.34,73.21,73.29
1782843300000,73.29,73.52,73.18,73.46
1782843480000,73.44,73.79,73.44,73.56
1782843660000,73.56,73.56,73.39,73.39
1782843840000,73.39,73.44,73.22,73.31
1782844020000,73.31,73.41,73.29,73.39
1782844200000,73.39,73.43,73.27,73.33
1782844380000,73.33,73.34,73.13,73.22
1782844560000,73.33,73.34,72.93,73.01
1782844740000,73.01,73.11,73.0,73.08
1782844920000,73.1,73.24,73.1,73.24
1782845100000,73.24,73.49,73.24,73.48
1782845280000,73.46,73.63,73.46,73.53
1782845460000,73.52,73.68,73.51,73.63
1782845640000,73.63,73.65,73.52,73.53
1782845820000,73.53,73.63,73.51,73.57
1782846000000,73.57,73.71,73.49,73.6
1782846180000,73.6,73.62,73.44,73.45
1782846360000,73.46,73.65,73.43,73.59
1782846540000,73.59,73.64,73.46,73.46
1782846720000,73.46,73.55,73.45,73.55
1782846900000,73.55,73.55,73.46,73.5
1782847080000,73.5,73.53,73.44,73.48
1782847260000,73.48,73.5,73.35,73.41
1782847440000,73.41,73.41,73.31,73.4
1782847620000,73.4,73.54,73.37,73.54
1782847800000,73.54,73.73,73.48,73.68
1782847980000,73.68,73.95,73.69,73.89
1782848160000,73.9,73.89,73.74,73.75
1782848340000,73.75,73.79,73.62,73.71
1782848520000,73.7,73.81,73.69,73.79
1782848700000,73.7,73.81,73.59,73.66
1782848880000,73.65,73.71,73.5,73.55
1782849060000,73.54,73.68,73.51,73.6
1782849240000,73.6,73.61,73.52,73.61
1782849420000,73.6,73.78,73.6,73.71
1782849600000,73.73,73.92,73.63,73.9
1782849780000,73.9,73.91,73.75,73.82
1782849960000,73.83,73.82,73.73,73.76
1782850140000,73.77,73.89,73.72,73.78
1782850320000,73.79,73.89,73.77,73.84
1782850500000,73.84,73.85,73.73,73.73
1782850680000,73.73,73.79,73.54,73.66
1782850860000,73.66,73.66,73.57,73.66
1782851040000,73.66,73.66,73.58,73.65
1782851220000,73.65,73.69,73.64,73.67
1782851400000,73.68,73.68,73.5,73.55
1782851580000,73.55,73.63,73.55,73.63
1782851760000,73.62,73.71,73.57,73.7
1782851940000,73.7,73.76,73.65,73.67
1782852120000,73.67,73.68,73.58,73.58
1782852300000,73.58,73.87,73.55,73.87
1782852480000,73.88,73.9,73.69,73.71
1782852660000,73.7,73.69,73.55,73.62
1782852840000,73.62,73.69,73.6,73.69
1782853020000,73.69,73.72,73.66,73.66
1782853200000,73.66,73.76,73.66,73.74
1782853380000,73.66,73.77,73.56,73.67
1782853560000,73.67,73.7,73.62,73.64
1782853740000,73.64,73.65,73.18,73.26
1782853920000,73.25,73.33,73.2,73.29
1782854100000,73.28,73.37,73.28,73.34
1782854280000,73.35,73.36,73.28,73.32
1782854460000,73.33,73.33,73.23,73.26
1782854640000,73.26,73.34,73.2,73.27
1782854820000,73.27,73.35,73.26,73.27
1782855000000,73.27,73.45,73.27,73.38
1782855180000,73.38,73.48,73.37,73.43
1782855360000,73.43,73.46,73.34,73.37
1782855540000,73.37,73.46,73.36,73.44
1782855720000,73.44,73.47,73.32,73.34
1782855900000,73.34,73.38,73.31,73.33
1782856080000,73.34,73.34,73.26,73.34
1782856260000,73.34,73.41,73.3,73.4
1782856440000,73.4,73.44,73.34,73.38
1782856620000,73.38,73.46,73.38,73.46
1782856800000,73.47,73.6,73.44,73.59
1782856980000,73.61,73.69,73.58,73.62
1782857160000,73.62,73.68,73.62,73.63
1782857340000,73.63,73.64,73.49,73.52
1782857520000,73.52,73.62,73.47,73.61
1782857700000,73.52,73.67,73.47,73.67
1782857880000,73.68,73.72,73.57,73.66
1782858060000,73.66,73.68,73.56,73.59
1782858240000,73.59,73.61,73.55,73.56
1782858420000,73.56,73.58,73.49,73.49
1782858600000,73.49,73.5,73.24,73.36
1782858780000,73.35,73.37,73.27,73.28
1782858960000,73.27,73.39,73.26,73.39
1782859140000,73.39,73.45,73.39,73.43
1782859320000,73.43,73.44,73.4,73.44
1782859500000,73.44,73.43,73.34,73.39
1782859680000,73.39,73.44,73.38,73.44
1782859860000,73.44,73.43,73.33,73.37
1782860040000,73.37,73.38,73.35,73.36
1782860220000,73.37,73.42,73.35,73.41
1782860400000,73.4,73.43,73.3,73.4
1782860580000,73.4,73.41,73.3,73.37
1782860760000,73.37,73.45,73.36,73.39
1782860940000,73.4,73.42,73.37,73.37
1782861120000,73.36,73.38,73.29,73.34
1782861300000,73.33,73.46,73.33,73.41
1782861480000,73.41,73.51,73.39,73.43
1782861660000,73.43,73.55,73.42,73.49
1782861840000,73.49,73.62,73.48,73.62
1782862020000,73.62,73.64,73.54,73.55
1782862200000,73.55,73.59,73.49,73.59
1782862380000,73.59,73.67,73.53,73.66
1782862560000,73.66,73.65,73.54,73.54
1782862740000,73.55,73.55,73.47,73.48
1782862920000,73.48,73.58,73.48,73.56
1782863100000,73.56,73.66,73.54,73.65
1782863280000,73.66,73.67,73.58,73.63
1782863460000,73.63,73.65,73.54,73.61
1782863640000,73.61,73.61,73.56,73.6
1782863820000,73.6,73.66,73.59,73.63
1782864000000,73.63,73.7,73.57,73.57
1782864180000,73.57,73.69,73.52,73.66
1782864360000,73.66,73.71,73.62,73.7
1782864540000,73.7,73.71,73.59,73.65
1782864720000,73.65,73.71,73.58,73.69
1782864900000,73.65,73.8,73.58,73.64
1782865080000,73.63,73.65,73.51,73.59
1782865260000,73.59,73.59,73.38,73.44
1782865440000,73.46,73.47,73.33,73.37
1782865620000,73.34,73.53,73.35,73.48
1782865800000,73.48,73.86,73.48,73.75
1782865980000,73.74,73.77,73.55,73.56
1782866160000,73.56,73.68,73.56,73.58
1782866340000,73.58,73.63,73.55,73.58
1782866520000,73.58,73.6,73.53,73.6
1782866700000,73.6,73.63,73.54,73.59
1782866880000,73.6,73.64,73.56,73.61
1782867060000,73.6,73.81,73.56,73.68
1782867240000,73.71,73.71,73.63,73.67
1782867420000,73.67,73.69,73.59,73.61
1782867600000,73.61,73.64,73.47,73.49
1782867780000,73.49,73.5,73.21,73.26
1782867960000,73.27,73.31,73.02,73.04
1782868140000,73.04,73.06,72.71,72.78
1782868320000,72.78,72.93,72.22,72.83
1782868500000,72.84,73.19,72.7,72.88
1782868680000,72.87,73.24,72.79,73.24
1782868860000,73.23,73.47,73.16,73.24
1782869040000,73.24,73.27,73.06,73.21
1782869220000,73.21,73.35,73.15,73.24
1782869400000,73.23,73.44,73.19,73.39
1782869580000,73.38,73.39,73.23,73.39
1782869760000,73.39,73.74,73.33,73.71
1782869940000,73.71,74.34,73.69,74.09
1782870120000,74.11,74.28,73.99,74.17
1782870300000,74.17,74.27,73.92,74.0
1782870480000,74.01,74.03,73.81,73.82
1782870660000,73.81,73.94,73.76,73.93
1782870840000,73.93,74.13,73.9,74.05
1782871020000,74.05,74.07,73.91,73.91
1782871200000,73.91,74.07,73.92,74.07
1782871380000,73.91,74.07,73.86,73.88
1782871560000,73.87,73.88,73.75,73.85
1782871740000,73.85,74.02,73.84,74.02
1782871920000,74.02,74.24,74.01,74.11
1782872100000,74.12,74.36,74.05,74.23
1782872280000,74.24,74.3,74.11,74.19
1782872460000,74.17,74.48,74.15,74.44
1782872640000,74.45,74.55,74.35,74.52
1782872820000,74.54,74.58,74.41,74.46
1782873000000,74.46,74.77,74.42,74.51
1782873180000,74.5,74.74,74.46,74.72
1782873360000,74.72,74.99,74.68,74.96
1782873540000,74.96,74.97,74.72,74.85
1782873720000,74.85,75.01,74.82,74.97
1782873900000,74.98,75.01,74.68,74.7
1782874080000,74.71,74.84,74.66,74.73
1782874260000,74.73,74.82,74.72,74.8
1782874440000,74.81,74.93,74.8,74.82
1782874620000,74.82,74.86,74.75,74.76
1782874800000,74.76,74.82,74.57,74.59
1782874980000,74.58,74.74,74.54,74.72
1782875160000,74.72,74.88,74.7,74.72
1782875340000,74.72,74.73,74.6,74.65
1782875520000,74.65,74.68,74.63,74.64
1782875700000,74.64,74.64,74.43,74.43
1782875880000,74.43,74.5,74.39,74.39
1782876060000,74.36,74.5,74.34,74.46
1782876240000,74.46,74.49,74.38,74.38
1782876420000,74.38,74.53,74.37,74.51
1782876600000,74.51,74.56,74.39,74.45
1782876780000,74.45,74.62,74.44,74.56
1782876960000,74.56,75.21,74.55,74.96
1782877140000,74.96,75.03,74.89,74.92
1782877320000,74.92,74.91,74.77,74.79
1782877500000,74.79,75.49,74.78,75.23
1782877680000,75.23,75.37,75.19,75.34
1782877860000,75.34,75.54,75.23,75.46
1782878040000,75.46,75.67,75.42,75.54
1782878220000,75.46,75.67,75.41,75.45
1782878400000,75.44,75.52,75.32,75.38
1782878580000,75.38,75.63,75.37,75.62
1782878760000,75.61,75.61,75.44,75.45
1782878940000,75.45,75.49,75.41,75.43
1782879120000,75.42,75.5,75.33,75.35
1782879300000,75.35,75.44,75.29,75.32
1782879480000,75.31,75.35,75.21,75.31
1782879660000,75.31,75.37,75.27,75.31
1782879840000,75.31,75.34,75.23,75.32
1782880020000,75.32,75.45,75.32,75.4
1782880200000,75.39,75.79,75.33,75.61
1782880380000,75.61,75.61,75.39,75.4
1782880560000,75.61,75.61,75.34,75.47
1782880740000,75.45,75.55,75.37,75.51
1782880920000,75.51,75.6,75.5,75.56
1782881100000,75.57,75.84,75.53,75.67
1782881280000,75.67,75.75,75.67,75.7
1782881460000,75.71,75.72,75.57,75.58
1782881640000,75.58,75.65,75.55,75.62
1782881820000,75.62,75.62,75.5,75.52
1782882000000,75.54,75.61,75.51,75.55
1782882180000,75.55,75.74,75.54,75.73
1782882360000,75.73,75.75,75.59,75.61
1782882540000,75.61,75.62,75.38,75.4
1782882720000,75.4,75.48,75.38,75.47
1782882900000,75.4,75.61,75.38,75.59
1782883080000,75.58,75.6,75.42,75.42
1782883260000,75.42,75.42,75.25,75.32
1782883440000,75.33,75.37,75.16,75.17
1782883620000,75.15,75.24,75.13,75.14
1782883800000,75.14,75.28,75.13,75.24
1782883980000,75.24,75.26,75.14,75.18
1782884160000,75.18,75.2,75.12,75.2
1782884340000,75.21,75.33,75.19,75.29
1782884520000,75.29,75.33,75.23,75.33
1782884700000,75.33,75.38,75.2,75.21
1782884880000,75.21,75.25,75.15,75.25
1782885060000,75.25,75.28,75.14,75.16
1782885240000,75.16,75.23,75.15,75.2
1782885420000,75.21,75.24,75.2,75.22
1782885600000,75.21,75.25,75.07,75.13
1782885780000,75.14,75.14,75.02,75.06
1782885960000,75.06,75.08,74.96,74.99
1782886140000,74.99,75.04,74.9,75.02
1782886320000,75.02,75.03,74.91,74.98
1782886500000,74.99,75.04,74.92,74.94
1782886680000,74.94,74.95,74.69,74.69
1782886860000,74.69,74.75,74.54,74.67
1782887040000,74.66,74.71,74.6,74.71
1782887220000,74.71,74.72,74.65,74.72
1782887400000,74.72,74.75,74.67,74.72
1782887580000,74.72,74.74,74.27,74.34
1782887760000,74.72,74.74,73.91,73.98
1782887940000,74.0,74.17,73.98,74.09
1782888120000,74.09,74.23,74.09,74.22
1782888300000,74.22,74.23,73.96,74.03
1782888480000,74.03,74.19,74.01,74.18
1782888660000,74.17,74.32,74.16,74.28
1782888840000,74.28,74.29,74.19,74.29
1782889020000,74.29,74.3,74.14,74.26
1782889200000,74.27,74.34,74.19,74.29
1782889380000,74.3,74.29,74.16,74.22
1782889560000,74.22,74.23,74.04,74.19
1782889740000,74.19,74.24,74.13,74.24
1782889920000,74.24,74.4,74.24,74.38
1782890100000,74.39,74.51,74.33,74.46
1782890280000,74.46,74.47,74.24,74.25
1782890460000,74.24,74.75,74.21,74.7
1782890640000,74.7,74.69,74.56,74.6
1782890820000,74.59,74.61,74.54,74.55
1782891000000,74.55,74.63,74.37,74.53
1782891180000,74.53,74.68,74.51,74.51
1782891360000,74.51,74.66,74.51,74.61
1782891540000,74.61,74.81,74.55,74.79
1782891720000,74.79,74.84,74.65,74.67
1782891900000,74.79,74.84,74.59,74.69
1782892080000,74.69,74.93,74.69,74.8
1782892260000,74.79,74.8,74.73,74.74
1782892440000,74.75,74.79,74.72,74.78
1782892620000,74.78,74.88,74.77,74.84
1782892800000,74.84,74.84,74.61,74.76
1782892980000,74.76,74.98,74.76,74.96
1782893160000,74.96,75.03,74.91,74.95
1782893340000,74.95,75.04,74.81,74.81
1782893520000,74.82,74.93,74.79,74.79
1782893700000,74.8,74.87,74.78,74.82
1782893880000,74.82,74.83,74.66,74.69
1782894060000,74.69,74.73,74.48,74.55
1782894240000,74.55,74.71,74.49,74.71
1782894420000,74.71,74.72,74.61,74.63
1782894600000,74.62,74.75,74.59,74.6
1782894780000,74.59,74.69,74.42,74.61
1782894960000,74.61,74.68,74.53,74.67
1782895140000,74.68,74.69,74.63,74.68
1782895320000,74.67,74.84,74.66,74.84
1782895500000,74.83,74.83,74.71,74.72
1782895680000,74.73,74.74,74.63,74.67
1782895860000,74.67,74.83,74.67,74.77
1782896040000,74.77,74.97,74.77,74.97
1782896220000,74.98,75.48,74.98,75.41
1782896400000,74.98,75.48,74.98,75.17
1782896580000,75.15,75.3,75.11,75.29
1782896760000,75.29,75.4,75.24,75.25
1782896940000,75.25,75.29,75.21,75.21
1782897120000,75.21,75.24,75.11,75.13
1782897300000,75.13,75.37,75.11,75.34
1782897480000,75.35,75.35,75.11,75.15
1782897660000,75.15,75.19,75.06,75.17
1782897840000,75.18,75.18,75.03,75.07
1782898020000,75.07,75.12,75.04,75.12
1782898200000,75.12,75.26,75.06,75.22
1782898380000,75.12,75.3,75.06,75.25
1782898560000,75.25,75.3,75.19,75.23
1782898740000,75.24,75.25,75.13,75.16
1782898920000,75.17,75.22,75.11,75.15
1782899100000,75.16,75.28,75.1,75.15
1782899280000,75.15,75.2,75.05,75.14
1782899460000,75.14,75.4,75.14,75.37
1782899640000,75.37,75.53,75.35,75.39
1782899820000,75.39,75.49,75.28,75.42
1782900000000,75.42,75.42,75.22,75.26
1782900180000,75.27,75.49,75.24,75.45
1782900360000,75.45,75.53,75.32,75.49
1782900540000,75.49,75.5,75.26,75.32
1782900720000,75.32,75.37,75.23,75.28
1782900900000,75.28,75.44,75.18,75.44
1782901080000,75.43,75.49,75.35,75.49
1782901260000,75.49,75.49,75.37,75.37
1782901440000,75.38,75.38,75.13,75.16
1782901620000,75.17,75.32,75.13,75.32
1782901800000,75.32,75.33,75.24,75.24
1782901980000,75.23,75.35,75.12,75.14
1782902160000,75.14,75.23,75.11,75.16
1782902340000,75.14,75.23,75.06,75.08
1782902520000,75.08,75.08,74.99,75.01
1782902700000,75.03,75.11,75.0,75.11
1782902880000,75.11,75.19,75.07,75.19
1782903060000,75.18,75.19,75.09,75.12
1782903240000,75.11,75.12,75.0,75.07
1782903420000,75.07,75.08,74.93,74.95
1782903600000,74.95,75.0,74.63,74.76
1782903780000,74.77,74.93,74.77,74.86
1782903960000,74.86,74.96,74.79,74.82
1782904140000,74.82,75.0,74.75,74.91
1782904320000,74.91,75.12,74.92,75.11
1782904500000,74.91,75.21,74.92,75.12
1782904680000,75.11,75.29,75.09,75.12
1782904860000,75.11,75.17,74.99,75.01
1782905040000,74.99,75.14,74.99,75.08
1782905220000,75.07,75.11,74.99,74.99
1782905400000,74.99,75.07,74.87,74.94
1782905580000,74.94,74.97,74.82,74.96
1782905760000,74.97,74.99,74.91,74.95
1782905940000,74.94,74.93,74.83,74.83
1782906120000,74.83,74.93,74.82,74.93
1782906300000,74.93,74.99,74.89,74.89
1782906480000,74.89,74.92,74.74,74.79
1782906660000,74.79,74.83,74.74,74.77
1782906840000,74.79,74.83,74.61,74.65
1782907020000,74.68,74.82,74.63,74.81
1782907200000,74.81,74.93,74.65,74.68
1782907380000,74.69,74.73,74.64,74.73
1782907560000,74.74,74.74,74.5,74.66
1782907740000,74.65,74.83,74.51,74.53
1782907920000,74.5,74.59,74.34,74.45
1782908100000,74.45,74.62,74.44,74.51
1782908280000,74.51,74.58,74.46,74.55
1782908460000,74.55,74.58,74.48,74.55
1782908640000,74.57,74.65,74.51,74.58
1782908820000,74.58,74.64,74.57,74.57
1782909000000,74.58,74.64,74.41,74.53
1782909180000,74.53,74.67,74.32,74.47
1782909360000,74.46,74.49,74.35,74.43
1782909540000,74.45,74.51,74.36,74.51
1782909720000,74.51,74.51,74.38,74.46
1782909900000,74.46,74.48,74.39,74.39
1782910080000,74.39,74.53,74.33,74.51
1782910260000,74.51,74.52,74.23,74.25
1782910440000,74.25,74.5,74.25,74.48
1782910620000,74.48,74.59,74.45,74.57
1782910800000,74.57,74.93,74.56,74.9
1782910980000,74.57,74.98,74.56,74.86
1782911160000,74.84,74.91,74.76,74.79
1782911340000,74.79,74.97,74.78,74.97
1782911520000,74.99,75.03,74.87,74.91
1782911700000,74.9,75.09,74.91,75.04
1782911880000,75.04,75.09,74.81,74.93
1782912060000,74.93,75.28,74.92,75.21
1782912240000,75.22,75.23,75.0,75.16
1782912420000,75.15,75.38,75.15,75.32
1782912600000,75.32,75.39,74.62,75.28
1782912780000,75.28,75.34,74.99,75.19
1782912960000,75.19,75.56,75.14,75.31
1782913140000,75.19,75.66,75.14,75.49
1782913320000,75.48,75.56,75.39,75.5
1782913500000,75.47,75.68,75.31,75.49
1782913680000,75.47,75.73,75.44,75.62
1782913860000,75.62,76.08,75.59,75.96
1782914040000,75.96,76.1,75.83,75.9
1782914220000,75.9,76.05,75.84,76.01
1782914400000,76.0,75.99,75.61,75.71
1782914580000,75.72,75.98,75.68,75.84
1782914760000,75.85,75.93,75.75,75.87
1782914940000,75.87,76.29,75.84,76.2
1782915120000,76.2,76.29,76.07,76.27
1782915300000,76.27,77.23,76.19,77.13
1782915480000,77.16,77.19,76.83,76.84
1782915660000,76.82,77.01,76.78,76.89
1782915840000,76.91,76.94,76.64,76.67
1782916020000,76.67,76.71,76.55,76.64
1782916200000,76.64,76.92,76.57,76.6
1782916380000,76.59,76.74,76.32,76.55
1782916560000,76.54,76.67,76.42,76.59
1782916740000,76.59,76.86,76.57,76.82
1782916920000,76.83,76.98,76.78,76.84
1782917100000,76.84,76.87,76.37,76.77
1782917280000,76.78,77.09,76.77,76.96
1782917460000,76.96,77.13,76.94,77.07
1782917640000,76.96,77.13,76.7,76.88
1782917820000,76.88,76.94,76.81,76.93
1782918000000,76.94,77.06,76.82,77.04
1782918180000,77.05,77.14,76.95,77.09
1782918360000,77.09,77.44,76.96,77.05
1782918540000,77.02,77.1,76.94,77.05
1782918720000,77.05,77.05,76.92,76.98
1782918900000,76.97,77.05,76.82,76.87
1782919080000,76.9,76.96,76.79,76.94
1782919260000,76.92,77.78,76.93,77.63
1782919440000,77.62,77.65,77.38,77.58
1782919620000,77.56,77.67,77.47,77.51
1782919800000,77.51,77.6,77.3,77.37
1782919980000,77.37,77.41,77.19,77.22
1782920160000,77.37,77.41,77.18,77.27
1782920340000,77.25,77.35,77.21,77.33
1782920520000,77.33,77.44,77.31,77.41
1782920700000,77.41,77.42,77.27,77.32
1782920880000,77.32,77.37,77.11,77.14
1782921060000,77.13,77.27,77.06,77.21
1782921240000,77.2,77.29,77.13,77.28
1782921420000,77.28,77.46,77.27,77.39
1782921600000,77.39,77.41,77.22,77.29
1782921780000,77.29,77.33,77.14,77.23
1782921960000,77.23,77.46,77.22,77.42
1782922140000,77.42,77.46,77.27,77.43
1782922320000,77.42,77.46,77.25,77.25
1782922500000,77.26,77.57,77.24,77.5
1782922680000,77.5,77.63,77.37,77.42
1782922860000,77.42,77.44,77.29,77.34
1782923040000,77.35,77.7,77.29,77.68
1782923220000,77.67,78.2,77.63,77.73
1782923400000,77.74,77.79,77.64,77.66
1782923580000,77.66,77.65,77.55,77.59
1782923760000,77.59,77.6,77.48,77.51
1782923940000,77.51,77.55,77.45,77.49
1782924120000,77.49,77.63,77.47,77.63
1782924300000,77.63,77.63,77.45,77.56
1782924480000,77.56,77.56,77.25,77.39
1782924660000,77.39,77.39,77.18,77.24
1782924840000,77.24,77.24,76.86,76.96
1782925020000,76.96,77.13,76.96,77.12
1782925200000,77.13,77.17,76.97,77.01
1782925380000,77.01,77.01,76.81,76.91
1782925560000,76.91,77.02,76.82,77.01
1782925740000,77.0,77.21,76.99,77.12
1782925920000,77.12,77.22,77.13,77.21
1782926100000,77.21,77.32,77.18,77.18
1782926280000,77.17,77.69,77.16,77.55
1782926460000,77.55,77.84,77.41,77.82
1782926640000,77.82,77.91,77.72,77.81
1782926820000,77.81,77.84,77.66,77.69
1782927000000,77.68,77.83,77.63,77.64
1782927180000,77.65,77.7,77.55,77.68
1782927360000,77.68,77.88,77.64,77.75
1782927540000,77.75,77.8,77.61,77.64
1782927720000,77.64,77.72,77.61,77.62
1782927900000,77.61,77.79,77.6,77.76
1782928080000,77.76,77.85,77.72,77.76
1782928260000,77.76,77.84,77.69,77.83
1782928440000,77.76,77.84,77.69,77.75
1782928620000,77.77,77.77,77.68,77.72
1782928800000,77.72,77.84,77.65,77.76
1782928980000,77.75,77.86,77.75,77.83
1782929160000,77.81,77.83,77.6,77.61
1782929340000,77.62,77.66,77.47,77.52
1782929520000,77.52,77.74,77.53,77.7
1782929700000,77.71,77.72,77.55,77.64
1782929880000,77.65,77.82,77.62,77.63
1782930060000,77.63,77.64,77.49,77.53
1782930240000,77.53,77.62,77.53,77.58
1782930420000,77.53,77.62,77.53,77.58
1782930600000,77.58,77.58,77.3,77.51
1782930780000,77.49,77.69,77.48,77.69
1782930960000,77.69,77.73,77.6,77.67
1782931140000,77.68,77.73,77.67,77.72
1782931320000,77.72,77.74,77.63,77.71
1782931500000,77.71,77.72,77.35,77.41
1782931680000,77.42,77.58,77.36,77.56
1782931860000,77.55,77.58,77.33,77.35
1782932040000,77.35,77.39,77.25,77.37
1782932220000,77.37,77.39,77.25,77.38
1782932400000,77.38,77.6,77.36,77.56
1782932580000,77.58,77.64,77.51,77.6
1782932760000,77.59,77.59,77.5,77.55
1782932940000,77.55,77.62,77.45,77.45
1782933120000,77.45,77.48,77.38,77.48
1782933300000,77.49,77.54,77.44,77.47
1782933480000,77.46,77.57,77.4,77.45
1782933660000,77.45,77.46,77.4,77.42
1782933840000,77.41,77.42,77.13,77.17
1782934020000,77.17,77.23,77.15,77.19
1782934200000,77.19,77.34,77.19,77.29
1782934380000,77.29,77.33,77.17,77.18
1782934560000,77.18,77.31,77.16,77.29
1782934740000,77.29,77.28,77.17,77.21
1782934920000,77.18,77.31,77.17,77.29
1782935100000,77.29,77.29,77.06,77.15
1782935280000,77.15,77.24,77.1,77.17
1782935460000,77.16,77.17,76.97,77.04
1782935640000,77.04,77.08,76.89,76.9
1782935820000,76.89,76.96,76.76,76.96
1782936000000,76.98,77.01,76.72,76.75
1782936180000,76.75,76.88,76.75,76.77
1782936360000,76.77,76.89,76.76,76.79
1782936540000,76.79,76.8,76.66,76.73
1782936720000,76.73,76.88,76.69,76.81
1782936900000,76.81,76.86,76.61,76.62
1782937080000,76.62,76.65,76.56,76.61
1782937260000,76.62,76.69,76.56,76.65
1782937440000,76.65,76.77,76.63,76.73
1782937620000,76.75,76.88,76.72,76.84
1782937800000,76.83,76.97,76.8,76.89
1782937980000,76.93,76.99,76.84,76.91
1782938160000,76.92,76.97,76.85,76.96
1782938340000,76.96,77.28,76.95,77.05
1782938520000,77.04,77.21,77.04,77.18
1782938700000,77.18,77.26,77.19,77.24
1782938880000,77.25,77.48,77.23,77.33
1782939060000,77.33,77.41,77.25,77.26
1782939240000,77.26,77.39,77.24,77.38
1782939420000,77.26,77.43,77.24,77.38
1782939600000,77.38,77.62,77.38,77.58
1782939780000,77.58,77.79,77.54,77.71
1782939960000,77.71,77.91,77.66,77.9
1782940140000,77.9,77.98,77.8,77.97
1782940320000,78.04,78.06,77.71,77.84
1782940500000,77.85,77.89,77.69,77.88
1782940680000,77.88,77.87,77.73,77.74
1782940860000,77.74,77.86,77.71,77.76
1782941040000,77.77,77.86,77.65,77.71
1782941220000,77.71,77.9,77.71,77.8
1782941400000,77.8,78.03,77.78,78.01
1782941580000,78.01,78.63,77.94,78.32
1782941760000,78.01,78.63,77.94,78.28
1782941940000,78.26,78.37,78.12,78.27
1782942120000,78.26,78.27,78.09,78.18
1782942300000,78.18,78.22,78.12,78.19
1782942480000,78.19,78.3,78.19,78.24
1782942660000,78.25,78.67,78.24,78.53
1782942840000,78.52,78.55,78.35,78.45
1782943020000,78.44,78.48,78.4,78.41
1782943200000,78.38,78.37,78.23,78.29
1782943380000,78.29,78.35,78.16,78.21
1782943560000,78.21,78.3,78.19,78.26
1782943740000,78.27,78.33,78.23,78.26
1782943920000,78.27,78.3,78.25,78.25
1782944100000,78.25,78.39,78.25,78.37
1782944280000,78.37,78.39,78.28,78.38
1782944460000,78.38,78.92,78.37,78.64
1782944640000,78.64,78.88,78.52,78.57
1782944820000,78.57,78.57,78.18,78.2
1782945000000,78.19,78.37,78.14,78.22
1782945180000,78.22,78.25,78.08,78.15
1782945360000,78.14,78.26,77.99,78.02
1782945540000,78.02,78.22,78.0,78.18
1782945720000,78.19,78.19,78.02,78.02
1782945900000,78.02,78.03,77.83,77.95
1782946080000,77.95,77.98,77.75,77.8
1782946260000,77.8,77.91,77.76,77.88
1782946440000,77.88,77.89,77.72,77.74
1782946620000,77.75,77.9,77.73,77.82
1782946800000,77.83,77.85,77.52,77.56
1782946980000,77.56,77.75,77.56,77.61
1782947160000,77.61,77.63,77.56,77.62
1782947340000,77.61,77.7,77.5,77.51
1782947520000,77.51,77.55,77.46,77.49
1782947700000,77.51,77.58,77.34,77.57
1782947880000,77.57,77.66,77.52,77.59
1782948060000,77.59,77.71,77.57,77.58
1782948240000,77.58,77.68,77.58,77.64
1782948420000,77.58,77.68,77.54,77.65
1782948600000,77.65,77.75,77.63,77.65
1782948780000,77.61,77.71,77.49,77.53
1782948960000,77.53,77.62,77.47,77.56
1782949140000,77.56,77.56,77.43,77.43
1782949320000,77.45,77.57,77.45,77.49
1782949500000,77.49,77.52,77.41,77.46
1782949680000,77.51,77.59,77.22,77.38
1782949860000,77.38,77.46,77.31,77.44
1782950040000,77.44,77.48,77.41,77.43
1782950220000,77.43,77.47,77.37,77.42
1782950400000,77.42,77.44,77.18,77.19
1782950580000,77.19,77.38,77.09,77.38
1782950760000,77.38,77.41,77.26,77.41
1782950940000,77.38,77.41,77.26,77.32
1782951120000,77.32,77.37,77.28,77.28
1782951300000,77.29,77.33,77.11,77.13
1782951480000,77.13,77.17,77.05,77.16
1782951660000,77.16,77.35,77.14,77.2
1782951840000,77.2,77.31,77.2,77.23
1782952020000,77.24,77.24,77.14,77.16
1782952200000,77.16,77.18,77.06,77.07
1782952380000,77.07,77.07,76.97,77.03
1782952560000,77.03,77.07,76.93,76.95
1782952740000,76.96,77.02,76.89,76.97
1782952920000,76.97,76.98,76.87,76.95
1782953100000,76.95,77.04,76.95,77.03
1782953280000,77.03,77.32,77.02,77.27
1782953460000,77.27,77.33,77.25,77.27
1782953640000,77.28,77.27,77.18,77.18
1782953820000,77.18,77.24,77.15,77.22
1782954000000,77.22,77.33,77.19,77.32
1782954180000,77.31,77.37,77.23,77.27
1782954360000,77.27,77.32,77.2,77.31
1782954540000,77.31,77.46,77.31,77.4
1782954720000,77.4,77.63,77.39,77.59
1782954900000,77.59,77.67,77.51,77.52
1782955080000,77.53,77.81,77.52,77.74
1782955260000,77.74,77.75,77.63,77.74
1782955440000,77.74,77.88,77.63,77.86
1782955620000,77.87,77.91,77.73,77.9
1782955800000,77.91,78.25,77.91,78.24
1782955980000,78.27,78.31,78.12,78.24
1782956160000,78.24,78.42,78.23,78.36
1782956340000,78.34,78.67,78.27,78.32
1782956520000,78.32,78.33,78.26,78.28
1782956700000,78.28,78.37,78.22,78.32
1782956880000,78.32,78.35,78.01,78.05
1782957060000,78.04,78.07,77.97,78.04
1782957240000,78.04,78.09,77.96,78.07
1782957420000,78.07,78.17,78.06,78.17
1782957600000,78.16,78.16,77.94,77.96
1782957780000,77.95,78.09,77.92,78.06
1782957960000,78.06,78.09,77.87,77.93
1782958140000,77.92,77.95,77.77,77.89
1782958320000,77.89,78.09,77.89,78.01
1782958500000,78.01,78.19,78.01,78.08
1782958680000,78.1,78.14,78.01,78.11
1782958860000,78.11,78.15,78.03,78.14
1782959040000,78.14,78.22,78.11,78.19
1782959220000,78.19,78.21,78.12,78.14
1782959400000,78.14,78.33,78.07,78.32
1782959580000,78.32,78.33,78.2,78.32
1782959760000,78.34,78.49,78.29,78.42
1782959940000,78.42,78.47,78.36,78.47
1782960120000,78.47,78.48,78.39,78.47
1782960300000,78.47,78.56,78.41,78.51
1782960480000,78.51,78.52,78.3,78.33
1782960660000,78.34,78.38,78.26,78.3
1782960840000,78.3,78.42,78.29,78.41
1782961020000,78.41,78.43,78.35,78.39
1782961200000,78.39,78.51,78.39,78.45
1782961380000,78.45,78.49,78.36,78.41
1782961560000,78.41,78.47,78.38,78.43
1782961740000,78.44,78.45,78.33,78.37
1782961920000,78.37,78.43,78.31,78.39
1782962100000,78.39,78.41,78.29,78.29
1782962280000,78.29,78.29,78.09,78.11
1782962460000,78.1,78.11,77.92,77.96
1782962640000,77.96,77.96,77.91,77.94
1782962820000,77.94,78.68,77.92,78.42
1782963000000,78.43,78.42,78.22,78.29
1782963180000,78.29,78.42,78.29,78.36
1782963360000,78.36,78.57,78.25,78.53
1782963540000,78.53,78.57,78.47,78.5
1782963720000,78.5,78.57,78.46,78.51
1782963900000,78.5,78.57,78.34,78.46
1782964080000,78.46,78.8,78.36,78.74
1782964260000,78.73,78.95,78.61,78.71
1782964440000,78.71,78.79,78.68,78.69
1782964620000,78.69,78.84,78.62,78.67
1782964800000,78.68,78.68,78.45,78.61
1782964980000,78.62,78.65,78.53,78.55
1782965160000,78.54,78.57,78.33,78.33
1782965340000,78.33,78.51,78.33,78.39
1782965520000,78.39,78.51,78.38,78.47
1782965700000,78.47,78.47,78.34,78.38
1782965880000,78.47,78.47,78.31,78.43
1782966060000,78.43,78.43,78.22,78.25
1782966240000,78.26,78.3,78.21,78.21
1782966420000,78.22,78.26,78.2,78.25
1782966600000,78.25,78.26,78.07,78.17
1782966780000,78.17,78.17,78.13,78.15
1782966960000,78.14,78.15,78.08,78.09
1782967140000,78.09,78.14,78.03,78.05
1782967320000,78.05,78.18,78.02,78.18
1782967500000,78.18,78.27,78.12,78.19
1782967680000,78.18,78.28,78.12,78.25
1782967860000,78.28,78.38,78.25,78.34
1782968040000,78.34,78.35,78.23,78.29
1782968220000,78.29,78.3,78.23,78.25
1782968400000,78.25,78.25,78.07,78.1
1782968580000,78.08,78.19,78.05,78.19
1782968760000,78.19,78.19,78.12,78.12
1782968940000,78.12,78.29,78.13,78.25
1782969120000,78.23,78.31,78.21,78.25
1782969300000,78.25,78.28,78.14,78.26
1782969480000,78.26,78.27,78.21,78.21
1782969660000,78.21,78.22,78.09,78.12
1782969840000,78.21,78.22,78.03,78.08
1782970020000,78.08,78.09,78.0,78.02
1782970200000,78.02,78.05,77.96,78.04
1782970380000,78.04,78.09,77.94,78.09
1782970560000,78.09,78.11,77.84,77.87
1782970740000,77.87,77.88,77.77,77.81
1782970920000,77.81,77.87,77.74,77.8
1782971100000,77.81,77.88,77.77,77.82
1782971280000,77.82,77.93,77.81,77.88
1782971460000,77.88,78.03,77.87,78.02
1782971640000,78.02,78.07,77.99,78.04
1782971820000,78.04,78.09,78.04,78.07
1782972000000,78.04,78.16,78.04,78.13
1782972180000,78.07,78.16,77.95,78.03
1782972360000,78.03,78.04,77.88,77.99
1782972540000,77.99,78.03,77.93,78.03
1782972720000,78.03,78.06,77.96,78.04
1782972900000,78.04,78.13,77.99,78.13
1782973080000,78.11,78.24,78.04,78.24
1782973260000,78.24,78.35,78.22,78.25
1782973440000,78.26,78.35,78.19,78.28
1782973620000,78.29,78.29,78.17,78.21
1782973800000,78.21,78.51,78.18,78.51
1782973980000,78.21,78.59,78.18,78.46
1782974160000,78.51,78.59,78.33,78.34
1782974340000,78.34,78.35,78.26,78.26
1782974520000,78.25,78.25,78.04,78.09
1782974700000,78.08,78.13,77.83,77.93
1782974880000,77.92,77.94,77.69,77.75
1782975060000,77.75,77.85,77.73,77.85
1782975240000,77.85,77.89,77.81,77.85
1782975420000,77.85,77.94,77.84,77.86
1782975600000,77.86,77.93,77.81,77.88
1782975780000,77.88,77.89,77.62,77.72
1782975960000,77.88,77.89,77.62,77.76
1782976140000,77.73,77.85,77.64,77.82
1782976320000,77.82,77.82,77.71,77.76
1782976500000,77.76,77.92,77.7,77.71
1782976680000,77.71,77.72,77.54,77.71
1782976860000,77.71,77.77,77.66,77.76
1782977040000,77.76,77.8,77.64,77.64
1782977220000,77.64,77.75,77.62,77.7
1782977400000,77.7,77.73,77.64,77.7
1782977580000,77.69,77.79,77.59,77.76
1782977760000,77.76,77.82,77.71,77.82
1782977940000,77.82,77.88,77.81,77.84
1782978120000,77.83,77.94,77.81,77.94
1782978300000,77.94,77.99,77.88,77.92
1782978480000,77.91,78.17,77.89,78.07
1782978660000,78.04,78.07,77.95,77.96
1782978840000,77.96,77.98,77.9,77.95
1782979020000,77.95,77.97,77.88,77.95
1782979200000,77.96,78.02,77.9,78.02
1782979380000,78.02,78.16,77.99,78.16
1782979560000,78.17,78.2,78.02,78.19
1782979740000,78.19,78.19,77.98,77.99
1782979920000,77.99,78.09,77.98,78.09
1782980100000,78.09,78.23,78.09,78.17
1782980280000,78.17,78.23,78.15,78.19
1782980460000,78.17,78.26,78.15,78.19
1782980640000,78.19,78.26,78.15,78.16
1782980820000,78.18,78.2,78.14,78.16
1782981000000,78.16,78.21,78.06,78.18
1782981180000,78.19,78.44,78.17,78.41
1782981360000,78.41,78.42,78.26,78.28
1782981540000,78.28,78.35,78.27,78.31
1782981720000,78.31,78.37,78.27,78.36
1782981900000,78.36,78.47,78.3,78.38
1782982080000,78.38,78.41,78.36,78.38
1782982260000,78.39,78.39,78.33,78.39
1782982440000,78.39,78.44,78.36,78.41
1782982620000,78.41,78.43,78.36,78.43
1782982800000,78.41,78.47,78.33,78.47
1782982980000,78.47,78.49,78.33,78.33
1782983160000,78.33,78.37,78.25,78.3
1782983340000,78.3,78.56,78.26,78.52
1782983520000,78.52,78.57,78.39,78.39
1782983700000,78.39,78.44,78.29,78.34
1782983880000,78.33,78.51,78.34,78.47
1782984060000,78.47,78.64,78.46,78.56
1782984240000,78.56,78.63,78.52,78.61
1782984420000,78.61,78.83,78.6,78.79
1782984600000,78.61,79.35,78.6,79.09
1782984780000,79.08,79.49,79.06,79.42
1782984960000,79.43,79.66,79.36,79.59
1782985140000,79.59,79.65,79.41,79.53
1782985320000,79.51,79.76,79.4,79.43
1782985500000,79.44,79.44,79.21,79.37
1782985680000,79.38,79.46,79.3,79.32
1782985860000,79.32,79.67,79.31,79.59
1782986040000,79.58,79.67,79.45,79.47
1782986220000,79.47,79.63,79.43,79.43
1782986400000,79.47,79.63,79.39,79.45
1782986580000,79.44,79.67,79.39,79.64
1782986760000,79.65,79.83,79.55,79.56
1782986940000,79.56,79.67,79.5,79.64
1782987120000,79.64,79.7,79.58,79.68
1782987300000,79.65,79.66,79.41,79.5
1782987480000,79.49,79.86,79.45,79.79
1782987660000,79.77,80.07,79.72,79.97
1782987840000,80.07,80.56,80.01,80.4
1782988020000,80.39,80.57,80.12,80.21
1782988200000,80.21,80.38,80.18,80.19
1782988380000,80.21,80.77,80.17,80.74
1782988560000,80.75,80.86,80.55,80.7
1782988740000,80.7,80.97,80.69,80.96
1782988920000,80.97,81.32,80.96,81.05
1782989100000,81.05,81.24,80.88,81.09
1782989280000,81.08,81.44,81.06,81.32
1782989460000,81.36,81.87,81.35,81.68
1782989640000,81.68,81.97,81.43,81.55
1782989820000,81.55,82.18,81.48,82.08
1782990000000,82.08,82.08,81.52,81.57
1782990180000,81.57,81.69,81.5,81.62
1782990360000,81.61,81.97,81.57,81.74
1782990540000,81.74,82.58,81.67,82.43
1782990720000,82.45,82.64,82.21,82.28
1782990900000,82.28,82.29,82.07,82.11
1782991080000,82.12,82.17,81.94,81.94
1782991260000,81.95,82.48,81.94,82.35
1782991440000,82.34,82.77,82.34,82.71
1782991620000,82.7,82.72,82.26,82.51
1782991800000,82.53,82.7,82.34,82.37
1782991980000,82.37,82.52,82.16,82.29
1782992160000,82.29,82.52,82.24,82.26
1782992340000,82.26,82.47,82.23,82.47
1782992520000,82.47,82.55,82.39,82.42
1782992700000,82.41,82.54,82.28,82.29
1782992880000,82.34,82.39,82.26,82.38
1782993060000,82.37,82.46,82.3,82.42
1782993240000,82.43,82.44,81.98,82.18
1782993420000,82.17,82.46,82.07,82.37
1782993600000,82.36,82.36,82.15,82.27
1782993780000,82.27,82.31,82.15,82.29
1782993960000,82.29,82.44,82.26,82.29
1782994140000,82.29,82.44,82.17,82.24
1782994320000,82.29,82.42,82.15,82.26
1782994500000,82.26,82.39,82.01,82.01
1782994680000,81.99,82.08,81.65,81.76
1782994860000,81.77,81.86,81.68,81.77
1782995040000,81.77,81.89,81.7,81.86
1782995220000,81.87,82.22,81.78,82.02
1782995400000,82.03,82.38,81.44,81.61
1782995580000,81.62,81.7,81.18,81.22
1782995760000,81.23,81.41,81.21,81.29
1782995940000,81.29,81.42,81.08,81.09
1782996120000,81.09,81.25,81.08,81.18
1782996300000,81.09,81.39,81.08,81.29
1782996480000,81.19,81.45,81.17,81.43
1782996660000,81.42,81.46,81.22,81.44
1782996840000,81.44,81.44,81.22,81.3
1782997020000,81.29,81.38,81.2,81.36
1782997200000,81.36,81.44,81.21,81.25
1782997380000,81.25,81.51,81.24,81.48
1782997560000,81.48,81.63,81.36,81.4
1782997740000,81.4,81.59,81.4,81.49
1782997920000,81.5,81.63,81.38,81.42
1782998100000,81.42,81.49,81.13,81.16
1782998280000,81.16,81.36,81.15,81.35
1782998460000,81.16,81.49,81.15,81.49
1782998640000,81.49,81.64,81.33,81.47
1782998820000,81.43,81.45,80.69,80.86
1782999000000,80.91,81.39,80.73,81.19
1782999180000,81.19,81.62,81.18,81.45
1782999360000,81.45,81.79,81.4,81.59
1782999540000,81.59,81.75,81.55,81.64
1782999720000,81.64,81.76,81.59,81.76
1782999900000,81.75,81.96,81.56,81.93
1783000080000,81.92,81.92,81.54,81.56
1783000260000,81.56,81.67,81.45,81.46
1783000440000,81.48,81.58,81.31,81.31
1783000620000,81.35,81.5,81.34,81.46
1783000800000,81.48,81.49,81.26,81.47
1783000980000,81.45,81.46,81.08,81.15
1783001160000,81.15,81.29,81.06,81.18
1783001340000,81.18,81.26,81.03,81.24
1783001520000,81.24,81.41,81.19,81.26
1783001700000,81.26,81.43,81.12,81.21
1783001880000,81.19,81.23,80.78,80.85
1783002060000,80.86,80.95,80.68,80.69
1783002240000,80.69,80.78,80.52,80.58
1783002420000,80.69,80.78,80.4,80.55
1783002600000,80.55,80.78,80.49,80.62
1783002780000,80.64,80.69,80.38,80.41
1783002960000,80.4,80.87,80.38,80.69
1783003140000,80.69,80.76,80.43,80.46
1783003320000,80.46,80.61,80.41,80.49
1783003500000,80.5,80.69,80.49,80.59
1783003680000,80.59,80.83,80.53,80.73
1783003860000,80.74,80.82,80.17,80.27
1783004040000,80.27,80.31,80.07,80.24
1783004220000,80.24,80.49,80.2,80.49
1783004400000,80.49,80.63,80.45,80.52
1783004580000,80.51,80.56,80.2,80.23
1783004760000,80.51,80.56,80.04,80.2
1783004940000,80.19,80.29,80.11,80.27
1783005120000,80.25,80.38,80.23,80.31
1783005300000,80.32,80.45,80.2,80.27
1783005480000,80.27,80.47,80.25,80.45
1783005660000,80.45,80.6,80.41,80.58
1783005840000,80.58,80.71,80.55,80.65
1783006020000,80.66,80.74,80.6,80.64
1783006200000,80.63,80.73,80.62,80.68
1783006380000,80.68,80.82,80.57,80.8
1783006560000,80.8,80.8,80.49,80.57
1783006740000,80.8,80.8,80.49,80.64
1783006920000,80.64,80.78,80.63,80.71
1783007100000,80.71,80.79,80.67,80.67
1783007280000,80.67,80.75,80.54,80.54
1783007460000,80.55,80.61,80.52,80.57
1783007640000,80.57,80.78,80.59,80.78
1783007820000,80.78,80.88,80.76,80.79
1783008000000,80.82,80.89,80.66,80.68
1783008180000,80.67,81.03,80.62,80.98
1783008360000,80.98,80.98,80.81,80.88
1783008540000,80.88,81.05,80.84,80.94
1783008720000,80.94,81.05,80.87,80.97
1783008900000,80.97,80.97,80.65,80.66
1783009080000,80.97,80.97,80.6,80.62
1783009260000,80.62,80.67,80.58,80.64
1783009440000,80.64,80.77,80.62,80.69
1783009620000,80.69,80.69,80.34,80.45
1783009800000,80.46,80.67,80.45,80.48
1783009980000,80.49,80.53,80.25,80.33
1783010160000,80.33,80.34,80.2,80.2
1783010340000,80.2,80.34,80.09,80.24
1783010520000,80.24,80.27,80.15,80.19
1783010700000,80.19,80.32,80.17,80.3
1783010880000,80.3,80.56,80.24,80.51
1783011060000,80.5,80.72,80.49,80.63
1783011240000,80.63,80.69,80.56,80.57
1783011420000,80.63,80.69,80.48,80.49
1783011600000,80.5,80.66,80.47,80.66
1783011780000,80.66,80.81,80.51,80.8
1783011960000,80.81,80.87,80.69,80.8
1783012140000,80.81,80.84,80.57,80.74
1783012320000,80.74,80.94,80.73,80.88
1783012500000,80.88,81.03,80.84,80.93
1783012680000,80.93,80.99,80.89,80.97
1783012860000,80.97,81.19,80.94,81.12
1783013040000,81.12,81.12,80.99,81.03
1783013220000,81.03,81.13,81.03,81.08
1783013400000,81.08,81.08,80.91,80.95
1783013580000,81.08,81.08,80.68,80.74
1783013760000,80.75,80.75,80.63,80.71
1783013940000,80.72,80.89,80.71,80.88
1783014120000,80.86,80.9,80.81,80.81
1783014300000,80.84,80.89,80.72,80.73
1783014480000,80.73,80.74,80.59,80.71
1783014660000,80.7,80.73,80.66,80.72
1783014840000,80.72,80.8,80.69,80.7
1783015020000,80.7,80.7,80.54,80.59
1783015200000,80.59,80.75,80.59,80.69
1783015380000,80.69,80.81,80.69,80.79
1783015560000,80.69,80.96,80.69,80.94
1783015740000,80.97,81.02,80.89,80.98
1783015920000,80.98,81.09,80.98,81.06
1783016100000,81.05,81.05,80.9,80.92
1783016280000,80.92,80.99,80.83,80.99
1783016460000,80.99,80.99,80.83,80.84
1783016640000,80.85,80.91,80.82,80.84
1783016820000,80.83,80.94,80.8,80.91
1783017000000,80.91,80.95,80.83,80.93
1783017180000,80.93,81.01,80.84,80.89
1783017360000,80.89,81.03,80.89,81.0
1783017540000,81.01,81.02,80.94,80.96
1783017720000,80.96,81.06,80.95,81.02
1783017900000,80.96,81.08,80.95,81.08
1783018080000,81.07,81.2,81.03,81.11
1783018260000,81.13,81.21,81.09,81.1
1783018440000,81.1,81.1,80.91,80.96
1783018620000,80.96,81.03,80.89,80.98
1783018800000,80.98,81.04,80.88,80.97
1783018980000,80.98,81.07,80.95,80.96
1783019160000,80.95,81.05,80.88,80.97
1783019340000,80.97,80.98,80.89,80.96
1783019520000,80.96,81.07,80.93,81.06
1783019700000,81.06,81.06,80.86,80.89
1783019880000,80.89,80.94,80.84,80.86
1783020060000,80.89,80.94,80.77,80.84
1783020240000,80.84,80.89,80.77,80.85
1783020420000,80.85,80.94,80.76,80.84
1783020600000,80.83,80.9,80.81,80.85
1783020780000,80.85,80.94,80.8,80.93
1783020960000,80.93,80.94,80.86,80.88
1783021140000,80.88,81.02,80.86,81.0
1783021320000,81.0,81.04,80.96,81.04
1783021500000,81.04,81.1,81.03,81.03
1783021680000,81.03,81.28,81.01,81.21
1783021860000,81.21,81.22,80.98,80.99
1783022040000,80.99,81.01,80.85,80.95
1783022220000,80.99,81.01,80.79,80.79
1783022400000,80.8,80.83,80.59,80.62
1783022580000,80.6,80.71,80.55,80.61
1783022760000,80.61,80.7,80.59,80.68
1783022940000,80.68,80.7,80.62,80.63
1783023120000,80.63,80.76,80.62,80.75
1783023300000,80.76,80.82,80.71,80.72
1783023480000,80.71,80.75,80.64,80.65
1783023660000,80.65,80.69,80.63,80.66
1783023840000,80.66,80.66,80.57,80.6
1783024020000,80.62,80.62,80.57,80.59
1783024200000,80.59,80.66,80.56,80.64
1783024380000,80.64,80.78,80.61,80.74
1783024560000,80.64,80.78,80.61,80.66
1783024740000,80.66,80.77,80.65,80.76
1783024920000,80.76,80.77,80.73,80.74
1783025100000,80.74,80.81,80.75,80.81
1783025280000,80.81,80.97,80.78,80.96
1783025460000,80.96,80.96,80.83,80.84
1783025640000,80.84,80.9,80.83,80.88
1783025820000,80.88,81.06,80.87,80.98
1783026000000,80.98,81.03,80.95,80.98
1783026180000,80.98,80.98,80.89,80.93
1783026360000,80.93,80.96,80.88,80.93
1783026540000,80.93,80.96,80.88,80.96
1783026720000,80.93,81.13,80.91,81.03
1783026900000,81.03,81.07,81.01,81.04
1783027080000,81.04,81.06,80.98,80.99
1783027260000,80.99,81.0,80.95,80.98
1783027440000,80.98,81.02,80.96,80.97
1783027620000,80.97,80.97,80.89,80.89
1783027800000,80.89,80.89,80.77,80.78
1783027980000,80.76,80.9,80.75,80.9
1783028160000,80.9,80.96,80.87,80.89
1783028340000,80.89,80.89,80.73,80.73
1783028520000,80.73,80.81,80.64,80.7
1783028700000,80.73,80.81,80.45,80.53
1783028880000,80.52,80.58,80.47,80.5
1783029060000,80.51,80.73,80.5,80.69
1783029240000,80.69,80.72,80.6,80.69
1783029420000,80.69,80.77,80.64,80.74
1783029600000,80.75,80.82,80.66,80.78
1783029780000,80.78,80.77,80.52,80.55
1783029960000,80.55,80.6,80.54,80.55
1783030140000,80.55,80.59,80.47,80.49
1783030320000,80.49,80.49,80.41,80.45
1783030500000,80.45,80.56,80.37,80.56
1783030680000,80.45,80.65,80.37,80.49
1783030860000,80.56,80.65,80.46,80.55
1783031040000,80.55,80.62,80.56,80.58
1783031220000,80.58,80.62,80.56,80.62
1783031400000,80.62,80.68,80.58,80.68
1783031580000,80.69,80.69,80.57,80.68
1783031760000,80.68,80.73,80.66,80.7
1783031940000,80.7,80.7,80.54,80.55
1783032120000,80.55,80.55,80.49,80.52
1783032300000,80.52,80.53,80.46,80.47
1783032480000,80.47,80.52,80.44,80.52
1783032660000,80.52,80.73,80.46,80.7
1783032840000,80.7,80.85,80.67,80.77
1783033020000,80.7,80.85,80.62,80.62
1783033200000,80.63,80.63,80.51,80.54
1783033380000,80.54,80.58,80.51,80.52
1783033560000,80.51,80.6,80.47,80.57
1783033740000,80.56,80.66,80.56,80.56
1783033920000,80.56,80.58,80.48,80.49
1783034100000,80.5,80.64,80.46,80.62
1783034280000,80.62,80.64,80.56,80.6
1783034460000,80.61,80.67,80.56,80.59
1783034640000,80.59,80.71,80.58,80.69
1783034820000,80.69,80.72,80.65,80.66
1783035000000,80.66,80.68,80.61,80.66
1783035180000,80.66,80.72,80.61,80.65
1783035360000,80.66,80.72,80.49,80.55
1783035540000,80.55,80.59,80.49,80.56
1783035720000,80.56,80.63,80.55,80.6
1783035900000,80.6,80.66,80.59,80.62
1783036080000,80.62,80.69,80.62,80.65
1783036260000,80.65,80.73,80.62,80.68
1783036440000,80.68,80.73,80.68,80.73
1783036620000,80.73,80.73,80.63,80.69
1783036800000,80.69,80.75,80.55,80.6
1783036980000,80.6,80.79,80.59,80.65
1783037160000,80.65,80.71,80.61,80.7
1783037340000,80.65,80.71,80.55,80.65
1783037520000,80.69,80.81,80.55,80.7
1783037700000,80.7,80.76,80.63,80.71
1783037880000,80.71,80.79,80.63,80.78
1783038060000,80.78,80.79,80.62,80.69
1783038240000,80.69,80.69,80.63,80.65
1783038420000,80.65,80.67,80.58,80.58
1783038600000,80.59,80.68,80.52,80.65
1783038780000,80.65,80.65,80.48,80.62
1783038960000,80.62,80.74,80.58,80.69
1783039140000,80.7,80.85,80.63,80.8
1783039320000,80.8,80.82,80.76,80.81
1783039500000,80.8,80.88,80.73,80.84
1783039680000,80.84,80.86,80.75,80.85
1783039860000,80.85,80.86,80.67,80.7
1783040040000,80.69,80.87,80.69,80.87
1783040220000,80.86,80.87,80.7,80.7
1783040400000,80.71,80.83,80.67,80.83
1783040580000,80.83,81.05,80.83,81.01
1783040760000,81.01,81.14,80.98,81.1
1783040940000,81.1,81.17,81.0,81.04
1783041120000,81.04,81.27,81.02,81.21
1783041300000,81.21,81.22,80.97,81.03
1783041480000,81.03,81.19,81.02,81.18
1783041660000,81.03,81.19,81.02,81.14
1783041840000,81.14,81.21,81.11,81.12
1783042020000,81.11,81.21,81.11,81.13
1783042200000,81.13,81.21,81.06,81.19
1783042380000,81.2,81.45,81.21,81.45
1783042560000,81.45,81.57,81.4,81.48
1783042740000,81.48,81.56,81.46,81.49
1783042920000,81.49,81.5,81.41,81.41
1783043100000,81.41,81.51,81.34,81.47
1783043280000,81.47,81.61,81.47,81.58
1783043460000,81.58,81.65,81.56,81.6
1783043640000,81.58,81.65,81.56,81.59
1783043820000,81.59,81.64,81.42,81.43
1783044000000,81.45,81.53,81.42,81.53
1783044180000,81.53,81.56,81.35,81.47
1783044360000,81.41,81.51,81.39,81.51
1783044540000,81.5,81.63,81.39,81.39
1783044720000,81.39,81.41,81.25,81.25
1783044900000,81.26,81.39,81.26,81.38
1783045080000,81.38,81.43,81.37,81.41
1783045260000,81.42,81.47,81.4,81.43
1783045440000,81.43,81.49,81.29,81.29
1783045620000,81.29,81.33,81.11,81.12
1783045800000,81.29,81.33,80.9,80.93
1783045980000,80.94,81.0,80.85,80.99
1783046160000,80.99,81.01,80.76,80.85
1783046340000,80.86,80.94,80.84,80.87
1783046520000,80.87,80.89,80.74,80.81
1783046700000,80.81,80.81,80.65,80.69
1783046880000,80.7,80.81,80.63,80.74
1783047060000,80.74,80.84,80.74,80.79
1783047240000,80.8,80.82,80.67,80.71
1783047420000,80.71,80.82,80.69,80.78
1783047600000,80.78,80.77,80.59,80.65
1783047780000,80.65,80.77,80.61,80.62
1783047960000,80.65,80.77,80.44,80.44
1783048140000,80.43,80.5,80.38,80.42
1783048320000,80.44,80.45,80.29,80.39
1783048500000,80.38,80.59,80.38,80.59
1783048680000,80.59,80.83,80.53,80.83
1783048860000,80.83,80.85,80.77,80.8
1783049040000,80.79,80.93,80.79,80.81
1783049220000,80.83,80.89,80.81,80.86
1783049400000,80.87,80.93,80.85,80.87
1783049580000,80.87,80.87,80.78,80.78
1783049760000,80.78,80.79,80.72,80.74
1783049940000,80.74,80.75,80.63,80.63
1783050120000,80.74,80.75,80.55,80.62
1783050300000,80.61,80.77,80.55,80.74
1783050480000,80.74,80.75,80.68,80.71
1783050660000,80.69,80.73,80.59,80.6
1783050840000,80.6,80.69,80.58,80.67
1783051020000,80.67,80.73,80.66,80.69
1783051200000,80.68,80.74,80.61,80.63
1783051380000,80.64,80.67,80.58,80.61
1783051560000,80.61,80.62,80.53,80.53
1783051740000,80.54,80.58,80.43,80.58
1783051920000,80.58,80.63,80.57,80.63
1783052100000,80.63,80.63,80.45,80.55
1783052280000,80.55,80.61,80.5,80.56
1783052460000,80.55,80.61,80.5,80.59
1783052640000,80.56,80.6,80.51,80.55
1783052820000,80.55,80.61,80.53,80.61
1783053000000,80.61,80.66,80.53,80.65
1783053180000,80.64,80.64,80.54,80.56
1783053360000,80.56,80.75,80.56,80.72
1783053540000,80.72,80.78,80.71,80.74
1783053720000,80.73,80.77,80.71,80.74
1783053900000,80.74,80.77,80.61,80.62
1783054080000,80.62,80.63,80.48,80.51
1783054260000,80.51,80.57,80.47,80.53
1783054440000,80.51,80.57,80.47,80.48
1783054620000,80.53,80.57,80.44,80.49
1783054800000,80.48,80.59,80.44,80.55
1783054980000,80.52,80.64,80.45,80.63
1783055160000,80.63,80.65,80.58,80.59
1783055340000,80.59,80.65,80.57,80.62
1783055520000,80.63,80.71,80.62,80.69
1783055700000,80.69,80.69,80.56,80.62
1783055880000,80.63,80.77,80.61,80.68
1783056060000,80.68,80.69,80.64,80.69
1783056240000,80.69,80.83,80.67,80.82
1783056420000,80.82,80.87,80.79,80.81
1783056600000,80.82,80.96,80.76,80.96
1783056780000,80.96,81.18,80.94,81.09
1783056960000,81.09,81.15,80.99,81.09
1783057140000,81.1,81.11,80.99,81.02
1783057320000,81.02,81.08,80.96,81.04
1783057500000,81.04,81.08,80.96,81.05
1783057680000,81.05,81.21,81.04,81.12
1783057860000,81.13,81.13,81.05,81.13
1783058040000,81.12,81.19,81.12,81.14
1783058220000,81.12,81.19,81.09,81.12
1783058400000,81.14,81.27,81.06,81.2
1783058580000,81.22,81.29,81.17,81.29
1783058760000,81.29,81.35,81.23,81.31
1783058940000,81.31,81.33,81.25,81.27
1783059120000,81.28,81.29,81.1,81.1
1783059300000,81.11,81.17,81.03,81.12
1783059480000,81.15,81.19,81.01,81.01
1783059660000,81.01,81.03,80.89,80.93
1783059840000,80.94,80.98,80.92,80.97
1783060020000,80.97,80.99,80.95,80.96
1783060200000,80.96,81.08,80.95,81.02
1783060380000,81.02,81.07,80.94,80.95
1783060560000,81.02,81.07,80.73,80.76
1783060740000,80.76,80.77,80.69,80.73
1783060920000,80.74,80.89,80.73,80.79
1783061100000,80.8,80.87,80.8,80.84
1783061280000,80.86,80.9,80.81,80.89
1783061460000,80.88,81.0,80.85,80.98
1783061640000,80.98,81.03,80.98,80.98
1783061820000,80.98,81.01,80.91,80.91
1783062000000,80.91,80.96,80.89,80.95
1783062180000,80.95,80.97,80.77,80.82
1783062360000,80.82,80.98,80.82,80.93
1783062540000,80.82,80.98,80.81,80.84
1783062720000,80.93,80.95,80.81,80.88
1783062900000,80.88,80.94,80.87,80.9
1783063080000,80.92,81.03,80.92,80.98
1783063260000,80.99,81.03,80.97,81.03
1783063440000,81.03,81.07,81.0,81.02
1783063620000,81.01,81.07,81.0,81.07
1783063800000,81.06,81.15,80.98,81.03
1783063980000,81.03,81.23,81.03,81.22
1783064160000,81.23,81.22,81.08,81.14
1783064340000,81.14,81.24,81.1,81.23
1783064520000,81.23,81.29,81.21,81.24
1783064700000,81.24,81.33,81.22,81.32
1783064880000,81.24,81.44,81.22,81.44
1783065060000,81.32,81.48,81.29,81.32
1783065240000,81.31,81.32,81.25,81.26
1783065420000,81.26,81.26,81.16,81.19
1783065600000,81.19,81.29,81.17,81.23
1783065780000,81.23,81.26,81.17,81.23
1783065960000,81.23,81.29,81.08,81.1
1783066140000,81.11,81.15,81.08,81.13
1783066320000,81.13,81.17,81.12,81.14
1783066500000,81.15,81.21,81.11,81.11
1783066680000,81.11,81.15,81.06,81.07
1783066860000,81.07,81.11,81.02,81.03
1783067040000,81.03,81.19,81.03,81.17
1783067220000,81.03,81.23,80.96,81.0
1783067400000,81.21,81.23,80.9,81.0
1783067580000,81.0,81.1,81.0,81.09
1783067760000,81.09,81.1,81.01,81.01
1783067940000,81.01,81.08,81.01,81.08
1783068120000,81.06,81.49,81.05,81.34
1783068300000,81.34,81.35,81.12,81.23
1783068480000,81.24,81.24,81.05,81.06
1783068660000,81.06,81.07,80.81,80.86
1783068840000,80.86,80.87,80.79,80.81
1783069020000,80.81,80.91,80.81,80.87
1783069200000,80.81,80.92,80.74,80.86
1783069380000,80.88,81.01,80.74,80.96
1783069560000,80.96,81.02,80.92,81.02
1783069740000,81.02,81.03,80.91,80.93
1783069920000,80.94,81.05,80.93,81.05
1783070100000,81.04,81.08,80.95,80.97
1783070280000,80.98,80.99,80.92,80.96
1783070460000,80.96,81.0,80.9,80.94
1783070640000,80.94,80.95,80.85,80.86
1783070820000,80.86,80.93,80.83,80.9
1783071000000,80.9,80.91,80.84,80.88
1783071180000,80.88,80.9,80.75,80.77
1783071360000,80.88,80.9,80.63,80.69
1783071540000,80.77,80.78,80.63,80.7
1783071720000,80.69,80.83,80.69,80.82
1783071900000,80.82,81.24,80.81,81.08
1783072080000,81.1,81.13,81.04,81.09
1783072260000,81.11,81.11,80.99,81.0
1783072440000,81.01,81.08,80.99,81.03
1783072620000,81.03,81.06,80.98,80.98
1783072800000,80.98,81.1,80.98,81.0
1783072980000,81.0,81.1,80.99,81.08
1783073160000,81.08,81.1,81.02,81.08
1783073340000,81.08,81.08,81.01,81.01
1783073520000,81.01,81.23,80.99,81.05
1783073700000,81.01,81.23,80.89,80.91
1783073880000,81.05,81.06,80.84,80.86
1783074060000,80.86,81.05,80.84,80.98
1783074240000,80.99,81.15,80.93,81.14
1783074420000,81.18,81.2,81.09,81.13
1783074600000,81.12,81.14,81.05,81.06
1783074780000,81.06,81.16,81.03,81.16
1783074960000,81.18,81.26,81.11,81.26
1783075140000,81.25,81.31,81.18,81.23
1783075320000,81.22,81.55,81.21,81.43
1783075500000,81.43,81.45,81.2,81.34
1783075680000,81.34,81.38,81.31,81.33
1783075860000,81.34,81.6,81.28,81.58
1783076040000,81.58,81.84,81.55,81.64
1783076220000,81.64,81.65,81.48,81.52
1783076400000,81.52,81.54,81.38,81.45
1783076580000,81.45,81.65,81.44,81.59
1783076760000,81.59,81.66,81.53,81.57
1783076940000,81.57,81.63,81.45,81.46
1783077120000,81.46,81.55,81.43,81.49
1783077300000,81.49,81.62,81.39,81.4
1783077480000,81.41,81.48,81.35,81.46
1783077660000,81.46,81.53,81.44,81.48
1783077840000,81.48,81.53,81.31,81.32
1783078020000,81.32,81.4,81.31,81.35
1783078200000,81.35,81.38,81.3,81.35
1783078380000,81.35,81.42,81.3,81.34
1783078560000,81.34,81.36,81.28,81.33
1783078740000,81.32,81.33,81.21,81.27
1783078920000,81.27,81.3,81.25,81.29
1783079100000,81.29,81.44,81.29,81.43
1783079280000,81.43,81.62,81.42,81.58
1783079460000,81.58,81.6,81.5,81.51
1783079640000,81.51,81.62,81.51,81.54
1783079820000,81.54,81.56,81.48,81.52
1783080000000,81.52,81.73,81.5,81.65
1783080180000,81.65,81.66,81.5,81.54
1783080360000,81.54,81.56,81.42,81.42
1783080540000,81.42,81.52,81.42,81.49
1783080720000,81.49,81.57,81.43,81.46
1783080900000,81.49,81.57,81.29,81.35
1783081080000,81.35,81.36,81.16,81.21
1783081260000,81.22,81.29,81.18,81.29
1783081440000,81.29,81.33,81.26,81.29
1783081620000,81.28,81.33,81.21,81.28
1783081800000,81.28,81.31,81.2,81.29
1783081980000,81.29,81.37,81.23,81.25
1783082160000,81.24,81.29,81.2,81.28
1783082340000,81.28,81.31,81.2,81.28
1783082520000,81.29,81.37,81.26,81.32
1783082700000,81.32,81.39,81.32,81.39
1783082880000,81.32,81.46,81.32,81.45
1783083060000,81.45,81.5,81.35,81.47
1783083240000,81.48,81.52,81.46,81.48
1783083420000,81.47,81.5,81.44,81.5
1783083600000,81.5,81.56,81.48,81.49
1783083780000,81.49,81.59,81.49,81.53
1783083960000,81.52,81.63,81.49,81.59
1783084140000,81.6,81.66,81.54,81.58
1783084320000,81.58,81.62,81.56,81.58
1783084500000,81.57,81.67,81.56,81.61
1783084680000,81.62,81.63,81.53,81.54
1783084860000,81.54,81.62,81.42,81.44
1783085040000,81.54,81.62,81.38,81.49
1783085220000,81.44,81.62,81.38,81.6
1783085400000,81.49,81.67,81.49,81.55
1783085580000,81.56,81.6,81.46,81.49
1783085760000,81.49,81.49,81.39,81.43
1783085940000,81.43,81.62,81.43,81.61
1783086120000,81.61,81.64,81.54,81.6
1783086300000,81.59,81.61,81.51,81.57
1783086480000,81.57,81.62,81.43,81.51
1783086660000,81.51,81.8,81.51,81.73
1783086840000,81.74,81.74,81.55,81.61
1783087020000,81.61,81.67,81.53,81.55
1783087200000,81.55,81.56,81.24,81.3
1783087380000,81.3,81.42,81.27,81.36
1783087560000,81.3,81.45,81.27,81.41
1783087740000,81.35,81.45,81.31,81.38
1783087920000,81.4,81.41,80.91,80.99
1783088100000,80.99,81.22,80.96,81.18
1783088280000,81.19,81.19,81.0,81.1
1783088460000,81.11,81.14,80.88,81.09
1783088640000,81.09,81.15,81.04,81.12
1783088820000,81.12,81.24,81.1,81.22
1783089000000,81.23,81.39,81.2,81.36
1783089180000,81.36,81.4,81.19,81.22
1783089360000,81.22,81.34,81.21,81.27
1783089540000,81.27,81.53,81.24,81.51
1783089720000,81.27,81.54,81.24,81.52
1783089900000,81.51,81.64,81.4,81.47
1783090080000,81.47,81.52,81.44,81.52
1783090260000,81.53,81.59,81.46,81.51
1783090440000,81.51,81.77,81.49,81.68
1783090620000,81.69,81.7,81.63,81.63
1783090800000,81.64,81.77,81.61,81.71
1783090980000,81.71,81.69,81.54,81.6
1783091160000,81.6,82.02,81.59,81.83
1783091340000,81.79,81.89,81.77,81.8
1783091520000,81.8,81.81,81.54,81.57
1783091700000,81.57,81.61,81.35,81.4
1783091880000,81.4,81.57,81.39,81.48
1783092060000,81.4,81.57,81.22,81.22
1783092240000,81.47,81.47,81.19,81.33
1783092420000,81.33,81.33,81.21,81.23
1783092600000,81.23,81.32,81.19,81.31
1783092780000,81.3,81.33,81.21,81.25
1783092960000,81.24,81.33,81.21,81.24
1783093140000,81.25,81.28,81.11,81.12
1783093320000,81.12,81.24,81.1,81.18
1783093500000,81.18,81.26,81.17,81.17
1783093680000,81.17,81.22,81.12,81.21
1783093860000,81.21,81.29,81.18,81.24
1783094040000,81.24,81.26,81.16,81.18
1783094220000,81.24,81.26,81.1,81.18
1783094400000,81.17,81.25,81.01,81.09
1783094580000,81.1,81.32,81.1,81.28
1783094760000,81.29,81.3,81.23,81.24
1783094940000,81.23,81.27,81.23,81.24
1783095120000,81.24,81.24,81.11,81.16
1783095300000,81.15,81.27,81.13,81.27
1783095480000,81.26,81.31,81.22,81.22
1783095660000,81.22,81.36,81.22,81.35
1783095840000,81.35,81.38,81.21,81.21
1783096020000,81.22,81.32,81.22,81.27
1783096200000,81.22,81.38,81.11,81.17
1783096380000,81.18,81.33,81.15,81.29
1783096560000,81.29,81.33,81.25,81.31
1783096740000,81.32,81.4,81.29,81.4
1783096920000,81.39,81.41,81.35,81.39
1783097100000,81.4,81.41,81.32,81.32
1783097280000,81.33,81.36,81.25,81.36
1783097460000,81.36,81.49,81.36,81.48
1783097640000,81.48,81.51,81.44,81.51
1783097820000,81.51,81.53,81.48,81.49
1783098000000,81.49,81.54,81.41,81.47
1783098180000,81.49,81.59,81.41,81.57
1783098360000,81.57,81.68,81.57,81.65
1783098540000,81.65,81.7,81.61,81.63
1783098720000,81.63,81.67,81.58,81.6
1783098900000,81.6,81.63,81.58,81.6
1783099080000,81.6,81.94,81.6,81.88
1783099260000,81.87,81.89,81.75,81.75
1783099440000,81.76,81.79,81.65,81.79
1783099620000,81.79,81.8,81.75,81.76
1783099800000,81.76,81.76,81.64,81.65
1783099980000,81.65,81.8,81.64,81.8
1783100160000,81.65,81.82,81.64,81.76
1783100340000,81.79,81.82,81.53,81.67
1783100520000,81.67,81.72,81.64,81.64
1783100700000,81.64,81.69,81.62,81.66
1783100880000,81.66,81.66,81.59,81.62
1783101060000,81.63,81.73,81.63,81.73
1783101240000,81.73,81.77,81.72,81.77
1783101420000,81.76,81.78,81.66,81.73
1783101600000,81.73,81.78,81.63,81.68
1783101780000,81.68,81.71,81.61,81.61
1783101960000,81.61,81.69,81.61,81.67
1783102140000,81.67,81.69,81.59,81.69
1783102320000,81.67,81.71,81.59,81.67
1783102500000,81.69,81.75,81.63,81.74
1783102680000,81.74,81.82,81.69,81.78
1783102860000,81.78,81.87,81.77,81.85
1783103040000,81.87,81.87,81.7,81.72
1783103220000,81.73,81.75,81.72,81.72
1783103400000,81.73,81.8,81.69,81.79
1783103580000,81.8,81.81,81.76,81.81
1783103760000,81.81,81.85,81.77,81.85
1783103940000,81.85,81.85,81.78,81.81
1783104120000,81.81,81.93,81.77,81.93
1783104300000,81.81,81.95,81.77,81.88
1783104480000,81.93,81.95,81.83,81.91
1783104660000,81.92,81.96,81.9,81.95
1783104840000,81.95,82.33,81.93,82.19
1783105020000,82.19,82.22,82.08,82.08
1783105200000,82.08,82.16,82.04,82.16
1783105380000,82.17,82.27,82.04,82.06
1783105560000,82.06,82.17,82.05,82.11
1783105740000,82.11,82.18,82.06,82.08
1783105920000,82.08,82.15,82.06,82.06
1783106100000,82.07,82.36,82.06,82.32
1783106280000,82.32,82.34,82.23,82.27
1783106460000,82.32,82.34,82.18,82.21
1783106640000,82.21,82.26,82.17,82.25
1783106820000,82.25,82.3,82.24,82.29
1783107000000,82.3,82.32,82.16,82.25
1783107180000,82.25,82.47,82.23,82.25
1783107360000,82.25,83.23,82.19,83.01
1783107540000,82.99,83.08,82.76,83.04
1783107720000,83.04,83.13,82.77,82.77
1783107900000,82.76,82.77,82.56,82.62
1783108080000,82.62,82.66,82.54,82.55
1783108260000,82.62,82.66,82.47,82.47
1783108440000,82.55,82.64,82.4,82.41
1783108620000,82.44,82.54,82.42,82.45
1783108800000,82.44,82.46,82.33,82.39
1783108980000,82.38,82.4,82.19,82.31
1783109160000,82.33,82.71,82.33,82.59
1783109340000,82.57,82.57,82.45,82.46
1783109520000,82.46,82.46,82.33,82.44
1783109700000,82.44,82.47,82.3,82.31
1783109880000,82.31,82.59,82.26,82.55
1783110060000,82.56,82.56,82.38,82.38
1783110240000,82.38,82.67,82.35,82.62
1783110420000,82.38,82.67,82.35,82.52
1783110600000,82.62,82.67,82.45,82.48
1783110780000,82.47,82.63,82.34,82.58
1783110960000,82.58,82.97,82.58,82.67
1783111140000,82.67,82.68,82.5,82.58
1783111320000,82.58,82.76,82.56,82.75
1783111500000,82.75,82.98,82.68,82.81
1783111680000,82.82,82.9,82.68,82.73
1783111860000,82.72,82.78,82.68,82.77
1783112040000,82.79,82.82,82.65,82.65
1783112220000,82.66,82.75,82.61,82.68
1783112400000,82.68,82.84,82.66,82.73
1783112580000,82.68,82.84,82.66,82.73
1783112760000,82.73,82.83,82.73,82.75
1783112940000,82.74,82.85,82.69,82.85
1783113120000,82.85,83.04,82.61,82.61
1783113300000,82.61,82.69,82.48,82.55
1783113480000,82.55,82.59,82.46,82.46
1783113660000,82.46,82.54,82.46,82.49
1783113840000,82.49,82.51,82.39,82.41
1783114020000,82.41,82.41,82.28,82.35
1783114200000,82.35,82.38,82.21,82.24
1783114380000,82.25,82.34,82.24,82.3
1783114560000,82.3,82.41,82.26,82.26
1783114740000,82.3,82.41,82.13,82.3
1783114920000,82.26,82.35,82.13,82.32
1783115100000,82.34,82.63,82.34,82.55
1783115280000,82.56,82.63,82.56,82.61
1783115460000,82.61,82.73,82.55,82.69
1783115640000,82.69,82.81,82.65,82.68
1783115820000,82.69,82.69,82.59,82.59
1783116000000,82.61,82.65,82.49,82.57
1783116180000,82.57,82.56,82.38,82.38
1783116360000,82.37,82.44,82.33,82.42
1783116540000,82.42,82.42,82.35,82.35
1783116720000,82.42,82.42,82.32,82.33
1783116900000,82.33,82.51,82.32,82.48
1783117080000,82.49,82.52,82.45,82.5
1783117260000,82.5,82.51,82.44,82.46
1783117440000,82.46,82.53,82.41,82.43
1783117620000,82.43,82.43,82.34,82.37
1783117800000,82.37,82.4,82.23,82.32
1783117980000,82.32,82.35,82.25,82.34
1783118160000,82.34,82.39,82.34,82.37
1783118340000,82.37,82.37,82.25,82.28
1783118520000,82.27,82.41,82.27,82.41
1783118700000,82.41,82.41,82.25,82.25
1783118880000,82.26,82.27,82.21,82.26
1783119060000,82.27,82.28,82.24,82.26
1783119240000,82.26,82.34,82.24,82.34
1783119420000,82.34,82.35,82.31,82.31
1783119600000,82.32,82.33,82.28,82.32
1783119780000,82.32,82.34,82.21,82.21
1783119960000,82.22,82.26,82.15,82.15
1783120140000,82.15,82.22,82.12,82.21
1783120320000,82.21,82.21,82.16,82.2
1783120500000,82.2,82.32,82.15,82.26
1783120680000,82.2,82.32,82.15,82.31
1783120860000,82.31,82.31,82.24,82.28
1783121040000,82.28,82.28,82.15,82.15
1783121220000,82.15,82.22,82.15,82.22
1783121400000,82.22,82.33,82.22,82.29
1783121580000,82.29,82.31,82.26,82.29
1783121760000,82.29,82.39,82.28,82.37
1783121940000,82.37,82.47,82.35,82.39
1783122120000,82.4,82.45,82.38,82.38
1783122300000,82.38,82.41,82.32,82.33
1783122480000,82.33,82.38,82.25,82.32
1783122660000,82.33,82.38,82.25,82.29
1783122840000,82.32,82.33,82.27,82.3
1783123020000,82.29,82.33,82.29,82.31
1783123200000,82.31,82.34,82.22,82.28
1783123380000,82.27,82.49,82.27,82.47
1783123560000,82.48,82.67,82.44,82.61
1783123740000,82.61,82.69,82.46,82.62
1783123920000,82.62,82.65,82.53,82.55
1783124100000,82.55,82.72,82.52,82.62
1783124280000,82.63,82.64,82.51,82.52
1783124460000,82.52,82.52,82.36,82.39
1783124640000,82.52,82.52,82.36,82.44
1783124820000,82.4,82.55,82.39,82.55
1783125000000,82.55,82.59,82.36,82.47
1783125180000,82.47,82.62,82.37,82.41
1783125360000,82.41,82.45,82.37,82.43
1783125540000,82.43,82.49,82.36,82.48
1783125720000,82.48,82.52,82.41,82.45
1783125900000,82.45,82.54,82.44,82.52
1783126080000,82.52,82.57,82.45,82.47
1783126260000,82.47,82.47,82.35,82.38
1783126440000,82.38,82.42,82.37,82.41
1783126620000,82.38,82.42,82.35,82.36
1783126800000,82.41,82.41,81.91,81.94
1783126980000,81.95,82.08,81.95,81.98
1783127160000,81.97,82.05,81.91,82.05
1783127340000,82.06,82.07,81.87,82.03
1783127520000,82.03,82.02,81.94,81.97
1783127700000,81.97,82.12,81.94,82.12
1783127880000,82.12,82.18,82.09,82.11
1783128060000,82.12,82.16,82.1,82.12
1783128240000,82.12,82.13,81.87,81.97
1783128420000,82.12,82.13,81.87,81.97
1783128600000,81.99,82.03,81.97,82.01
1783128780000,82.01,82.04,81.93,81.97
1783128960000,81.97,81.97,81.87,81.88
1783129140000,81.9,81.92,81.83,81.88
1783129320000,81.89,81.92,81.85,81.88
1783129500000,81.88,81.91,81.8,81.82
1783129680000,81.82,81.86,81.76,81.84
1783129860000,81.83,81.91,81.82,81.87
1783130040000,81.87,81.88,81.84,81.86
1783130220000,81.86,81.95,81.86,81.91
1783130400000,81.91,81.95,81.86,81.94
1783130580000,81.94,81.97,81.89,81.96
1783130760000,81.94,82.03,81.89,81.98
1783130940000,81.96,82.06,81.95,82.04
1783131120000,82.04,82.08,82.01,82.01
1783131300000,82.01,82.01,81.94,81.97
1783131480000,81.97,81.99,81.9,81.99
1783131660000,81.99,82.04,81.94,81.95
1783131840000,81.95,82.02,81.94,82.01
1783132020000,82.01,82.03,81.99,82.02
1783132200000,82.02,82.04,81.95,81.95
1783132380000,81.95,81.99,81.88,81.99
1783132560000,81.99,82.06,81.98,82.03
1783132740000,82.05,82.05,81.94,82.01
1783132920000,82.05,82.14,81.94,82.13
1783133100000,82.02,82.19,82.01,82.12
1783133280000,82.12,82.19,82.1,82.19
1783133460000,82.19,82.36,82.2,82.28
1783133640000,82.28,82.29,82.18,82.18
1783133820000,82.18,82.2,82.12,82.14
1783134000000,82.14,82.29,82.13,82.23
1783134180000,82.23,82.23,82.11,82.18
1783134360000,82.18,82.18,82.0,82.01
1783134540000,82.01,82.33,82.0,82.27
1783134720000,82.27,82.39,82.23,82.23
1783134900000,82.27,82.39,82.23,82.27
1783135080000,82.23,82.3,82.21,82.24
1783135260000,82.24,82.31,82.22,82.29
1783135440000,82.28,82.31,82.26,82.3
1783135620000,82.3,82.37,82.24,82.37
1783135800000,82.37,82.46,82.28,82.43
1783135980000,82.43,82.53,82.38,82.53
1783136160000,82.57,82.65,82.54,82.64
1783136340000,82.65,82.76,82.63,82.75
1783136520000,82.75,82.83,82.66,82.7
1783136700000,82.7,82.72,82.6,82.64
1783136880000,82.7,82.73,82.6,82.67
1783137060000,82.64,82.73,82.59,82.61
1783137240000,82.61,82.62,82.56,82.56
1783137420000,82.57,82.7,82.56,82.67
1783137600000,82.68,82.74,82.62,82.65
1783137780000,82.65,82.81,82.63,82.77
1783137960000,82.78,83.02,82.73,82.89
1783138140000,82.89,82.95,82.83,82.95
1783138320000,82.95,82.96,82.85,82.89
1783138500000,82.9,82.9,82.76,82.77
1783138680000,82.77,82.78,82.72,82.75
1783138860000,82.75,83.04,82.74,83.02
1783139040000,82.75,83.07,82.74,82.99
1783139220000,83.01,83.07,82.93,82.96
1783139400000,82.96,83.47,82.93,83.39
1783139580000,83.41,83.44,83.23,83.33
1783139760000,83.33,83.83,83.27,83.79
1783139940000,83.79,83.95,83.65,83.91
1783140120000,83.91,83.91,83.66,83.68
1783140300000,83.68,83.85,83.67,83.77
1783140480000,83.78,83.92,83.73,83.84
1783140660000,83.83,83.93,83.68,83.71
1783140840000,83.71,83.7,83.41,83.43
1783141020000,83.43,83.53,83.38,83.45
1783141200000,83.45,83.45,83.18,83.28
1783141380000,83.28,83.34,83.23,83.25
1783141560000,83.23,83.24,83.18,83.2
1783141740000,83.21,83.22,83.1,83.19
1783141920000,83.18,83.24,83.15,83.21
1783142100000,83.2,83.38,83.2,83.33
1783142280000,83.33,83.36,83.03,83.06
1783142460000,83.07,83.07,82.93,82.94
1783142640000,82.95,83.0,82.85,82.99
1783142820000,82.99,83.07,82.96,83.07
1783143000000,83.07,83.09,83.01,83.09
1783143180000,83.09,83.23,83.06,83.18
1783143360000,83.09,83.25,83.06,83.22
1783143540000,83.19,83.34,83.16,83.28
1783143720000,83.28,83.36,83.27,83.31
1783143900000,83.3,83.43,83.3,83.41
1783144080000,83.41,83.43,83.27,83.31
1783144260000,83.31,83.45,83.25,83.27
1783144440000,83.28,83.32,83.16,83.22
1783144620000,83.23,83.35,83.23,83.34
1783144800000,83.34,83.39,83.31,83.33
1783144980000,83.33,83.57,83.32,83.48
1783145160000,83.47,83.56,83.41,83.44
1783145340000,83.44,83.45,83.34,83.4
1783145520000,83.39,83.39,83.24,83.27
1783145700000,83.39,83.39,83.08,83.11
1783145880000,83.27,83.3,82.91,82.94
1783146060000,82.94,82.95,82.55,82.64
1783146240000,82.64,82.68,82.59,82.61
1783146420000,82.6,82.63,82.48,82.62
1783146600000,82.63,82.8,82.63,82.77
1783146780000,82.77,82.77,82.64,82.67
1783146960000,82.67,82.73,82.66,82.69
1783147140000,82.69,82.74,82.65,82.73
1783147320000,82.74,82.74,82.58,82.64
1783147500000,82.65,82.7,82.63,82.67
1783147680000,82.67,82.69,82.53,82.54
1783147860000,82.54,82.6,82.5,82.51
1783148040000,82.54,82.6,82.45,82.5
1783148220000,82.51,82.55,82.45,82.52
1783148400000,82.52,82.56,82.35,82.36
1783148580000,82.36,82.43,82.23,82.29
1783148760000,82.28,82.3,82.25,82.3
1783148940000,82.3,82.47,82.29,82.42
1783149120000,82.42,82.42,82.31,82.42
1783149300000,82.42,82.42,82.32,82.37
1783149480000,82.37,82.44,82.34,82.42
1783149660000,82.42,82.47,82.41,82.41
1783149840000,82.41,82.53,82.29,82.29
1783150020000,82.28,82.38,82.27,82.35
1783150200000,82.35,82.53,82.35,82.52
1783150380000,82.52,82.52,82.39,82.43
1783150560000,82.42,82.43,82.35,82.42
1783150740000,82.42,82.45,82.39,82.43
1783150920000,82.43,82.48,82.41,82.45
1783151100000,82.45,82.59,82.4,82.58
1783151280000,82.58,82.7,82.57,82.66
1783151460000,82.66,82.77,82.66,82.7
1783151640000,82.7,82.76,82.69,82.71
1783151820000,82.71,82.81,82.68,82.69
1783152000000,82.71,82.81,82.53,82.55
1783152180000,82.56,82.62,82.52,82.53
1783152360000,82.56,82.62,82.51,82.56
1783152540000,82.55,82.62,82.53,82.62
1783152720000,82.62,82.67,82.58,82.62
1783152900000,82.62,82.63,82.44,82.47
1783153080000,82.47,82.5,82.41,82.49
1783153260000,82.49,82.54,82.48,82.51
1783153440000,82.51,82.54,82.39,82.45
1783153620000,82.44,82.49,82.41,82.42
1783153800000,82.42,82.5,82.37,82.5
1783153980000,82.5,82.62,82.5,82.61
1783154160000,82.61,82.63,82.52,82.63
1783154340000,82.63,82.66,82.42,82.43
1783154520000,82.63,82.66,82.39,82.42
1783154700000,82.42,82.51,82.41,82.49
1783154880000,82.49,82.56,82.45,82.46
1783155060000,82.46,82.46,82.28,82.29
1783155240000,82.29,82.35,82.25,82.27
1783155420000,82.26,82.27,82.2,82.27
1783155600000,82.27,82.29,81.83,81.96
1783155780000,81.95,81.99,81.81,81.91
1783155960000,81.9,82.02,81.89,82.01
1783156140000,82.02,82.12,81.98,82.09
1783156320000,82.09,82.13,82.04,82.04
1783156500000,82.04,82.08,81.96,82.04
1783156680000,82.04,82.13,82.02,82.11
1783156860000,82.04,82.13,82.0,82.0
1783157040000,82.11,82.11,81.95,82.03
1783157220000,82.03,82.03,81.91,81.97
1783157400000,81.98,81.98,81.83,81.89
1783157580000,81.89,81.94,81.85,81.92
1783157760000,81.92,81.93,81.56,81.64
1783157940000,81.64,81.71,81.61,81.71
1783158120000,81.71,81.74,81.59,81.64
1783158300000,81.64,81.78,81.59,81.76
1783158480000,81.76,81.77,81.7,81.72
1783158660000,81.72,81.76,81.69,81.72
1783158840000,81.72,81.79,81.71,81.79
1783159020000,81.79,81.79,81.69,81.7
1783159200000,81.79,81.79,81.64,81.64
1783159380000,81.64,81.79,81.64,81.77
1783159560000,81.76,81.79,81.71,81.79
1783159740000,81.79,81.79,81.68,81.72
1783159920000,81.72,81.79,81.71,81.77
1783160100000,81.77,81.79,81.75,81.79
1783160280000,81.79,81.81,81.72,81.74
1783160460000,81.75,81.83,81.75,81.77
1783160640000,81.78,81.89,81.73,81.85
1783160820000,81.85,81.85,81.65,81.7
1783161000000,81.7,81.7,81.56,81.65
1783161180000,81.65,81.68,81.61,81.62
1783161360000,81.62,81.63,81.37,81.44
1783161540000,81.44,81.54,81.44,81.54
1783161720000,81.44,81.58,81.44,81.57
1783161900000,81.54,81.59,81.5,81.56
1783162080000,81.56,81.62,81.55,81.57
1783162260000,81.57,81.63,81.55,81.59
1783162440000,81.59,81.71,81.59,81.69
1783162620000,81.69,81.73,81.6,81.6
1783162800000,81.59,81.59,81.51,81.58
1783162980000,81.58,81.58,81.49,81.57
1783163160000,81.57,81.69,81.55,81.67
1783163340000,81.68,81.73,81.64,81.64
1783163520000,81.64,81.65,81.58,81.65
1783163700000,81.64,81.7,81.58,81.66
1783163880000,81.66,81.68,81.64,81.68
1783164060000,81.69,81.78,81.67,81.75
1783164240000,81.75,81.75,81.69,81.69
1783164420000,81.69,81.7,81.62,81.7
1783164600000,81.7,81.78,81.66,81.78
1783164780000,81.78,81.84,81.77,81.84
1783164960000,81.84,81.84,81.76,81.78
1783165140000,81.78,81.88,81.73,81.74
1783165320000,81.74,81.83,81.71,81.83
1783165500000,81.83,81.86,81.74,81.78
1783165680000,81.78,81.82,81.75,81.79
1783165860000,81.78,81.82,81.72,81.77
1783166040000,81.77,81.86,81.76,81.86
1783166220000,81.85,81.87,81.77,81.79
1783166400000,81.79,81.9,81.76,81.83
1783166580000,81.83,81.96,81.82,81.89
1783166760000,81.9,81.89,81.74,81.77
1783166940000,81.76,81.82,81.76,81.81
1783167120000,81.81,81.83,81.78,81.78
1783167300000,81.79,81.81,81.73,81.77
1783167480000,81.77,81.77,81.61,81.66
1783167660000,81.66,81.66,81.59,81.59
1783167840000,81.66,81.66,81.51,81.57
1783168020000,81.59,81.71,81.51,81.62
1783168200000,81.62,81.66,81.52,81.52
1783168380000,81.52,81.6,81.47,81.49
1783168560000,81.49,81.47,81.35,81.42
1783168740000,81.42,81.46,81.39,81.41
1783168920000,81.41,81.47,81.4,81.47
1783169100000,81.47,81.47,81.36,81.41
1783169280000,81.41,81.43,81.35,81.43
1783169460000,81.43,81.5,81.42,81.5
1783169640000,81.5,81.57,81.49,81.56
1783169820000,81.5,81.63,81.49,81.57
1783170000000,81.56,81.63,81.54,81.58
1783170180000,81.58,81.65,81.45,81.49
1783170360000,81.49,81.54,81.45,81.49
1783170540000,81.5,81.53,81.45,81.46
1783170720000,81.46,81.5,81.45,81.5
1783170900000,81.49,81.65,81.49,81.62
1783171080000,81.62,81.83,81.61,81.83
1783171260000,81.86,81.86,81.61,81.67
1783171440000,81.67,81.76,81.66,81.68
1783171620000,81.67,81.67,81.57,81.6
1783171800000,81.6,81.61,81.42,81.44
1783171980000,81.6,81.61,81.39,81.43
1783172160000,81.45,81.49,81.38,81.48
1783172340000,81.46,81.5,81.35,81.36
1783172520000,81.36,81.55,81.34,81.49
1783172700000,81.49,81.49,81.38,81.39
1783172880000,81.39,81.56,81.39,81.52
1783173060000,81.53,81.56,81.5,81.51
1783173240000,81.51,81.57,81.48,81.56
1783173420000,81.56,81.64,81.56,81.61
1783173600000,81.61,81.71,81.59,81.71
1783173780000,81.71,81.71,81.66,81.67
1783173960000,81.67,81.75,81.62,81.64
1783174140000,81.63,81.75,81.63,81.75
1783174320000,81.77,81.81,81.67,81.74
1783174500000,81.74,81.83,81.7,81.71
1783174680000,81.71,81.73,81.55,81.56
1783174860000,81.55,81.62,81.51,81.59
1783175040000,81.59,81.62,81.52,81.59
1783175220000,81.59,81.66,81.59,81.66
1783175400000,81.66,81.69,81.57,81.59
1783175580000,81.59,81.69,81.59,81.69
1783175760000,81.69,81.69,81.61,81.66
1783175940000,81.69,81.79,81.61,81.76
1783176120000,81.76,81.8,81.73,81.78
1783176300000,81.77,81.8,81.72,81.76
1783176480000,81.76,81.76,81.61,81.65
1783176660000,81.65,81.7,81.64,81.67
1783176840000,81.67,81.75,81.64,81.75
1783177020000,81.75,81.81,81.73,81.78
1783177200000,81.78,81.82,81.73,81.73
1783177380000,81.74,81.87,81.68,81.79
1783177560000,81.79,81.91,81.76,81.78
1783177740000,81.78,82.37,81.77,82.04
1783177920000,81.78,82.37,81.77,82.02
1783178100000,82.04,82.09,81.92,81.97
1783178280000,81.96,82.02,81.93,81.96
1783178460000,81.97,82.08,81.96,82.05
1783178640000,82.04,82.25,82.02,82.09
1783178820000,82.08,82.19,81.97,82.18
1783179000000,82.19,82.25,82.05,82.22
1783179180000,82.22,82.32,82.17,82.28
1783179360000,82.28,82.29,82.04,82.12
1783179540000,82.12,82.21,82.07,82.14
1783179720000,82.14,82.19,82.13,82.17
1783179900000,82.17,82.37,82.14,82.37
1783180080000,82.17,82.37,82.14,82.19
1783180260000,82.37,82.37,82.06,82.15
1783180440000,82.15,82.22,82.14,82.22
1783180620000,82.22,82.25,82.16,82.2
1783180800000,82.19,82.21,82.06,82.2
1783180980000,82.21,82.26,82.16,82.23
1783181160000,82.23,82.23,82.07,82.13
1783181340000,82.12,82.16,81.97,82.05
1783181520000,82.05,82.07,81.94,82.0
1783181700000,82.0,82.15,81.99,82.14
1783181880000,82.14,82.17,82.09,82.17
1783182060000,82.17,82.22,82.13,82.19
1783182240000,82.17,82.22,82.06,82.16
1783182420000,82.16,82.25,82.15,82.2
1783182600000,82.19,82.35,82.19,82.29
1783182780000,82.29,82.33,82.26,82.28
1783182960000,82.28,82.33,82.18,82.19
1783183140000,82.19,82.32,82.15,82.16
1783183320000,82.16,82.21,82.13,82.17
1783183500000,82.17,82.19,82.13,82.14
1783183680000,82.14,82.27,82.13,82.26
1783183860000,82.26,82.27,82.19,82.21
1783184040000,82.26,82.27,82.15,82.16
1783184220000,82.16,82.19,82.14,82.18
1783184400000,82.18,82.18,81.84,81.97
1783184580000,81.97,82.06,81.95,81.96
1783184760000,81.96,82.11,81.95,82.09
1783184940000,82.1,82.16,82.05,82.09
1783185120000,82.1,82.12,82.0,82.02
1783185300000,82.02,82.19,81.97,82.09
1783185480000,82.09,82.16,82.03,82.14
1783185660000,82.14,82.18,82.11,82.14
1783185840000,82.13,82.27,82.13,82.26
1783186020000,82.26,82.28,82.22,82.25
1783186200000,82.26,82.44,82.22,82.4
1783186380000,82.4,82.61,82.36,82.42
1783186560000,82.41,82.55,82.34,82.53
1783186740000,82.53,82.55,82.37,82.44
1783186920000,82.44,82.45,82.38,82.44
1783187100000,82.44,82.44,82.4,82.4
1783187280000,82.41,82.62,82.36,82.62
1783187460000,82.61,82.77,82.51,82.66
1783187640000,82.66,82.7,82.61,82.65
1783187820000,82.65,82.65,82.47,82.47
1783188000000,82.65,82.65,82.43,82.44
1783188180000,82.43,82.45,82.34,82.45
1783188360000,82.44,82.58,82.39,82.46
1783188540000,82.46,82.54,82.39,82.49
1783188720000,82.49,82.53,82.46,82.52
1783188900000,82.52,82.55,82.43,82.5
1783189080000,82.5,82.51,82.24,82.25
1783189260000,82.25,82.25,82.13,82.18
1783189440000,82.18,82.23,82.06,82.2
1783189620000,82.2,82.26,82.14,82.25
1783189800000,82.25,82.25,82.15,82.17
1783189980000,82.17,82.19,82.1,82.12
1783190160000,82.17,82.2,82.1,82.16
1783190340000,82.16,82.19,82.13,82.19
1783190520000,82.19,82.21,82.11,82.11
1783190700000,82.12,82.23,82.11,82.22
1783190880000,82.23,82.23,82.1,82.16
1783191060000,82.16,82.3,82.15,82.28
1783191240000,82.28,82.31,82.24,82.25
1783191420000,82.25,82.25,82.2,82.22
1783191600000,82.22,82.3,82.2,82.28
1783191780000,82.28,82.28,82.19,82.21
1783191960000,82.21,82.22,82.03,82.06
1783192140000,82.06,82.06,81.86,81.91
1783192320000,82.06,82.06,81.66,81.75
1783192500000,81.74,81.87,81.74,81.82
1783192680000,81.82,81.86,81.77,81.82
1783192860000,81.83,81.93,81.83,81.9
1783193040000,81.9,81.9,81.83,81.84
1783193220000,81.83,81.89,81.81,81.86
1783193400000,81.86,81.86,81.73,81.83
1783193580000,81.83,81.98,81.83,81.89
1783193760000,81.89,81.9,81.81,81.86
1783193940000,81.86,81.92,81.85,81.89
1783194120000,81.89,81.99,81.89,81.97
1783194300000,81.97,81.97,81.83,81.89
1783194480000,81.89,81.9,81.79,81.86
1783194660000,81.89,81.9,81.78,81.79
1783194840000,81.86,81.86,81.69,81.81
1783195020000,81.82,81.87,81.82,81.84
1783195200000,81.84,81.93,81.73,81.87
1783195380000,81.87,81.87,81.82,81.84
1783195560000,81.85,81.87,81.78,81.82
1783195740000,81.81,81.89,81.81,81.85
1783195920000,81.85,81.89,81.84,81.88
1783196100000,81.88,81.95,81.86,81.87
1783196280000,81.87,81.87,81.54,81.58
1783196460000,81.58,81.6,81.52,81.59
1783196640000,81.59,81.62,81.54,81.61
1783196820000,81.61,81.69,81.57,81.68
1783197000000,81.61,81.82,81.57,81.81
1783197180000,81.68,81.9,81.68,81.9
1783197360000,81.89,81.94,81.86,81.91
1783197540000,81.91,81.99,81.9,81.97
1783197720000,81.97,82.05,81.93,82.05
1783197900000,82.04,82.12,81.98,81.98
1783198080000,81.99,82.03,81.96,82.0
1783198260000,82.0,82.01,81.88,81.91
1783198440000,81.91,81.95,81.9,81.94
1783198620000,81.94,81.96,81.92,81.93
1783198800000,81.93,81.95,81.79,81.86
1783198980000,81.86,81.94,81.86,81.92
1783199160000,81.92,81.92,81.89,81.91
1783199340000,81.92,81.92,81.85,81.92
1783199520000,81.91,81.98,81.85,81.95
1783199700000,81.95,82.02,81.95,81.98
1783199880000,81.98,82.06,81.95,82.06
1783200060000,82.05,82.09,82.04,82.06
1783200240000,82.07,82.09,81.97,82.02
1783200420000,82.02,82.07,82.02,82.06
1783200600000,82.06,82.19,82.06,82.14
1783200780000,82.13,82.14,82.02,82.03
1783200960000,82.03,82.08,82.03,82.08
1783201140000,82.08,82.08,81.95,81.96
1783201320000,81.96,81.98,81.92,81.97
1783201500000,81.98,81.98,81.95,81.96
1783201680000,81.98,81.98,81.88,81.91
1783201860000,81.95,81.99,81.88,81.96
1783202040000,81.97,81.98,81.91,81.98
1783202220000,81.98,82.01,81.91,81.96
1783202400000,81.96,82.0,81.89,81.95
1783202580000,81.95,81.96,81.84,81.9
1783202760000,81.91,81.93,81.85,81.87
1783202940000,81.87,81.92,81.76,81.81
1783203120000,81.81,81.9,81.79,81.87
1783203300000,81.87,81.94,81.85,81.94
1783203480000,81.94,81.96,81.85,81.85
1783203660000,81.85,81.85,81.79,81.81
1783203840000,81.85,81.85,81.77,81.79
1783204020000,81.79,81.8,81.75,81.79
1783204200000,81.79,81.83,81.78,81.83
1783204380000,81.83,81.86,81.75,81.84
1783204560000,81.84,81.86,81.82,81.85
1783204740000,81.85,81.87,81.81,81.87
1783204920000,81.87,81.87,81.8,81.81
1783205100000,81.81,81.83,81.75,81.79
1783205280000,81.79,81.87,81.76,81.77
1783205460000,81.77,81.85,81.77,81.84
1783205640000,81.84,81.87,81.81,81.83
1783205820000,81.83,81.89,81.81,81.88
1783206000000,81.83,81.9,81.71,81.74
1783206180000,81.9,81.9,81.71,81.74
1783206360000,81.75,81.84,81.75,81.84
1783206540000,81.85,81.87,81.76,81.77
1783206720000,81.8,81.82,81.49,81.5
1783206900000,81.51,81.55,81.4,81.55
1783207080000,81.55,81.63,81.54,81.63
1783207260000,81.64,81.71,81.59,81.66
1783207440000,81.66,81.71,81.65,81.69
1783207620000,81.69,81.7,81.63,81.66
1783207800000,81.66,81.79,81.66,81.76
1783207980000,81.66,81.79,81.66,81.74
1783208160000,81.76,81.77,81.69,81.7
1783208340000,81.7,81.74,81.67,81.74
1783208520000,81.74,81.79,81.7,81.75
1783208700000,81.76,81.81,81.67,81.68
1783208880000,81.68,81.71,81.65,81.67
1783209060000,81.67,81.67,81.6,81.62
1783209240000,81.62,81.77,81.61,81.66
1783209420000,81.66,81.77,81.64,81.74
1783209600000,81.74,81.77,81.51,81.59
1783209780000,81.59,81.62,81.58,81.59
1783209960000,81.59,81.62,81.48,81.48
1783210140000,81.48,81.54,81.47,81.51
1783210320000,81.51,81.58,81.47,81.58
1783210500000,81.56,81.58,81.5,81.58
1783210680000,81.58,81.58,81.46,81.46
1783210860000,81.44,81.46,81.25,81.36
1783211040000,81.36,81.36,81.27,81.35
1783211220000,81.35,81.41,81.28,81.4
1783211400000,81.39,81.39,81.09,81.16
1783211580000,81.16,81.21,81.11,81.16
1783211760000,81.17,81.26,81.15,81.24
1783211940000,81.24,81.39,81.24,81.37
1783212120000,81.37,81.42,81.33,81.34
1783212300000,81.34,81.39,81.26,81.27
1783212480000,81.34,81.39,81.21,81.28
1783212660000,81.28,81.31,81.27,81.31
1783212840000,81.31,81.32,81.08,81.13
1783213020000,81.13,81.27,81.1,81.27
1783213200000,81.27,81.42,81.26,81.38
1783213380000,81.38,81.39,81.17,81.19
1783213560000,81.19,81.34,81.18,81.24
1783213740000,81.24,81.25,81.17,81.18
1783213920000,81.18,81.2,81.14,81.17
1783214100000,81.16,81.17,80.85,80.88
1783214280000,80.88,80.89,80.67,80.86
1783214460000,80.86,80.86,80.74,80.8
1783214640000,80.86,80.99,80.74,80.99
1783214820000,80.99,81.06,80.93,81.02
1783215000000,81.02,81.02,80.68,80.76
1783215180000,80.76,80.81,80.52,80.78
1783215360000,80.77,80.8,80.72,80.75
1783215540000,80.75,80.86,80.74,80.84
1783215720000,80.84,80.88,80.8,80.82
1783215900000,80.83,80.92,80.77,80.78
1783216080000,80.78,80.82,80.71,80.8
1783216260000,80.81,80.83,80.79,80.8
1783216440000,80.8,80.83,80.72,80.76
1783216620000,80.8,80.83,80.72,80.83
1783216800000,80.77,80.85,80.66,80.67
1783216980000,80.66,80.69,80.6,80.66
1783217160000,80.66,80.67,80.55,80.58
1783217340000,80.59,80.6,80.47,80.5
1783217520000,80.49,80.53,80.44,80.51
1783217700000,80.5,80.53,80.37,80.45
1783217880000,80.45,80.66,80.37,80.64
1783218060000,80.64,80.64,80.43,80.44
1783218240000,80.44,80.52,80.41,80.43
1783218420000,80.43,80.54,80.39,80.52
1783218600000,80.52,80.55,80.44,80.55
1783218780000,80.55,80.63,80.53,80.56
1783218960000,80.56,80.56,80.41,80.44
1783219140000,80.44,80.51,80.42,80.47
1783219320000,80.46,80.48,80.21,80.23
1783219500000,80.23,80.37,80.19,80.28
1783219680000,80.28,80.3,80.2,80.28
1783219860000,80.28,80.3,80.17,80.2
1783220040000,80.2,80.29,80.19,80.29
1783220220000,80.28,80.36,80.25,80.34
1783220400000,80.34,80.44,80.33,80.42
1783220580000,80.42,80.49,80.4,80.49
1783220760000,80.49,80.53,80.48,80.53
1783220940000,80.49,80.54,80.48,80.52
1783221120000,80.53,80.57,80.5,80.55
1783221300000,80.54,80.57,80.51,80.52
1783221480000,80.52,80.54,80.45,80.48
1783221660000,80.47,80.47,80.36,80.39
1783221840000,80.39,80.52,80.36,80.43
1783222020000,80.43,80.44,80.31,80.35
1783222200000,80.34,80.47,80.34,80.37
1783222380000,80.37,80.44,80.35,80.44
1783222560000,80.44,80.51,80.43,80.48
1783222740000,80.48,80.52,80.47,80.49
1783222920000,80.49,80.49,80.39,80.42
1783223100000,80.42,80.5,80.41,80.48
1783223280000,80.48,80.5,80.45,80.5
1783223460000,80.48,80.52,80.45,80.46
1783223640000,80.5,80.52,80.45,80.5
1783223820000,80.5,80.53,80.48,80.52
1783224000000,80.52,80.54,80.37,80.38
1783224180000,80.38,80.49,80.37,80.47
1783224360000,80.46,80.56,80.38,80.54
1783224540000,80.54,80.54,80.5,80.52
1783224720000,80.52,80.52,80.46,80.48
1783224900000,80.48,80.56,80.48,80.56
1783225080000,80.56,80.66,80.54,80.59
1783225260000,80.59,80.64,80.53,80.61
1783225440000,80.61,80.65,80.6,80.61
1783225620000,80.61,80.65,80.59,80.65
1783225800000,80.64,80.8,80.62,80.78
1783225980000,80.8,80.8,80.69,80.71
1783226160000,80.72,80.73,80.66,80.72
1783226340000,80.73,80.77,80.72,80.77
1783226520000,80.78,80.83,80.77,80.8
1783226700000,80.8,80.81,80.71,80.71
1783226880000,80.71,80.77,80.68,80.7
1783227060000,80.7,80.71,80.58,80.59
1783227240000,80.59,80.6,80.55,80.57
1783227420000,80.57,80.6,80.54,80.57
1783227600000,80.57,80.6,80.47,80.48
1783227780000,80.55,80.54,80.44,80.52
1783227960000,80.52,80.52,80.39,80.42
1783228140000,80.42,80.53,80.42,80.5
1783228320000,80.49,80.5,80.45,80.46
1783228500000,80.46,80.51,80.45,80.47
1783228680000,80.46,80.53,80.45,80.49
1783228860000,80.49,80.5,80.37,80.39
1783229040000,80.39,80.46,80.39,80.45
1783229220000,80.45,80.49,80.45,80.46
1783229400000,80.46,80.55,80.45,80.5
1783229580000,80.5,80.51,80.38,80.51
1783229760000,80.5,80.52,80.38,80.42
1783229940000,80.51,80.52,80.26,80.32
1783230120000,80.43,80.44,80.2,80.24
1783230300000,80.24,80.31,80.23,80.28
1783230480000,80.27,80.37,80.28,80.33
1783230660000,80.33,80.46,80.33,80.42
1783230840000,80.43,80.48,80.4,80.47
1783231020000,80.47,80.47,80.41,80.44
1783231200000,80.44,80.46,80.4,80.41
1783231380000,80.41,80.41,80.3,80.36
1783231560000,80.36,80.4,80.36,80.39
1783231740000,80.39,80.41,80.33,80.39
1783231920000,80.39,80.41,80.35,80.41
1783232100000,80.39,80.46,80.35,80.37
1783232280000,80.41,80.47,80.36,80.44
1783232460000,80.44,80.47,80.41,80.42
1783232640000,80.43,80.47,80.42,80.46
1783232820000,80.46,80.5,80.45,80.49
1783233000000,80.49,80.58,80.47,80.57
1783233180000,80.57,80.61,80.57,80.58
1783233360000,80.57,80.58,80.46,80.48
1783233540000,80.48,80.51,80.46,80.46
1783233720000,80.47,80.53,80.44,80.48
1783233900000,80.48,80.55,80.45,80.55
1783234080000,80.55,80.56,80.5,80.51
1783234260000,80.55,80.56,80.47,80.56
1783234440000,80.52,80.6,80.47,80.53
1783234620000,80.52,80.6,80.51,80.56
1783234800000,80.56,80.6,80.54,80.59
1783234980000,80.59,80.59,80.51,80.56
1783235160000,80.56,80.55,80.51,80.51
1783235340000,80.51,80.51,80.39,80.45
1783235520000,80.44,80.47,80.41,80.42
1783235700000,80.42,80.44,80.35,80.44
1783235880000,80.44,80.48,80.34,80.35
1783236060000,80.35,80.47,80.34,80.44
1783236240000,80.35,80.47,80.34,80.37
1783236420000,80.44,80.46,80.33,80.38
1783236600000,80.38,80.45,80.38,80.44
1783236780000,80.44,80.57,80.44,80.57
1783236960000,80.56,80.59,80.51,80.57
1783237140000,80.57,80.6,80.53,80.53
1783237320000,80.53,80.59,80.52,80.54
1783237500000,80.53,80.56,80.49,80.55
1783237680000,80.55,80.64,80.53,80.62
1783237860000,80.63,80.7,80.59,80.69
1783238040000,80.69,80.7,80.65,80.68
1783238220000,80.68,80.72,80.66,80.67
1783238400000,80.67,80.82,80.65,80.73
1783238580000,80.67,80.82,80.57,80.58
1783238760000,80.73,80.74,80.54,80.58
1783238940000,80.58,80.59,80.47,80.53
1783239120000,80.53,80.63,80.51,80.58
1783239300000,80.59,80.66,80.5,80.5
1783239480000,80.5,80.52,80.48,80.5
1783239660000,80.49,80.5,80.46,80.48
1783239840000,80.48,80.48,80.45,80.46
1783240020000,80.46,80.46,80.41,80.45
1783240200000,80.45,80.58,80.44,80.58
1783240380000,80.56,80.58,80.53,80.54
1783240560000,80.54,80.55,80.44,80.52
1783240740000,80.52,80.53,80.48,80.53
1783240920000,80.53,80.56,80.52,80.55
1783241100000,80.53,80.57,80.52,80.56
1783241280000,80.58,80.59,80.46,80.46
1783241460000,80.47,80.5,80.44,80.49
1783241640000,80.48,80.5,80.41,80.46
1783241820000,80.46,80.49,80.45,80.46
1783242000000,80.46,80.48,80.41,80.45
1783242180000,80.45,80.46,80.4,80.46
1783242360000,80.46,80.48,80.42,80.47
1783242540000,80.48,80.51,80.41,80.43
1783242720000,80.43,80.44,80.37,80.38
1783242900000,80.38,80.41,80.36,80.38
1783243080000,80.38,80.41,80.36,80.37
1783243260000,80.4,80.41,80.25,80.26
1783243440000,80.26,80.27,80.13,80.18
1783243620000,80.19,80.19,80.1,80.15
1783243800000,80.16,80.22,80.13,80.15
1783243980000,80.14,80.16,80.09,80.11
1783244160000,80.11,80.14,80.03,80.05
1783244340000,80.06,80.1,79.77,79.85
1783244520000,79.84,79.92,79.64,79.77
1783244700000,79.77,79.88,79.66,79.85
1783244880000,79.84,79.87,79.81,79.86
1783245060000,79.86,79.87,79.74,79.81
1783245240000,79.81,79.87,79.76,79.87
1783245420000,79.81,79.91,79.76,79.87
1783245600000,79.86,79.87,79.71,79.77
1783245780000,79.77,79.95,79.76,79.88
1783245960000,79.87,79.98,79.85,79.96
1783246140000,79.96,80.09,79.95,80.05
1783246320000,80.06,80.06,79.98,79.99
1783246500000,79.98,80.02,79.95,80.01
1783246680000,80.01,80.15,80.0,80.15
1783246860000,80.15,80.21,80.14,80.15
1783247040000,80.15,80.15,80.1,80.14
1783247220000,80.14,80.16,80.1,80.15
1783247400000,80.15,80.29,80.15,80.18
1783247580000,80.18,80.21,80.15,80.21
1783247760000,80.21,80.25,80.19,80.21
1783247940000,80.2,80.23,80.16,80.21
1783248120000,80.21,80.21,80.18,80.2
1783248300000,80.22,80.32,80.22,80.31
1783248480000,80.32,80.39,80.31,80.34
1783248660000,80.35,80.41,80.33,80.39
1783248840000,80.4,80.42,80.34,80.36
1783249020000,80.36,80.41,80.35,80.4
1783249200000,80.41,80.56,80.31,80.33
1783249380000,80.33,80.42,80.33,80.37
1783249560000,80.33,80.48,80.33,80.45
1783249740000,80.37,80.48,80.36,80.48
1783249920000,80.48,80.52,80.44,80.49
1783250100000,80.49,80.5,80.41,80.47
1783250280000,80.48,80.51,80.45,80.51
1783250460000,80.51,80.53,80.41,80.41
1783250640000,80.42,80.42,80.36,80.36
1783250820000,80.37,80.45,80.34,80.41
1783251000000,80.4,80.5,80.36,80.49
1783251180000,80.49,80.61,80.49,80.59
1783251360000,80.59,80.61,80.58,80.59
1783251540000,80.59,80.62,80.51,80.53
1783251720000,80.59,80.62,80.51,80.55
1783251900000,80.53,80.62,80.52,80.59
1783252080000,80.59,80.6,80.51,80.52
1783252260000,80.52,80.57,80.52,80.53
1783252440000,80.52,80.55,80.5,80.55
1783252620000,80.55,80.56,80.51,80.52
1783252800000,80.52,80.54,80.45,80.47
1783252980000,80.47,80.47,80.32,80.43
1783253160000,80.43,80.48,80.42,80.42
1783253340000,80.43,80.45,80.36,80.45
1783253520000,80.43,80.5,80.36,80.48
1783253700000,80.45,80.56,80.44,80.53
1783253880000,80.48,80.6,80.47,80.58
1783254060000,80.58,80.75,80.56,80.69
1783254240000,80.69,80.95,80.68,80.89
1783254420000,80.89,81.04,80.84,81.02
1783254600000,81.01,81.25,81.0,81.1
1783254780000,81.11,81.11,80.91,80.97
1783254960000,80.97,81.06,80.9,81.01
1783255140000,81.0,81.04,80.77,80.85
1783255320000,80.85,80.85,80.76,80.76
1783255500000,80.76,80.85,80.76,80.85
1783255680000,80.85,80.88,80.77,80.79
1783255860000,80.79,80.85,80.77,80.84
1783256040000,80.79,80.85,80.76,80.77
1783256220000,80.84,80.85,80.71,80.73
1783256400000,80.72,80.82,80.64,80.81
1783256580000,80.81,80.87,80.75,80.87
1783256760000,80.87,80.96,80.86,80.95
1783256940000,80.95,80.96,80.85,80.86
1783257120000,80.86,80.89,80.83,80.85
1783257300000,80.85,80.86,80.78,80.81
1783257480000,80.81,80.86,80.81,80.86
1783257660000,80.86,80.86,80.8,80.82
1783257840000,80.82,80.86,80.76,80.79
1783258020000,80.79,80.79,80.64,80.76
1783258200000,80.79,80.8,80.64,80.8
1783258380000,80.76,80.86,80.7,80.83
1783258560000,80.83,80.93,80.82,80.92
1783258740000,80.92,81.0,80.92,80.98
1783258920000,80.98,81.11,80.97,81.1
1783259100000,81.1,81.19,81.1,81.11
1783259280000,81.11,81.12,81.03,81.07
1783259460000,81.07,81.15,81.07,81.09
1783259640000,81.09,81.15,81.08,81.14
1783259820000,81.14,81.19,81.13,81.19
1783260000000,81.19,81.3,81.16,81.26
1783260180000,81.26,81.25,81.08,81.15
1783260360000,81.15,81.24,81.1,81.22
1783260540000,81.15,81.24,81.1,81.16
1783260720000,81.22,81.22,81.09,81.16
1783260900000,81.16,81.21,81.06,81.07
1783261080000,81.08,81.09,80.98,81.02
1783261260000,81.02,81.11,81.01,81.05
1783261440000,81.05,81.11,81.05,81.08
1783261620000,81.08,81.08,81.02,81.05
1783261800000,81.05,81.17,81.04,81.06
1783261980000,81.06,81.11,81.0,81.03
1783262160000,81.03,81.29,80.99,81.26
1783262340000,81.26,81.3,81.21,81.25
1783262520000,81.26,81.58,81.21,81.38
1783262700000,81.26,81.58,81.22,81.29
1783262880000,81.29,81.35,81.24,81.28
1783263060000,81.28,81.28,81.22,81.26
1783263240000,81.26,81.41,81.26,81.37
1783263420000,81.38,81.43,81.34,81.41
1783263600000,81.41,81.41,81.29,81.38
1783263780000,81.38,81.94,81.37,81.48
1783263960000,81.48,81.63,81.44,81.45
1783264140000,81.44,81.45,81.31,81.38
1783264320000,81.38,81.39,81.26,81.27
1783264500000,81.38,81.39,81.21,81.29
1783264680000,81.26,81.33,81.22,81.3
1783264860000,81.3,81.31,81.13,81.19
1783265040000,81.18,81.23,81.13,81.21
1783265220000,81.22,81.28,81.2,81.22
1783265400000,81.22,81.36,81.2,81.33
1783265580000,81.32,81.43,81.31,81.43
1783265760000,81.42,81.51,81.32,81.32
1783265940000,81.31,81.33,81.18,81.19
1783266120000,81.19,81.19,81.09,81.13
1783266300000,81.13,81.25,81.07,81.22
1783266480000,81.13,81.33,81.07,81.33
1783266660000,81.33,81.39,81.32,81.36
1783266840000,81.36,81.42,81.34,81.4
1783267020000,81.4,81.4,81.3,81.32
1783267200000,81.32,81.42,81.31,81.35
1783267380000,81.35,81.43,81.31,81.31
1783267560000,81.39,81.48,81.21,81.28
1783267740000,81.27,81.33,81.24,81.32
1783267920000,81.32,81.32,81.21,81.23
1783268100000,81.23,81.26,81.13,81.14
1783268280000,81.15,81.2,81.09,81.11
1783268460000,81.11,81.12,81.03,81.1
1783268640000,81.11,81.14,81.03,81.13
1783268820000,81.12,81.15,81.01,81.02
1783269000000,81.02,81.15,81.01,81.12
1783269180000,81.13,81.17,81.11,81.14
1783269360000,81.14,81.14,81.0,81.01
1783269540000,81.01,81.04,80.98,81.02
1783269720000,81.02,81.03,80.93,80.95
1783269900000,80.96,80.97,80.87,80.91
1783270080000,80.92,81.0,80.91,80.99
1783270260000,80.99,81.07,80.98,81.04
1783270440000,81.04,81.09,81.02,81.08
1783270620000,81.08,81.15,81.05,81.06
1783270800000,81.08,81.18,81.05,81.08
1783270980000,81.08,81.23,81.07,81.16
1783271160000,81.15,81.17,81.09,81.12
1783271340000,81.12,81.12,81.05,81.07
1783271520000,81.07,81.1,81.01,81.1
1783271700000,81.1,81.17,81.08,81.17
1783271880000,81.16,81.16,81.09,81.13
1783272060000,81.12,81.34,81.06,81.31
1783272240000,81.3,81.33,81.11,81.14
1783272420000,81.14,81.15,81.03,81.04
1783272600000,81.04,81.14,81.02,81.09
1783272780000,81.09,81.18,81.07,81.09
1783272960000,81.09,81.18,81.07,81.15
1783273140000,81.09,81.18,81.08,81.12
1783273320000,81.1,81.11,80.97,80.99
1783273500000,81.01,81.11,80.98,81.11
1783273680000,81.11,81.15,81.06,81.07
1783273860000,81.08,81.09,81.0,81.02
1783274040000,81.02,81.11,80.99,81.11
1783274220000,81.11,81.14,81.09,81.09
1783274400000,81.09,81.16,81.09,81.16
1783274580000,81.16,81.18,81.06,81.18
1783274760000,81.18,81.19,81.07,81.09
1783274940000,81.09,81.17,81.08,81.14
1783275120000,81.09,81.17,81.08,81.14
1783275300000,81.15,81.22,81.09,81.13
1783275480000,81.13,81.21,81.12,81.21
1783275660000,81.21,81.21,81.14,81.16
1783275840000,81.16,81.24,81.15,81.22
1783276020000,81.22,81.22,81.11,81.12
1783276200000,81.13,81.17,81.11,81.15
1783276380000,81.14,81.14,81.07,81.09
1783276560000,81.09,81.09,81.04,81.07
1783276740000,81.07,81.17,81.07,81.16
1783276920000,81.16,81.19,81.13,81.15
1783277100000,81.16,81.19,81.06,81.07
1783277280000,81.15,81.16,81.06,81.08
1783277460000,81.08,81.23,81.07,81.19
1783277640000,81.19,81.19,81.0,81.07
1783277820000,81.06,81.06,80.96,80.98
1783278000000,80.98,80.98,80.9,80.97
1783278180000,80.98,81.05,80.96,80.98
1783278360000,80.98,81.0,80.92,81.0
1783278540000,81.0,81.01,80.94,81.01
1783278720000,81.01,81.07,81.0,81.01
1783278900000,81.01,81.06,80.96,80.98
1783279080000,80.98,80.98,80.92,80.92
1783279260000,80.98,80.98,80.85,80.92
1783279440000,80.92,80.94,80.78,80.86
1783279620000,80.86,80.94,80.82,80.93
1783279800000,80.92,81.06,80.88,81.01
1783279980000,81.02,81.03,80.93,80.94
1783280160000,80.94,80.98,80.93,80.98
1783280340000,80.98,81.01,80.94,80.94
1783280520000,80.95,81.01,80.86,81.01
1783280700000,81.01,81.04,80.98,81.04
1783280880000,81.04,81.09,80.98,80.98
1783281060000,81.04,81.09,80.93,80.94
1783281240000,80.97,81.0,80.92,80.99
1783281420000,80.99,81.03,80.98,81.0
1783281600000,81.01,81.02,80.95,81.0
1783281780000,81.01,81.03,80.97,80.99
1783281960000,80.99,81.07,80.99,81.05
1783282140000,81.05,81.13,81.05,81.07
1783282320000,81.07,81.11,81.0,81.04
1783282500000,81.04,81.06,80.96,81.01
1783282680000,81.01,81.01,80.94,80.98
1783282860000,80.98,81.05,80.98,81.03
1783283040000,81.03,81.05,80.96,80.97
1783283220000,81.03,81.05,80.92,80.98
1783283400000,80.98,81.02,80.92,80.94
1783283580000,80.94,80.97,80.91,80.95
1783283760000,80.95,80.96,80.9,80.94
1783283940000,80.94,80.97,80.92,80.93
1783284120000,80.93,80.97,80.92,80.97
1783284300000,80.97,81.01,80.95,80.98
1783284480000,80.98,81.0,80.97,80.99
1783284660000,80.99,80.99,80.95,80.97
1783284840000,80.97,81.01,80.94,81.01
1783285020000,81.01,81.05,80.98,81.03
1783285200000,81.01,81.05,80.87,80.95
1783285380000,80.95,81.02,80.95,80.96
1783285560000,80.96,80.97,80.88,80.94
1783285740000,80.94,80.97,80.72,80.87
1783285920000,80.86,80.94,80.86,80.92
1783286100000,80.92,80.99,80.91,80.99
1783286280000,81.0,81.31,81.0,81.3
1783286460000,81.3,81.45,81.24,81.36
1783286640000,81.36,81.37,81.25,81.34
1783286820000,81.33,81.53,81.31,81.47
1783287000000,81.47,82.2,81.47,81.67
1783287180000,81.67,81.71,81.54,81.58
1783287360000,81.58,81.64,81.51,81.58
1783287540000,81.58,81.64,81.48,81.53
1783287720000,81.53,81.63,81.48,81.62
1783287900000,81.62,81.62,81.51,81.53
1783288080000,81.53,81.53,81.45,81.47
1783288260000,81.47,81.53,81.46,81.53
1783288440000,81.53,81.99,81.51,81.99
1783288620000,81.97,81.98,81.74,81.75
1783288800000,81.76,81.91,81.61,81.89
1783288980000,81.89,82.09,81.69,81.81
1783289160000,81.82,81.84,81.66,81.72
1783289340000,81.72,81.88,81.69,81.86
1783289520000,81.72,82.04,81.69,81.98
1783289700000,81.86,82.18,81.81,82.06
1783289880000,82.06,82.27,81.99,82.2
1783290060000,82.18,82.4,82.14,82.21
1783290240000,82.21,82.29,82.08,82.12
1783290420000,82.12,82.23,82.03,82.11
1783290600000,82.11,82.34,81.97,81.97
1783290780000,81.98,81.98,81.66,81.77
1783290960000,81.77,81.88,81.73,81.76
1783291140000,81.76,81.85,81.73,81.75
1783291320000,81.75,81.76,81.61,81.65
1783291500000,81.75,81.83,81.61,81.82
1783291680000,81.8,81.8,81.62,81.64
1783291860000,81.63,81.73,81.6,81.7
1783292040000,81.71,81.77,81.65,81.66
1783292220000,81.67,81.82,81.63,81.79
1783292400000,81.79,81.85,81.71,81.73
1783292580000,81.75,81.88,81.72,81.87
1783292760000,81.87,81.88,81.71,81.8
1783292940000,81.8,81.81,81.69,81.77
1783293120000,81.8,81.93,81.69,81.93
1783293300000,81.77,82.04,81.75,81.84
1783293480000,81.84,82.01,81.81,81.82
1783293660000,81.82,81.94,81.74,81.8
1783293840000,81.8,81.79,81.53,81.62
1783294020000,81.62,81.71,81.54,81.59
1783294200000,81.6,81.73,81.57,81.64
1783294380000,81.65,81.75,81.58,81.59
1783294560000,81.59,81.65,81.54,81.56
1783294740000,81.56,81.64,81.49,81.64
1783294920000,81.64,81.73,81.62,81.64
1783295100000,81.64,81.73,81.46,81.47
1783295280000,81.47,81.55,81.41,81.53
1783295460000,81.54,81.55,81.44,81.48
1783295640000,81.48,81.51,81.4,81.41
1783295820000,81.42,81.56,81.43,81.55
1783296000000,81.55,81.56,81.33,81.48
1783296180000,81.48,81.52,81.43,81.46
1783296360000,81.45,81.53,81.39,81.47
1783296540000,81.47,81.49,81.27,81.45
1783296720000,81.45,81.53,81.43,81.53
1783296900000,81.53,81.69,81.52,81.53
1783297080000,81.53,81.57,81.37,81.42
1783297260000,81.53,81.57,81.23,81.36
1783297440000,81.37,81.37,81.15,81.29
1783297620000,81.29,81.31,81.19,81.2
1783297800000,81.22,81.37,81.07,81.28
1783297980000,81.26,81.39,81.21,81.36
1783298160000,81.36,81.59,81.33,81.55
1783298340000,81.55,81.83,81.52,81.74
1783298520000,81.74,81.88,81.71,81.84
1783298700000,81.85,82.01,81.81,81.81
1783298880000,81.81,82.19,81.81,82.17
1783299060000,82.17,82.18,82.01,82.09
1783299240000,82.09,82.09,82.0,82.07
1783299420000,82.09,82.21,82.0,82.17
1783299600000,82.17,82.31,82.12,82.17
1783299780000,82.17,82.19,82.05,82.08
1783299960000,82.08,82.23,82.03,82.21
1783300140000,82.21,82.21,82.03,82.04
1783300320000,82.04,82.07,81.95,81.99
1783300500000,81.99,82.07,81.89,81.99
1783300680000,81.98,82.07,81.95,82.03
1783300860000,82.03,82.05,81.92,81.97
1783301040000,81.97,81.97,81.65,81.69
1783301220000,81.69,81.82,81.63,81.79
1783301400000,81.69,82.03,81.63,81.99
1783301580000,81.79,82.09,81.74,82.04
1783301760000,82.02,82.08,81.96,81.96
1783301940000,81.95,82.0,81.91,81.99
1783302120000,81.99,81.99,81.9,81.94
1783302300000,81.94,81.93,81.74,81.75
1783302480000,81.74,81.75,81.59,81.65
1783302660000,81.65,81.69,81.57,81.67
1783302840000,81.67,81.69,81.58,81.59
1783303020000,81.59,81.59,81.45,81.52
1783303200000,81.52,81.61,81.46,81.56
1783303380000,81.52,81.61,81.36,81.37
1783303560000,81.58,81.59,81.16,81.23
1783303740000,81.23,81.28,81.16,81.24
1783303920000,81.24,81.25,81.13,81.22
1783304100000,81.22,81.28,81.19,81.22
1783304280000,81.22,81.45,81.21,81.41
1783304460000,81.4,81.65,81.38,81.63
1783304640000,81.63,81.64,81.49,81.54
1783304820000,81.54,81.57,81.33,81.35
1783305000000,81.36,81.43,81.3,81.38
1783305180000,81.38,81.37,81.24,81.31
1783305360000,81.31,81.41,81.27,81.41
1783305540000,81.41,81.42,81.15,81.24
1783305720000,81.41,81.42,81.13,81.13
1783305900000,81.13,81.24,81.13,81.15
1783306080000,81.15,81.15,81.11,81.11
1783306260000,81.11,81.11,80.93,80.98
1783306440000,80.98,81.03,80.8,80.82
1783306620000,80.83,81.03,80.83,81.0
1783306800000,80.99,81.0,80.91,80.92
1783306980000,80.92,80.98,80.91,80.94
1783307160000,80.93,80.95,80.82,80.89
1783307340000,80.89,81.03,80.87,80.98
1783307520000,80.98,80.99,80.85,80.9
1783307700000,80.9,80.97,80.81,80.91
1783307880000,80.91,80.93,80.83,80.85
1783308060000,80.85,80.87,80.44,80.49
1783308240000,80.85,80.87,80.42,80.6
1783308420000,80.59,80.67,80.58,80.66
1783308600000,80.66,80.67,80.45,80.61
1783308780000,80.6,80.72,80.56,80.69
1783308960000,80.67,80.79,80.66,80.75
1783309140000,80.73,80.76,80.67,80.67
1783309320000,80.67,80.67,80.55,80.56
1783309500000,80.56,80.62,80.53,80.58
1783309680000,80.58,80.68,80.58,80.68
1783309860000,80.68,80.67,80.59,80.67
1783310040000,80.66,80.71,80.6,80.7
1783310220000,80.7,80.78,80.68,80.78
1783310400000,80.7,80.78,80.68,80.71
1783310580000,80.78,80.88,80.67,80.78
1783310760000,80.78,80.8,80.74,80.77
1783310940000,80.77,80.85,80.71,80.84
1783311120000,80.85,80.9,80.82,80.9
1783311300000,80.9,80.93,80.85,80.86
1783311480000,80.86,80.97,80.85,80.94
1783311660000,80.94,80.95,80.9,80.91
1783311840000,80.9,80.93,80.76,80.76
1783312020000,80.78,80.78,80.69,80.74
1783312200000,80.74,80.83,80.68,80.79
1783312380000,80.79,80.85,80.7,80.79
1783312560000,80.79,80.87,80.7,80.85
1783312740000,80.79,80.96,80.78,80.89
1783312920000,80.89,80.92,80.84,80.85
1783313100000,80.85,80.88,80.83,80.83
1783313280000,80.84,80.95,80.83,80.89
1783313460000,80.89,80.94,80.88,80.9
1783313640000,80.9,80.92,80.87,80.91
1783313820000,80.91,80.91,80.76,80.79
1783314000000,80.79,80.79,80.71,80.71
1783314180000,80.71,80.7,80.58,80.67
1783314360000,80.67,80.69,80.54,80.56
1783314540000,80.56,80.7,80.52,80.69
1783314720000,80.56,80.7,80.52,80.55
1783314900000,80.55,80.6,80.44,80.59
1783315080000,80.59,80.6,80.54,80.59
1783315260000,80.6,80.6,80.47,80.49
1783315440000,80.49,80.51,80.41,80.46
1783315620000,80.47,80.47,80.16,80.25
1783315800000,80.23,80.28,80.11,80.27
1783315980000,80.27,80.31,80.21,80.29
1783316160000,80.31,80.44,80.29,80.43
1783316340000,80.43,80.46,80.38,80.41
1783316520000,80.41,80.51,80.4,80.41
1783316700000,80.41,80.45,80.37,80.38
1783316880000,80.38,80.42,80.37,80.42
1783317060000,80.42,80.5,80.39,80.47
1783317240000,80.46,80.52,80.46,80.49
1783317420000,80.49,80.5,80.37,80.38
1783317600000,80.37,80.49,80.36,80.39
1783317780000,80.39,80.47,80.36,80.38
1783317960000,80.38,80.41,80.27,80.37
1783318140000,80.36,80.41,80.34,80.39
1783318320000,80.39,80.44,80.37,80.44
1783318500000,80.43,80.48,80.34,80.36
1783318680000,80.37,80.37,80.27,80.28
1783318860000,80.28,80.36,80.24,80.35
1783319040000,80.35,80.38,80.31,80.33
1783319220000,80.35,80.38,80.3,80.34
1783319400000,80.34,80.36,80.29,80.32
