1781740980000,64548.5,64612.0,64522.6,64595.6
1781741160000,64595.6,64596.0,64535.9,64535.9
1781741340000,64535.9,64611.9,64531.0,64602.8
1781741520000,64602.8,64630.0,64582.2,64604.8
1781741700000,64604.8,64650.0,64591.9,64625.7
1781741880000,64625.7,64671.8,64622.5,64627.5
1781742060000,64627.5,64676.6,64600.0,64624.7
1781742240000,64624.7,64624.8,64510.0,64523.9
1781742420000,64523.9,64600.0,64523.9,64560.6
1781742600000,64560.6,64671.2,64550.4,64636.8
1781742780000,64636.8,64636.8,64550.0,64550.1
1781742960000,64550.1,64551.8,64505.2,64521.6
1781743140000,64521.6,64524.0,64470.4,64503.9
1781743320000,64503.9,64562.7,64492.8,64562.6
1781743500000,64562.6,64587.6,64554.3,64583.8
1781743680000,64583.8,64588.0,64543.6,64559.3
1781743860000,64559.3,64559.4,64489.1,64510.5
1781744040000,64510.5,64510.5,64436.4,64437.0
1781744220000,64437.0,64448.8,64424.7,64432.9
1781744400000,64432.9,64574.4,64429.1,64560.1
1781744580000,64560.1,64635.3,64545.5,64605.1
1781744760000,64605.1,64725.1,64572.8,64708.7
1781744940000,64708.7,64775.0,64690.4,64764.7
1781745120000,64764.7,64780.0,64689.2,64703.7
1781745300000,64703.7,64713.5,64656.7,64682.6
1781745480000,64682.6,64682.5,64606.9,64617.2
1781745660000,64617.2,64677.0,64617.1,64656.0
1781745840000,64656.0,64656.0,64590.8,64628.6
1781746020000,64628.6,64655.7,64621.0,64629.6
1781746200000,64629.6,64721.9,64629.5,64656.1
1781746380000,64656.1,64693.2,64616.3,64619.2
1781746560000,64619.2,64619.9,64580.0,64592.3
1781746740000,64592.3,64602.8,64575.4,64585.5
1781746920000,64585.5,64602.8,64570.1,64584.4
1781747100000,64584.4,64584.4,64508.0,64544.6
1781747280000,64544.6,64552.0,64470.3,64470.4
1781747460000,64470.4,64490.7,64444.1,64490.7
1781747640000,64490.7,64530.8,64471.6,64522.6
1781747820000,64522.6,64531.0,64505.1,64520.9
1781748000000,64520.9,64584.4,64520.9,64574.2
1781748180000,64574.2,64619.0,64574.1,64618.6
1781748360000,64618.6,64650.0,64560.0,64562.0
1781748540000,64562.0,64583.5,64500.5,64525.5
1781748720000,64525.5,64544.7,64500.0,64541.5
1781748900000,64541.5,64541.5,64453.2,64480.9
1781749080000,64480.9,64612.4,64480.9,64612.4
1781749260000,64612.4,64645.2,64601.6,64645.2
1781749440000,64645.2,64720.8,64645.1,64718.0
1781749620000,64718.0,64718.0,64662.2,64672.7
1781749800000,64672.7,64714.6,64669.3,64680.2
1781749980000,64680.2,64695.0,64645.6,64662.2
1781750160000,64662.2,64724.8,64662.1,64722.1
1781750340000,64722.1,64740.1,64714.6,64723.9
1781750520000,64723.9,64734.9,64720.5,64734.9
1781750700000,64734.9,64749.9,64680.0,64687.1
1781750880000,64687.1,64711.9,64663.7,64693.3
1781751060000,64693.3,64712.5,64680.0,64680.0
1781751240000,64680.0,64678.0,64640.7,64674.3
1781751420000,64674.3,64680.7,64650.0,64652.3
1781751600000,64652.3,64652.3,64501.8,64501.9
1781751780000,64501.9,64576.1,64501.9,64576.0
1781751960000,64576.0,64593.8,64553.6,64561.0
1781752140000,64561.0,64561.1,64506.5,64511.7
1781752320000,64511.7,64511.8,64487.5,64492.1
1781752500000,64492.1,64500.8,64470.1,64494.7
1781752680000,64494.7,64497.0,64456.0,64456.1
1781752860000,64456.1,64467.8,64370.2,64393.6
1781753040000,64393.6,64402.7,64332.9,64340.0
1781753220000,64340.0,64348.3,64280.7,64280.8
1781753400000,64280.8,64370.7,64280.8,64344.7
1781753580000,64344.7,64344.7,64277.1,64330.5
1781753760000,64330.5,64330.6,64238.0,64299.9
1781753940000,64299.9,64315.0,64262.3,64280.7
1781754120000,64280.7,64309.8,64228.9,64298.0
1781754300000,64298.0,64315.0,64270.0,64291.0
1781754480000,64291.0,64380.9,64291.0,64362.3
1781754660000,64362.3,64362.4,64306.8,64318.0
1781754840000,64318.0,64329.0,64282.2,64282.3
1781755020000,64282.3,64286.1,64241.4,64254.9
1781755200000,64254.9,64310.5,64230.5,64285.9
1781755380000,64285.9,64296.8,64171.6,64232.3
1781755560000,64232.3,64240.7,64104.3,64104.4
1781755740000,64104.4,64123.0,63795.0,63827.4
1781755920000,63827.4,64019.3,63827.1,63908.2
1781756100000,63908.2,64079.8,63908.3,64027.8
1781756280000,64027.8,64035.2,63821.9,63852.1
1781756460000,63852.1,63989.7,63839.4,63940.1
1781756640000,63940.1,64000.0,63904.8,63976.2
1781756820000,63976.2,63976.2,63892.4,63911.8
1781757000000,63911.8,63927.0,63868.8,63917.0
1781757180000,63917.0,63956.4,63867.2,63956.4
1781757360000,63956.4,63958.3,63878.4,63935.0
1781757540000,63935.0,63943.3,63851.2,63903.6
1781757720000,63903.6,63909.9,63848.4,63850.1
1781757900000,63850.1,63860.2,63800.3,63826.8
1781758080000,63826.8,63862.8,63800.1,63825.0
1781758260000,63825.0,63861.8,63808.6,63840.2
1781758440000,63840.2,63946.1,63840.2,63940.2
1781758620000,63940.2,63940.3,63854.7,63854.7
1781758800000,63854.7,63880.3,63778.0,63779.1
1781758980000,63779.1,63794.4,63692.9,63739.8
1781759160000,63739.8,63756.4,63660.2,63742.8
1781759340000,63742.8,63947.7,63705.6,63920.5
1781759520000,63920.5,63923.4,63845.4,63888.5
1781759700000,63888.5,63960.9,63877.7,63936.3
1781759880000,63936.3,63963.5,63910.5,63920.9
1781760060000,63920.9,63972.3,63910.2,63925.1
1781760240000,63925.1,63969.9,63891.1,63969.9
1781760420000,63969.9,63972.3,63890.4,63890.4
1781760600000,63890.4,63960.0,63889.7,63909.8
1781760780000,63909.8,63971.6,63888.0,63971.6
1781760960000,63971.6,64000.0,63820.4,63874.4
1781761140000,63874.4,63957.0,63871.3,63938.9
1781761320000,63938.9,63964.5,63900.0,63900.1
1781761500000,63900.1,63916.8,63866.2,63875.3
1781761680000,63875.3,63900.0,63850.0,63879.7
1781761860000,63879.7,63882.0,63849.6,63865.9
1781762040000,63865.9,63955.2,63860.6,63955.1
1781762220000,63955.1,63974.0,63942.5,63961.9
1781762400000,63961.9,63968.5,63904.0,63968.5
1781762580000,63968.5,64048.9,63963.7,64000.5
1781762760000,64000.5,64000.0,63868.7,63873.8
1781762940000,63873.8,63902.7,63873.7,63890.0
1781763120000,63890.0,63931.2,63851.5,63927.2
1781763300000,63927.2,63959.9,63860.6,63877.1
1781763480000,63877.1,63911.3,63814.7,63900.0
1781763660000,63900.0,63940.8,63888.4,63920.1
1781763840000,63920.1,63924.9,63898.5,63924.8
1781764020000,63924.8,63970.9,63924.7,63958.8
1781764200000,63958.8,64047.9,63939.0,64030.1
1781764380000,64030.1,64039.4,64013.2,64027.3
1781764560000,64027.3,64036.7,63988.9,64025.9
1781764740000,64025.9,64065.9,64018.1,64040.5
1781764920000,64040.5,64071.1,64040.4,64068.3
1781765100000,64068.3,64097.7,64047.4,64054.5
1781765280000,64054.5,64094.2,64056.1,64056.1
1781765460000,64056.1,64083.6,64025.5,64044.3
1781765640000,64044.3,64074.9,64041.5,64074.9
1781765820000,64074.9,64090.0,64031.6,64049.6
1781766000000,64049.6,64067.8,64030.0,64043.9
1781766180000,64043.9,64076.4,64044.0,64058.9
1781766360000,64058.9,64058.8,64029.8,64048.0
1781766540000,64048.0,64052.0,63985.3,64023.5
1781766720000,64023.5,64070.8,63987.2,64065.0
1781766900000,64065.0,64181.4,64048.8,64134.6
1781767080000,64134.6,64166.0,64118.0,64157.0
1781767260000,64157.0,64220.3,64157.0,64218.0
1781767440000,64218.0,64258.0,64205.4,64241.4
1781767620000,64241.4,64283.3,64212.1,64266.8
1781767800000,64266.8,64266.8,64222.8,64227.1
1781767980000,64227.1,64297.0,64223.0,64297.0
1781768160000,64297.0,64415.1,64296.9,64377.7
1781768340000,64377.7,64424.9,64371.8,64420.0
1781768520000,64420.0,64421.8,64379.1,64402.8
1781768700000,64402.8,64471.0,64388.9,64458.5
1781768880000,64458.5,64460.6,64422.5,64436.3
1781769060000,64436.3,64450.0,64413.5,64439.1
1781769240000,64439.1,64439.1,64402.8,64418.4
1781769420000,64418.4,64480.2,64418.4,64470.4
1781769600000,64470.4,64485.5,64380.5,64418.3
1781769780000,64418.3,64418.4,64349.3,64415.1
1781769960000,64415.1,64566.3,64397.1,64518.7
1781770140000,64518.7,64625.9,64515.3,64548.3
1781770320000,64548.3,64548.3,64466.4,64512.7
1781770500000,64512.7,64569.8,64478.1,64569.7
1781770680000,64569.7,64577.0,64540.0,64540.0
1781770860000,64540.0,64541.1,64495.2,64531.8
1781771040000,64531.8,64558.9,64524.6,64549.6
1781771220000,64549.6,64556.3,64535.1,64548.0
1781771400000,64548.0,64575.9,64529.9,64530.0
1781771580000,64530.0,64543.2,64492.8,64499.9
1781771760000,64499.9,64552.0,64499.9,64539.1
1781771940000,64539.1,64560.0,64507.1,64511.9
1781772120000,64511.9,64523.9,64485.3,64485.4
1781772300000,64485.4,64493.8,64435.9,64483.8
1781772480000,64483.8,64498.9,64452.9,64460.7
1781772660000,64460.7,64470.9,64409.6,64413.9
1781772840000,64413.9,64426.8,64388.8,64388.8
1781773020000,64388.8,64390.3,64350.0,64369.9
1781773200000,64369.9,64376.7,64289.8,64299.8
1781773380000,64299.8,64369.0,64299.9,64330.0
1781773560000,64330.0,64351.1,64324.5,64331.6
1781773740000,64331.6,64355.0,64294.9,64294.9
1781773920000,64294.9,64366.4,64283.9,64361.7
1781774100000,64361.7,64448.9,64361.6,64432.4
1781774280000,64432.4,64450.0,64408.3,64408.3
1781774460000,64408.3,64434.5,64401.0,64401.1
1781774640000,64401.1,64407.2,64266.0,64269.2
1781774820000,64269.2,64269.3,64205.9,64221.8
1781775000000,64221.8,64260.1,64182.0,64260.1
1781775180000,64260.1,64281.7,64242.6,64245.1
1781775360000,64245.1,64250.0,64221.1,64238.7
1781775540000,64238.7,64272.4,64238.8,64260.1
1781775720000,64260.1,64279.8,64250.0,64257.5
1781775900000,64257.5,64297.7,64250.0,64256.4
1781776080000,64256.4,64256.4,64222.0,64222.0
1781776260000,64222.0,64253.9,64209.9,64239.9
1781776440000,64239.9,64239.9,64163.8,64181.6
1781776620000,64181.6,64189.0,64162.5,64172.7
1781776800000,64172.7,64172.7,64142.5,64142.6
1781776980000,64142.6,64162.6,64097.9,64105.4
1781777160000,64105.4,64105.4,64015.8,64017.1
1781777340000,64017.1,64038.6,63980.1,64007.3
1781777520000,64007.3,64015.4,63963.4,63985.8
1781777700000,63985.8,64027.7,63933.5,63960.8
1781777880000,63960.8,63977.9,63918.2,63966.4
1781778060000,63966.4,63966.4,63885.7,63894.8
1781778240000,63894.8,63977.4,63882.0,63961.7
1781778420000,63961.7,63972.1,63908.5,63942.7
1781778600000,63942.7,63976.5,63942.6,63960.8
1781778780000,63960.8,64009.9,63914.9,64009.7
1781778960000,64009.7,64010.0,63933.0,63994.7
1781779140000,63994.7,64055.4,63989.8,64026.4
1781779320000,64026.4,64026.5,63969.2,63974.8
1781779500000,63974.8,64031.1,63971.3,64026.6
1781779680000,64026.6,64029.8,63992.3,64027.5
1781779860000,64027.5,64197.2,64024.7,64186.1
1781780040000,64186.1,64186.1,64075.9,64124.8
1781780220000,64124.8,64134.0,64044.0,64050.0
1781780400000,64050.0,64175.9,64050.0,64170.5
1781780580000,64170.5,64170.5,64070.7,64081.7
1781780760000,64081.7,64110.0,64060.9,64107.3
1781780940000,64107.3,64107.4,63974.2,64011.4
1781781120000,64011.4,64024.8,63970.9,63998.3
1781781300000,63998.3,64027.8,63979.8,63988.2
1781781480000,63988.2,63997.1,63926.0,63951.2
1781781660000,63951.2,63952.5,63877.3,63890.8
1781781840000,63890.8,63919.0,63879.8,63901.2
1781782020000,63901.2,64060.9,63901.1,64043.8
1781782200000,64043.8,64057.7,63985.8,63994.8
1781782380000,63994.8,64040.0,63980.0,64012.4
1781782560000,64012.4,64012.4,63918.6,63923.9
1781782740000,63923.9,63948.4,63902.8,63915.0
1781782920000,63915.0,63947.9,63855.0,63946.3
1781783100000,63946.3,64008.8,63915.1,63915.1
1781783280000,63915.1,63915.2,63855.0,63876.7
1781783460000,63876.7,63931.0,63872.8,63922.5
1781783640000,63922.5,63930.7,63906.3,63919.1
1781783820000,63919.1,63962.4,63919.1,63940.1
1781784000000,63940.1,64007.7,63916.1,64007.7
1781784180000,64007.7,64012.7,63950.0,63967.9
1781784360000,63967.9,63967.9,63892.8,63943.9
1781784540000,63943.9,64015.5,63943.8,63980.1
1781784720000,63980.1,63997.8,63958.1,63978.1
1781784900000,63978.1,64040.3,63960.0,64040.2
1781785080000,64040.2,64077.1,64004.3,64072.1
1781785260000,64072.1,64120.0,64068.2,64098.8
1781785440000,64098.8,64150.2,64093.4,64148.0
1781785620000,64148.0,64172.5,64106.9,64172.5
1781785800000,64172.5,64223.0,64098.9,64160.3
1781785980000,64160.3,64210.6,64148.8,64198.1
1781786160000,64198.1,64221.7,64140.6,64181.6
1781786340000,64181.6,64193.5,64133.1,64188.5
1781786520000,64188.5,64239.0,64188.4,64225.1
1781786700000,64225.1,64305.4,64224.8,64297.9
1781786880000,64297.9,64328.9,64277.2,64291.9
1781787060000,64291.9,64306.7,64245.0,64289.9
1781787240000,64289.9,64343.5,64280.6,64343.5
1781787420000,64343.5,64377.8,64328.1,64345.9
1781787600000,64345.9,64350.0,64256.2,64314.5
1781787780000,64314.5,64366.5,64280.6,64357.7
1781787960000,64357.7,64382.5,64346.0,64382.4
1781788140000,64382.4,64413.5,64371.2,64413.4
1781788320000,64413.4,64413.5,64344.1,64368.8
1781788500000,64368.8,64408.9,64325.4,64389.9
1781788680000,64389.9,64397.9,64307.4,64357.5
1781788860000,64357.5,64368.6,64307.1,64326.5
1781789040000,64326.5,64412.7,64294.8,64334.9
1781789220000,64334.9,64345.5,64300.0,64327.4
1781789400000,64327.4,64355.2,64193.4,64204.8
1781789580000,64204.8,64218.2,64041.4,64042.4
1781789760000,64042.4,64110.0,63969.0,64018.1
1781789940000,64018.1,64050.0,63913.0,63913.1
1781790120000,63913.1,63971.1,63845.0,63850.0
1781790300000,63850.0,63974.4,63755.0,63806.0
1781790480000,63806.0,64108.2,63806.0,64050.0
1781790660000,64050.0,64118.0,64022.2,64045.9
1781790840000,64045.9,64132.9,63952.4,63952.5
1781791020000,63952.5,63960.9,63837.7,63952.3
1781791200000,63952.3,63985.7,63881.7,63954.0
1781791380000,63954.0,64047.6,63777.8,63825.6
1781791560000,63825.6,63930.2,63777.7,63838.9
1781791740000,63838.9,63915.4,63761.4,63766.7
1781791920000,63766.7,63790.2,63698.3,63752.0
1781792100000,63752.0,63948.9,63681.5,63920.8
1781792280000,63920.8,63973.3,63866.5,63946.6
1781792460000,63946.6,64049.7,63907.6,64047.0
1781792640000,64047.0,64181.1,63911.5,63911.6
1781792820000,63911.6,63945.0,63738.0,63785.4
1781793000000,63785.4,63907.5,63730.2,63862.7
1781793180000,63862.7,63897.0,63826.9,63866.0
1781793360000,63866.0,63970.4,63810.0,63934.1
1781793540000,63934.1,64052.6,63927.5,63943.0
1781793720000,63943.0,63955.0,63827.4,63841.4
1781793900000,63841.4,63939.5,63832.1,63900.0
1781794080000,63900.0,63968.3,63850.0,63854.4
1781794260000,63854.4,63854.4,63566.9,63578.7
1781794440000,63578.7,63688.8,63567.4,63685.1
1781794620000,63685.1,63868.3,63685.2,63784.2
1781794800000,63784.2,63796.6,63616.9,63622.2
1781794980000,63622.2,63671.2,63538.9,63549.7
1781795160000,63549.7,63704.1,63549.7,63704.1
1781795340000,63704.1,63716.0,63610.9,63639.1
1781795520000,63639.1,63645.2,63528.4,63528.4
1781795700000,63528.4,63571.2,63254.4,63262.0
1781795880000,63262.0,63452.8,63157.4,63390.1
1781796060000,63390.1,63447.3,63272.5,63342.7
1781796240000,63342.7,63372.5,63280.1,63363.1
1781796420000,63363.1,63384.6,63169.6,63212.0
1781796600000,63212.0,63355.0,63149.3,63177.3
1781796780000,63177.3,63269.4,63150.0,63164.1
1781796960000,63164.1,63162.6,62869.5,62875.6
1781797140000,62875.6,62935.0,62657.3,62677.5
1781797320000,62677.5,62812.8,62661.7,62755.2
1781797500000,62755.2,62858.1,62689.6,62721.3
1781797680000,62721.3,62803.5,62675.6,62713.8
1781797860000,62713.8,62718.5,62478.8,62496.4
1781798040000,62496.4,62525.4,62411.9,62418.9
1781798220000,62418.9,62465.3,62258.5,62341.9
1781798400000,62341.9,62591.4,62308.7,62573.8
1781798580000,62573.8,62626.2,62479.0,62593.9
1781798760000,62593.9,62646.2,62553.4,62584.8
1781798940000,62584.8,62688.1,62577.9,62686.5
1781799120000,62686.5,62694.2,62601.8,62601.8
1781799300000,62601.8,62619.3,62496.1,62604.0
1781799480000,62604.0,62700.3,62483.0,62661.2
1781799660000,62661.2,62731.7,62629.7,62717.5
1781799840000,62717.5,62719.3,62616.2,62689.0
1781800020000,62689.0,62697.0,62534.5,62568.4
1781800200000,62568.4,62596.8,62475.6,62483.4
1781800380000,62483.4,62669.1,62483.3,62600.3
1781800560000,62600.3,62659.8,62530.2,62648.3
1781800740000,62648.3,62672.6,62602.8,62643.1
1781800920000,62643.1,62739.2,62629.8,62688.1
1781801100000,62688.1,62788.9,62670.8,62679.9
1781801280000,62679.9,62716.5,62652.9,62665.0
1781801460000,62665.0,62674.4,62606.9,62612.1
1781801640000,62612.1,62673.8,62612.0,62673.8
1781801820000,62673.8,62702.1,62650.0,62664.2
1781802000000,62664.2,62677.6,62539.5,62554.9
1781802180000,62554.9,62602.4,62488.0,62553.1
1781802360000,62553.1,62558.4,62490.4,62557.8
1781802540000,62557.8,62560.0,62401.1,62421.5
1781802720000,62421.5,62484.3,62378.7,62478.1
1781802900000,62478.1,62527.4,62462.9,62504.0
1781803080000,62504.0,62605.4,62501.8,62569.3
1781803260000,62569.3,62585.5,62396.3,62429.0
1781803440000,62429.0,62429.5,62302.0,62317.5
1781803620000,62317.5,62622.6,62241.0,62553.1
1781803800000,62553.1,62720.8,62550.2,62704.1
1781803980000,62704.1,62723.9,62606.3,62620.6
1781804160000,62620.6,62663.0,62518.6,62537.3
1781804340000,62537.3,62602.1,62486.1,62589.2
1781804520000,62589.2,62641.6,62552.4,62625.5
1781804700000,62625.5,62664.4,62570.1,62628.1
1781804880000,62628.1,62641.5,62590.8,62630.0
1781805060000,62630.0,62700.0,62630.6,62639.8
1781805240000,62639.8,62657.0,62500.0,62504.9
1781805420000,62504.9,62597.8,62486.0,62579.2
1781805600000,62579.2,62626.4,62570.0,62592.1
1781805780000,62592.1,62666.4,62552.8,62642.6
1781805960000,62642.6,62691.9,62617.9,62677.2
1781806140000,62677.2,62716.4,62660.3,62660.7
1781806320000,62660.7,62704.9,62656.8,62679.3
1781806500000,62679.3,62729.7,62584.0,62715.4
1781806680000,62715.4,62915.4,62711.5,62860.3
1781806860000,62860.3,62923.8,62834.6,62869.1
1781807040000,62869.1,62929.5,62844.4,62898.8
1781807220000,62898.8,62932.7,62826.4,62826.5
1781807400000,62826.5,62826.5,62740.0,62760.0
1781807580000,62760.0,62818.0,62745.0,62777.9
1781807760000,62777.9,62816.4,62699.1,62705.9
1781807940000,62705.9,62717.5,62652.1,62656.1
1781808120000,62656.1,62770.1,62656.0,62748.4
1781808300000,62748.4,62781.9,62720.4,62723.7
1781808480000,62723.7,62789.5,62723.6,62789.5
1781808660000,62789.5,62868.3,62728.2,62728.2
1781808840000,62728.2,62734.3,62630.8,62654.4
1781809020000,62654.4,62688.7,62597.6,62683.5
1781809200000,62683.5,62716.7,62658.2,62669.4
1781809380000,62669.4,62702.6,62608.0,62657.3
1781809560000,62657.3,62690.2,62615.7,62660.7
1781809740000,62660.7,62668.3,62620.8,62623.1
1781809920000,62623.1,62677.2,62610.0,62661.2
1781810100000,62661.2,62694.2,62632.0,62688.4
1781810280000,62688.4,62714.0,62618.1,62709.8
1781810460000,62709.8,62775.6,62698.7,62750.1
1781810640000,62750.1,62788.8,62715.1,62777.5
1781810820000,62777.5,62785.9,62743.0,62757.5
1781811000000,62757.5,62801.0,62746.0,62777.7
1781811180000,62777.7,62835.0,62770.6,62788.3
1781811360000,62788.3,62848.2,62788.2,62839.7
1781811540000,62839.7,62887.1,62816.3,62876.9
1781811720000,62876.9,62979.7,62862.5,62943.4
1781811900000,62943.4,62971.9,62904.4,62950.0
1781812080000,62950.0,62961.3,62879.2,62913.1
1781812260000,62913.1,62973.6,62913.0,62947.4
1781812440000,62947.4,62983.6,62933.1,62933.3
1781812620000,62933.3,62971.9,62912.2,62925.3
1781812800000,62925.3,63199.9,62925.3,63104.7
1781812980000,63104.7,63202.3,63094.0,63147.5
1781813160000,63147.5,63147.5,63074.6,63093.5
1781813340000,63093.5,63119.2,63060.1,63095.8
1781813520000,63095.8,63158.2,63092.5,63144.6
1781813700000,63144.6,63155.4,63081.1,63105.7
1781813880000,63105.7,63255.6,63083.7,63183.7
1781814060000,63183.7,63183.8,63069.8,63103.1
1781814240000,63103.1,63124.0,63068.1,63097.4
1781814420000,63097.4,63134.6,63084.7,63090.0
1781814600000,63090.0,63115.0,63019.9,63108.1
1781814780000,63108.1,63146.5,63069.0,63100.1
1781814960000,63100.1,63126.5,63071.2,63081.4
1781815140000,63081.4,63131.8,63081.3,63109.3
1781815320000,63109.3,63150.9,63090.9,63109.9
1781815500000,63109.9,63110.0,63047.4,63047.4
1781815680000,63047.4,63063.0,63012.8,63062.9
1781815860000,63062.9,63096.5,63043.1,63087.0
1781816040000,63087.0,63094.7,63075.5,63086.0
1781816220000,63086.0,63088.8,63057.7,63063.2
1781816400000,63063.2,63089.0,63051.9,63066.6
1781816580000,63066.6,63070.8,63054.1,63062.4
1781816760000,63062.4,63091.0,63062.1,63087.7
1781816940000,63087.7,63098.7,63023.7,63023.7
1781817120000,63023.7,63023.8,62885.3,62895.1
1781817300000,62895.1,63005.8,62835.4,63005.8
1781817480000,63005.8,63006.0,62954.6,62994.7
1781817660000,62994.7,63020.6,62970.0,62989.9
1781817840000,62989.9,63002.9,62918.6,62918.7
1781818020000,62918.7,62935.0,62902.7,62930.9
1781818200000,62930.9,62960.5,62913.1,62944.9
1781818380000,62944.9,62954.3,62933.1,62950.9
1781818560000,62950.9,62950.9,62874.8,62874.8
1781818740000,62874.8,62898.4,62835.8,62871.3
1781818920000,62871.3,62912.4,62853.6,62887.4
1781819100000,62887.4,62922.6,62870.0,62922.6
1781819280000,62922.6,62922.6,62883.4,62903.1
1781819460000,62903.1,62914.1,62858.8,62862.3
1781819640000,62862.3,62961.2,62862.2,62946.0
1781819820000,62946.0,62973.1,62925.0,62936.0
1781820000000,62936.0,62962.1,62902.0,62910.5
1781820180000,62910.5,62930.1,62878.0,62900.0
1781820360000,62900.0,62904.5,62888.0,62892.9
1781820540000,62892.9,62927.2,62892.9,62895.3
1781820720000,62895.3,62906.1,62888.0,62892.7
1781820900000,62892.7,62900.6,62799.2,62803.1
1781821080000,62803.1,62804.7,62742.2,62767.8
1781821260000,62767.8,62853.5,62751.1,62810.9
1781821440000,62810.9,62840.4,62806.8,62818.5
1781821620000,62818.5,62844.8,62792.3,62807.3
1781821800000,62807.3,62826.3,62722.7,62733.1
1781821980000,62733.1,62772.0,62710.5,62759.5
1781822160000,62759.5,62792.9,62759.5,62783.7
1781822340000,62783.7,62786.6,62745.3,62752.1
1781822520000,62752.1,62785.5,62752.1,62785.5
1781822700000,62785.5,62785.5,62749.5,62776.1
1781822880000,62776.1,62858.5,62776.0,62831.3
1781823060000,62831.3,62858.9,62830.0,62858.9
1781823240000,62858.9,62866.0,62824.0,62836.2
1781823420000,62836.2,62868.1,62836.1,62852.9
1781823600000,62852.9,62903.5,62804.1,62880.0
1781823780000,62880.0,62880.1,62808.3,62845.2
1781823960000,62845.2,62845.3,62760.2,62785.8
1781824140000,62785.8,62793.8,62747.8,62778.9
1781824320000,62778.9,62816.2,62717.1,62729.1
1781824500000,62729.1,62767.0,62723.6,62766.9
1781824680000,62766.9,62807.9,62766.9,62791.1
1781824860000,62791.1,62814.5,62767.6,62814.5
1781825040000,62814.5,62814.5,62789.4,62792.8
1781825220000,62792.8,62850.1,62792.7,62850.0
1781825400000,62850.0,62920.0,62849.9,62900.4
1781825580000,62900.4,62900.4,62850.4,62863.0
1781825760000,62863.0,62879.5,62847.4,62862.4
1781825940000,62862.4,62910.5,62856.8,62900.9
1781826120000,62900.9,62900.9,62880.0,62883.0
1781826300000,62883.0,62883.1,62838.2,62867.3
1781826480000,62867.3,62924.1,62823.5,62917.7
1781826660000,62917.7,62934.0,62902.1,62913.6
1781826840000,62913.6,62959.9,62908.7,62928.9
1781827020000,62928.9,62948.6,62923.2,62924.0
1781827200000,62924.0,62929.3,62866.0,62884.0
1781827380000,62884.0,62959.2,62884.0,62939.9
1781827560000,62939.9,62948.8,62822.1,62822.1
1781827740000,62822.1,62882.8,62812.7,62864.0
1781827920000,62864.0,62864.1,62819.0,62838.6
1781828100000,62838.6,62852.6,62820.0,62840.7
1781828280000,62840.7,62971.4,62833.3,62895.1
1781828460000,62895.1,62923.6,62866.6,62916.6
1781828640000,62916.6,62950.9,62914.2,62919.8
1781828820000,62919.8,62935.5,62884.3,62935.5
1781829000000,62935.5,63017.7,62929.8,63000.0
1781829180000,63000.0,63010.1,62983.9,62987.5
1781829360000,62987.5,63001.1,62969.6,62976.8
1781829540000,62976.8,63017.0,62975.2,63017.0
1781829720000,63017.0,63035.4,62997.3,63035.4
1781829900000,63035.4,63066.6,63015.3,63043.5
1781830080000,63043.5,63043.5,62993.4,62993.5
1781830260000,62993.5,62996.8,62968.1,62980.1
1781830440000,62980.1,62990.0,62944.0,62944.7
1781830620000,62944.7,62991.7,62944.6,62991.6
1781830800000,62991.6,63000.0,62966.9,62986.8
1781830980000,62986.8,63059.9,62986.8,63053.9
1781831160000,63053.9,63053.9,62992.5,62992.5
1781831340000,62992.5,62992.6,62863.8,62874.3
1781831520000,62874.3,62940.0,62874.2,62940.0
1781831700000,62940.0,63073.0,62939.9,63033.6
1781831880000,63033.6,63033.6,62995.2,63019.8
1781832060000,63019.8,63061.1,63019.9,63035.5
1781832240000,63035.5,63035.5,62946.1,62975.6
1781832420000,62975.6,62975.7,62890.1,62898.6
1781832600000,62898.6,62929.3,62854.9,62871.4
1781832780000,62871.4,62880.2,62814.3,62838.5
1781832960000,62838.5,62894.1,62838.5,62880.1
1781833140000,62880.1,62888.5,62853.0,62860.9
1781833320000,62860.9,62894.1,62841.7,62884.1
1781833500000,62884.1,62924.0,62884.0,62902.9
1781833680000,62902.9,62931.4,62889.8,62909.3
1781833860000,62909.3,62965.9,62909.2,62962.3
1781834040000,62962.3,63008.9,62956.8,62992.0
1781834220000,62992.0,63003.4,62988.3,62994.6
1781834400000,62994.6,63024.1,62991.2,63024.0
1781834580000,63024.0,63088.0,63024.0,63087.9
1781834760000,63087.9,63087.9,62990.7,63002.7
1781834940000,63002.7,63030.0,62997.1,63014.2
1781835120000,63014.2,63020.4,62985.6,62995.2
1781835300000,62995.2,63043.3,62970.6,62970.6
1781835480000,62970.6,62974.7,62926.0,62963.7
1781835660000,62963.7,62974.3,62935.3,62935.3
1781835840000,62935.3,63007.5,62935.3,62991.4
1781836020000,62991.4,62991.4,62917.8,62923.4
1781836200000,62923.4,62940.0,62906.4,62919.9
1781836380000,62919.9,63000.1,62919.9,62963.5
1781836560000,62963.5,62970.0,62886.0,62903.5
1781836740000,62903.5,62909.4,62884.2,62899.6
1781836920000,62899.6,62923.5,62899.6,62912.1
1781837100000,62912.1,62923.0,62858.2,62923.0
1781837280000,62923.0,62930.0,62894.1,62894.2
1781837460000,62894.2,62968.9,62894.1,62946.6
1781837640000,62946.6,62968.9,62931.1,62968.8
1781837820000,62968.8,62994.4,62968.8,62974.3
1781838000000,62974.3,63004.8,62940.0,62940.1
1781838180000,62940.1,62978.4,62918.4,62923.1
1781838360000,62923.1,62923.2,62872.1,62876.5
1781838540000,62876.5,62887.7,62842.8,62858.9
1781838720000,62858.9,62856.6,62686.5,62711.5
1781838900000,62711.5,62727.4,62372.2,62415.5
1781839080000,62415.5,62583.5,62350.0,62506.8
1781839260000,62506.8,62767.4,62496.2,62764.8
1781839440000,62764.8,62825.0,62726.9,62734.0
1781839620000,62734.0,62826.7,62721.9,62809.7
1781839800000,62809.7,62809.7,62750.0,62759.3
1781839980000,62759.3,62759.4,62694.3,62698.3
1781840160000,62698.3,62698.3,62630.6,62650.5
1781840340000,62650.5,62666.5,62581.0,62644.3
1781840520000,62644.3,62675.3,62618.2,62670.0
1781840700000,62670.0,62673.7,62626.2,62663.8
1781840880000,62663.8,62685.0,62600.0,62685.0
1781841060000,62685.0,62756.0,62685.0,62724.1
1781841240000,62724.1,62736.7,62718.5,62730.7
1781841420000,62730.7,62786.7,62730.6,62745.1
1781841600000,62745.1,62748.5,62585.0,62643.3
1781841780000,62643.3,62663.1,62588.0,62640.9
1781841960000,62640.9,62745.7,62631.0,62732.3
1781842140000,62732.3,62849.7,62726.0,62842.4
1781842320000,62842.4,62852.9,62813.2,62842.9
1781842500000,62842.9,62888.8,62811.7,62876.8
1781842680000,62876.8,62886.4,62703.7,62703.7
1781842860000,62703.7,62728.0,62681.5,62725.1
1781843040000,62725.1,62750.0,62705.9,62716.6
1781843220000,62716.6,62727.9,62690.9,62697.2
1781843400000,62697.2,62706.0,62588.0,62600.8
1781843580000,62600.8,62617.5,62492.7,62548.0
1781843760000,62548.0,62580.0,62523.5,62529.5
1781843940000,62529.5,62564.7,62505.1,62564.7
1781844120000,62564.7,62591.0,62550.0,62582.5
1781844300000,62582.5,62599.0,62558.0,62558.0
1781844480000,62558.0,62651.9,62558.0,62598.6
1781844660000,62598.6,62598.6,62495.9,62495.9
1781844840000,62495.9,62499.9,62385.1,62387.9
1781845020000,62387.9,62442.5,62375.7,62421.8
1781845200000,62421.8,62562.0,62417.4,62552.3
1781845380000,62552.3,62598.8,62534.5,62595.2
1781845560000,62595.2,62624.9,62564.2,62624.9
1781845740000,62624.9,62638.1,62585.1,62611.2
1781845920000,62611.2,62638.1,62610.3,62638.1
1781846100000,62638.1,62638.1,62552.6,62579.2
1781846280000,62579.2,62594.5,62550.0,62560.1
1781846460000,62560.1,62610.8,62538.6,62576.1
1781846640000,62576.1,62617.7,62572.1,62607.2
1781846820000,62607.2,62607.2,62557.3,62579.7
1781847000000,62579.7,62645.0,62564.4,62573.3
1781847180000,62573.3,62614.0,62523.3,62555.3
1781847360000,62555.3,62592.3,62552.5,62579.2
1781847540000,62579.2,62607.8,62563.6,62599.9
1781847720000,62599.9,62622.7,62564.6,62622.6
1781847900000,62622.6,62682.9,62618.7,62671.7
1781848080000,62671.7,62689.9,62665.2,62689.9
1781848260000,62689.9,62714.4,62675.3,62677.9
1781848440000,62677.9,62714.9,62677.8,62690.9
1781848620000,62690.9,62709.8,62690.8,62709.8
1781848800000,62709.8,62733.0,62691.0,62732.1
1781848980000,62732.1,62825.6,62732.1,62808.6
1781849160000,62808.6,62808.6,62753.8,62755.3
1781849340000,62755.3,62796.7,62742.3,62757.2
1781849520000,62757.2,62821.8,62755.6,62821.8
1781849700000,62821.8,62831.3,62751.0,62757.9
1781849880000,62757.9,62776.4,62738.4,62738.4
1781850060000,62738.4,62792.9,62727.8,62789.9
1781850240000,62789.9,62817.3,62781.0,62809.5
1781850420000,62809.5,62810.7,62790.1,62806.3
1781850600000,62806.3,62855.6,62770.9,62793.6
1781850780000,62793.6,62810.5,62742.5,62742.5
1781850960000,62742.5,62742.7,62700.2,62704.4
1781851140000,62704.4,62739.3,62700.0,62726.7
1781851320000,62726.7,62798.9,62726.6,62795.8
1781851500000,62795.8,62795.9,62734.3,62741.7
1781851680000,62741.7,62772.0,62741.6,62762.9
1781851860000,62762.9,62844.2,62750.9,62844.2
1781852040000,62844.2,62862.1,62830.0,62847.5
1781852220000,62847.5,62888.7,62840.2,62865.1
1781852400000,62865.1,62896.8,62845.4,62845.5
1781852580000,62845.5,62845.6,62801.3,62815.9
1781852760000,62815.9,62817.2,62776.6,62814.6
1781852940000,62814.6,62829.5,62793.2,62818.5
1781853120000,62818.5,62818.5,62747.0,62747.1
1781853300000,62747.1,62773.8,62723.4,62767.1
1781853480000,62767.1,62767.2,62688.6,62710.8
1781853660000,62710.8,62766.5,62710.8,62729.4
1781853840000,62729.4,62806.7,62729.3,62767.7
1781854020000,62767.7,62774.3,62691.7,62709.9
1781854200000,62709.9,62799.9,62709.9,62711.3
1781854380000,62711.3,62719.5,62602.4,62618.9
1781854560000,62618.9,62618.8,62465.6,62480.1
1781854740000,62480.1,62506.6,62468.4,62489.1
1781854920000,62489.1,62522.6,62470.2,62517.5
1781855100000,62517.5,62544.2,62473.5,62500.1
1781855280000,62500.1,62546.9,62485.3,62546.9
1781855460000,62546.9,62650.0,62546.9,62566.9
1781855640000,62566.9,62600.0,62519.0,62580.1
1781855820000,62580.1,62597.7,62572.0,62592.4
1781856000000,62592.4,62599.9,62578.3,62578.3
1781856180000,62578.3,62618.5,62556.9,62566.1
1781856360000,62566.1,62596.4,62560.0,62571.8
1781856540000,62571.8,62607.8,62507.9,62604.3
1781856720000,62604.3,62647.1,62599.9,62638.5
1781856900000,62638.5,62638.5,62574.6,62583.2
1781857080000,62583.2,62625.0,62572.4,62621.0
1781857260000,62621.0,62689.2,62604.8,62671.1
1781857440000,62671.1,62680.5,62624.2,62653.0
1781857620000,62653.0,62654.3,62618.3,62637.6
1781857800000,62637.6,62687.3,62637.6,62640.9
1781857980000,62640.9,62654.9,62614.1,62643.6
1781858160000,62643.6,62741.3,62638.7,62741.3
1781858340000,62741.3,62758.1,62583.2,62583.3
1781858520000,62583.3,62639.6,62550.0,62619.2
1781858700000,62619.2,62628.1,62600.1,62624.0
1781858880000,62624.0,62642.0,62600.2,62624.9
1781859060000,62624.9,62638.3,62586.2,62586.3
1781859240000,62586.3,62589.6,62533.3,62533.4
1781859420000,62533.4,62571.2,62533.3,62571.2
1781859600000,62571.2,62620.0,62574.0,62575.2
1781859780000,62575.2,62613.4,62494.8,62494.9
1781859960000,62494.9,62508.1,62480.0,62484.2
1781860140000,62484.2,62484.3,62318.6,62411.4
1781860320000,62411.4,62411.4,62288.7,62391.8
1781860500000,62391.8,62439.9,62390.3,62394.6
1781860680000,62394.6,62415.4,62380.9,62391.3
1781860860000,62391.3,62391.4,62274.9,62336.0
1781861040000,62336.0,62416.8,62335.9,62366.2
1781861220000,62366.2,62366.2,62315.3,62344.2
1781861400000,62344.2,62433.9,62344.2,62411.3
1781861580000,62411.3,62444.8,62391.8,62415.1
1781861760000,62415.1,62456.4,62412.7,62412.8
1781861940000,62412.8,62465.3,62382.6,62414.3
1781862120000,62414.3,62417.4,62390.0,62390.0
1781862300000,62390.0,62398.6,62361.6,62369.3
1781862480000,62369.3,62386.0,62300.0,62363.5
1781862660000,62363.5,62363.5,62307.5,62352.0
1781862840000,62352.0,62373.5,62332.3,62356.2
1781863020000,62356.2,62400.4,62349.4,62353.0
1781863200000,62353.0,62384.0,62350.0,62365.7
1781863380000,62365.7,62398.1,62347.9,62371.4
1781863560000,62371.4,62452.7,62358.4,62452.6
1781863740000,62452.6,62528.0,62451.6,62479.2
1781863920000,62479.2,62523.8,62478.6,62520.9
1781864100000,62520.9,62520.9,62400.0,62400.1
1781864280000,62400.1,62426.5,62400.0,62424.9
1781864460000,62424.9,62489.3,62410.1,62463.3
1781864640000,62463.3,62489.6,62400.0,62477.8
1781864820000,62477.8,62510.0,62446.2,62473.6
1781865000000,62473.6,62473.6,62389.8,62421.9
1781865180000,62421.9,62460.4,62417.4,62441.9
1781865360000,62441.9,62449.0,62390.1,62408.6
1781865540000,62408.6,62419.6,62381.3,62402.3
1781865720000,62402.3,62428.3,62389.8,62389.8
1781865900000,62389.8,62445.0,62375.6,62432.9
1781866080000,62432.9,62456.6,62421.7,62445.3
1781866260000,62445.3,62540.4,62431.3,62540.3
1781866440000,62540.3,62566.2,62481.2,62554.9
1781866620000,62554.9,62570.1,62500.0,62506.2
1781866800000,62506.2,62534.9,62481.2,62534.9
1781866980000,62534.9,62543.9,62490.3,62490.3
1781867160000,62490.3,62501.7,62419.5,62460.1
1781867340000,62460.1,62479.8,62434.6,62470.6
1781867520000,62470.6,62500.0,62424.3,62465.9
1781867700000,62465.9,62507.7,62433.0,62436.6
1781867880000,62436.6,62554.8,62436.6,62543.2
1781868060000,62543.2,62656.8,62533.9,62656.7
1781868240000,62656.7,62662.3,62563.6,62582.4
1781868420000,62582.4,62635.1,62561.1,62616.3
1781868600000,62616.3,62657.1,62610.0,62610.0
1781868780000,62610.0,62615.0,62581.2,62591.5
1781868960000,62591.5,62594.3,62557.3,62582.9
1781869140000,62582.9,62616.9,62560.0,62610.7
1781869320000,62610.7,62639.4,62610.7,62627.7
1781869500000,62627.7,62658.5,62610.9,62644.9
1781869680000,62644.9,62647.6,62622.4,62622.4
1781869860000,62622.4,62629.2,62588.1,62604.7
1781870040000,62604.7,62630.8,62568.6,62587.1
1781870220000,62587.1,62604.0,62582.1,62600.0
1781870400000,62600.0,62635.0,62599.9,62609.2
1781870580000,62609.2,62645.0,62606.5,62622.9
1781870760000,62622.9,62623.0,62568.9,62598.0
1781870940000,62598.0,62661.7,62598.0,62610.6
1781871120000,62610.6,62633.5,62594.3,62594.3
1781871300000,62594.3,62594.2,62458.4,62472.5
1781871480000,62472.5,62513.6,62472.5,62484.4
1781871660000,62484.4,62549.8,62484.4,62523.0
1781871840000,62523.0,62523.0,62490.1,62505.2
1781872020000,62505.2,62537.7,62505.1,62528.3
1781872200000,62528.3,62536.0,62470.5,62470.6
1781872380000,62470.6,62479.9,62402.0,62434.4
1781872560000,62434.4,62501.8,62370.0,62492.1
1781872740000,62492.1,62574.0,62489.1,62523.3
1781872920000,62523.3,62548.7,62480.0,62480.8
1781873100000,62480.8,62485.9,62322.0,62350.0
1781873280000,62350.0,62481.1,62315.2,62480.4
1781873460000,62480.4,62844.8,62480.4,62750.1
1781873640000,62750.1,62781.0,62680.4,62735.1
1781873820000,62735.1,62802.4,62719.1,62799.4
1781874000000,62799.4,62842.6,62733.7,62742.7
1781874180000,62742.7,62959.7,62721.3,62938.5
1781874360000,62938.5,62950.0,62853.3,62853.3
1781874540000,62853.3,62853.4,62772.4,62780.4
1781874720000,62780.4,62797.0,62752.4,62752.9
1781874900000,62752.9,62779.1,62687.7,62687.8
1781875080000,62687.8,62711.2,62629.5,62705.5
1781875260000,62705.5,62729.9,62648.7,62728.0
1781875440000,62728.0,62747.4,62692.7,62724.1
1781875620000,62724.1,62765.0,62715.1,62758.9
1781875800000,62758.9,62806.3,62724.2,62744.7
1781875980000,62744.7,62824.2,62712.5,62801.9
1781876160000,62801.9,62920.0,62765.3,62872.3
1781876340000,62872.3,62951.5,62872.3,62946.4
1781876520000,62946.4,63077.3,62930.1,63064.5
1781876700000,63064.5,63390.2,63047.2,63193.6
1781876880000,63193.6,63297.9,63157.3,63194.6
1781877060000,63194.6,63217.3,63150.6,63199.9
1781877240000,63199.9,63258.5,63128.2,63196.0
1781877420000,63196.0,63231.9,63174.0,63180.0
1781877600000,63180.0,63203.5,63122.0,63199.8
1781877780000,63199.8,63230.0,63158.0,63174.2
1781877960000,63174.2,63178.5,63026.1,63142.6
1781878140000,63142.6,63142.5,63004.0,63030.3
1781878320000,63030.3,63061.5,63018.9,63060.3
1781878500000,63060.3,63076.6,63007.1,63032.3
1781878680000,63032.3,63076.1,63010.0,63010.0
1781878860000,63010.0,63040.0,62972.9,62980.7
1781879040000,62980.7,63234.2,62980.7,63232.5
1781879220000,63232.5,63267.0,63202.4,63239.9
1781879400000,63239.9,63278.9,63142.1,63174.6
1781879580000,63174.6,63294.9,63174.6,63294.9
1781879760000,63294.9,63389.4,63294.8,63334.7
1781879940000,63334.7,63362.3,63274.9,63340.9
1781880120000,63340.9,63349.2,63280.0,63280.1
1781880300000,63280.1,63310.5,63234.4,63279.8
1781880480000,63279.8,63339.3,63260.0,63265.5
1781880660000,63265.5,63288.7,63210.6,63217.3
1781880840000,63217.3,63239.0,63161.9,63200.0
1781881020000,63200.0,63195.2,63163.8,63174.8
1781881200000,63174.8,63182.3,63123.1,63151.0
1781881380000,63151.0,63151.1,63082.5,63101.1
1781881560000,63101.1,63229.9,63101.1,63188.6
1781881740000,63188.6,63193.8,63133.0,63133.0
1781881920000,63133.0,63150.0,63124.1,63150.0
1781882100000,63150.0,63188.5,63104.9,63104.9
1781882280000,63104.9,63134.7,63036.6,63050.3
1781882460000,63050.3,63096.5,62993.7,63019.3
1781882640000,63019.3,63052.8,62992.0,63047.6
1781882820000,63047.6,63046.9,63015.0,63034.5
1781883000000,63034.5,63129.7,63034.4,63112.2
1781883180000,63112.2,63188.0,63102.6,63168.7
1781883360000,63168.7,63160.5,63101.8,63123.8
1781883540000,63123.8,63219.1,63079.8,63204.6
1781883720000,63204.6,63266.3,63200.0,63220.8
1781883900000,63220.8,63260.1,63191.0,63216.5
1781884080000,63216.5,63238.1,63172.8,63206.2
1781884260000,63206.2,63221.8,63173.5,63207.6
1781884440000,63207.6,63247.3,63199.9,63240.3
1781884620000,63240.3,63240.4,63175.0,63193.0
1781884800000,63193.0,63251.0,63189.7,63200.1
1781884980000,63200.1,63206.3,63126.5,63174.2
1781885160000,63174.2,63190.8,63092.7,63093.8
1781885340000,63093.8,63123.5,63068.5,63113.8
1781885520000,63113.8,63372.8,63113.2,63359.4
1781885700000,63359.4,63360.9,63279.3,63308.8
1781885880000,63308.8,63321.0,63239.6,63286.2
1781886060000,63286.2,63297.2,63246.0,63276.4
1781886240000,63276.4,63307.8,63263.3,63301.5
1781886420000,63301.5,63363.6,63296.0,63297.0
1781886600000,63297.0,63362.0,63222.9,63355.7
1781886780000,63355.7,63355.7,63234.3,63263.9
1781886960000,63263.9,63300.1,63240.5,63290.0
1781887140000,63290.0,63289.9,63223.3,63230.9
1781887320000,63230.9,63261.9,63220.0,63220.0
1781887500000,63220.0,63219.2,63175.0,63179.0
1781887680000,63179.0,63192.6,63131.2,63135.5
1781887860000,63135.5,63137.2,63065.0,63065.5
1781888040000,63065.5,63072.8,62897.8,62967.7
1781888220000,62967.7,63005.1,62927.2,62947.7
1781888400000,62947.7,62977.0,62900.0,62957.5
1781888580000,62957.5,62972.6,62860.0,62955.0
1781888760000,62955.0,63004.9,62939.1,62977.7
1781888940000,62977.7,62998.4,62908.4,62979.9
1781889120000,62979.9,62989.3,62928.9,62973.9
1781889300000,62973.9,63038.2,62953.4,63031.1
1781889480000,63031.1,63092.6,63000.0,63066.0
1781889660000,63066.0,63067.7,62999.8,62999.9
1781889840000,62999.9,62999.8,62892.1,62892.4
1781890020000,62892.4,62900.1,62838.2,62899.9
1781890200000,62899.9,62985.0,62884.2,62949.7
1781890380000,62949.7,63043.6,62949.7,63002.2
1781890560000,63002.2,63018.9,62974.2,63006.7
1781890740000,63006.7,63049.4,63004.1,63032.2
1781890920000,63032.2,63087.0,63026.6,63073.2
1781891100000,63073.2,63077.0,63010.1,63064.7
1781891280000,63064.7,63204.1,63064.6,63179.2
1781891460000,63179.2,63199.9,63105.0,63170.6
1781891640000,63170.6,63183.6,63146.4,63151.4
1781891820000,63151.4,63200.0,63151.4,63166.7
1781892000000,63166.7,63175.3,63094.3,63127.4
1781892180000,63127.4,63127.5,63101.0,63115.8
1781892360000,63115.8,63124.6,63079.2,63090.1
1781892540000,63090.1,63120.4,63080.1,63120.3
1781892720000,63120.3,63134.0,63107.6,63133.9
1781892900000,63133.9,63134.0,63088.0,63092.1
1781893080000,63092.1,63136.1,63079.1,63124.4
1781893260000,63124.4,63137.8,63105.1,63116.3
1781893440000,63116.3,63119.5,63092.3,63107.2
1781893620000,63107.2,63107.2,63080.9,63083.9
1781893800000,63083.9,63093.1,63036.0,63086.0
1781893980000,63086.0,63144.4,63076.4,63144.2
1781894160000,63144.2,63157.7,63041.0,63045.1
1781894340000,63045.1,63045.2,62958.0,63029.9
1781894520000,63029.9,63035.6,63003.0,63029.3
1781894700000,63029.3,63048.7,63022.1,63024.2
1781894880000,63024.2,63041.7,63005.9,63034.4
1781895060000,63034.4,63043.2,62982.9,62991.3
1781895240000,62991.3,63042.2,62991.3,63038.0
1781895420000,63038.0,63115.0,63037.9,63079.3
1781895600000,63079.3,63085.0,63003.7,63033.1
1781895780000,63033.1,63088.0,63014.8,63047.6
1781895960000,63047.6,63053.9,62994.3,63024.9
1781896140000,63024.9,63025.0,62972.6,62985.5
1781896320000,62985.5,63030.0,62978.1,63029.9
1781896500000,63029.9,63035.9,63016.9,63019.5
1781896680000,63019.5,63030.8,62966.8,62990.5
1781896860000,62990.5,63000.0,62966.0,62973.1
1781897040000,62973.1,62990.0,62913.0,62913.0
1781897220000,62913.0,62975.4,62913.0,62971.8
1781897400000,62971.8,62977.5,62945.6,62977.4
1781897580000,62977.4,62977.5,62927.5,62927.5
1781897760000,62927.5,63002.6,62927.5,62986.7
1781897940000,62986.7,62986.7,62952.1,62972.3
1781898120000,62972.3,62990.3,62973.0,62976.1
1781898300000,62976.1,63000.0,62958.0,62994.7
1781898480000,62994.7,63117.0,62994.6,63095.6
1781898660000,63095.6,63094.9,63045.1,63045.3
1781898840000,63045.3,63086.9,63012.8,63023.1
1781899020000,63023.1,63027.7,62974.5,63001.8
1781899200000,63001.8,63055.5,63001.8,63004.0
1781899380000,63004.0,63023.1,62986.7,63022.4
1781899560000,63022.4,63054.7,63016.0,63052.9
1781899740000,63052.9,63053.0,63034.3,63049.9
1781899920000,63049.9,63053.2,63040.5,63053.1
1781900100000,63053.1,63053.2,63013.6,63015.3
1781900280000,63015.3,63023.7,62946.4,62946.4
1781900460000,62946.4,62980.2,62926.2,62965.8
1781900640000,62965.8,63045.1,62965.7,63045.0
1781900820000,63045.0,63056.5,63043.2,63056.5
1781901000000,63056.5,63077.4,63016.4,63016.4
1781901180000,63016.4,63040.0,63004.0,63039.9
1781901360000,63039.9,63062.9,63024.1,63024.1
1781901540000,63024.1,63049.9,63004.0,63042.0
1781901720000,63042.0,63069.4,63033.6,63069.4
1781901900000,63069.4,63187.8,63063.4,63178.6
1781902080000,63178.6,63178.7,63125.4,63161.7
1781902260000,63161.7,63173.5,63152.4,63158.2
1781902440000,63158.2,63183.9,63156.0,63183.6
1781902620000,63183.6,63245.9,63179.7,63217.3
1781902800000,63217.3,63217.4,63141.5,63141.7
1781902980000,63141.7,63149.4,63127.0,63130.2
1781903160000,63130.2,63187.3,63121.6,63178.0
1781903340000,63178.0,63225.7,63178.0,63217.7
1781903520000,63217.7,63253.6,63217.7,63238.4
1781903700000,63238.4,63238.4,63218.2,63225.6
1781903880000,63225.6,63225.7,63212.9,63218.9
1781904060000,63218.9,63218.9,63171.2,63186.0
1781904240000,63186.0,63196.6,63141.2,63163.4
1781904420000,63163.4,63163.5,63129.7,63131.6
1781904600000,63131.6,63140.2,63117.7,63135.0
1781904780000,63135.0,63132.8,63089.4,63105.6
1781904960000,63105.6,63131.4,63091.5,63116.2
1781905140000,63116.2,63116.3,63072.9,63080.9
1781905320000,63080.9,63104.9,63060.3,63060.4
1781905500000,63060.4,63104.9,63060.3,63089.9
1781905680000,63089.9,63104.5,63065.6,63101.3
1781905860000,63101.3,63100.0,63057.2,63057.2
1781906040000,63057.2,63057.3,63024.1,63037.9
1781906220000,63037.9,63048.1,63034.1,63048.1
1781906400000,63048.1,63080.5,63027.5,63062.5
1781906580000,63062.5,63062.5,63022.7,63046.4
1781906760000,63046.4,63046.4,63015.1,63027.0
1781906940000,63027.0,63062.8,63026.9,63044.4
1781907120000,63044.4,63067.0,63044.4,63067.0
1781907300000,63067.0,63093.0,63066.9,63093.0
1781907480000,63093.0,63199.2,63093.0,63184.5
1781907660000,63184.5,63243.7,63180.2,63233.7
1781907840000,63233.7,63272.7,63233.8,63272.5
1781908020000,63272.5,63272.7,63233.4,63233.6
1781908200000,63233.6,63234.0,63220.0,63220.0
1781908380000,63220.0,63248.7,63220.0,63221.1
1781908560000,63221.1,63235.8,63210.0,63210.0
1781908740000,63210.0,63317.6,63210.0,63298.2
1781908920000,63298.2,63300.2,63272.0,63291.8
1781909100000,63291.8,63305.8,63270.8,63305.8
1781909280000,63305.8,63347.2,63302.9,63302.9
1781909460000,63302.9,63313.6,63290.0,63307.9
1781909640000,63307.9,63317.2,63295.2,63295.2
1781909820000,63295.2,63300.0,63280.0,63287.8
1781910000000,63287.8,63312.2,63270.0,63270.0
1781910180000,63270.0,63285.1,63260.0,63274.5
1781910360000,63274.5,63277.0,63260.0,63277.0
1781910540000,63277.0,63277.0,63250.0,63250.1
1781910720000,63250.1,63263.8,63250.0,63263.7
1781910900000,63263.7,63275.9,63252.3,63258.6
1781911080000,63258.6,63280.0,63258.6,63263.5
1781911260000,63263.5,63264.8,63260.3,63264.8
1781911440000,63264.8,63307.2,63264.8,63304.1
1781911620000,63304.1,63304.1,63266.1,63289.2
1781911800000,63289.2,63299.3,63274.0,63295.8
1781911980000,63295.8,63337.3,63280.0,63320.9
1781912160000,63320.9,63320.9,63315.8,63320.8
1781912340000,63320.8,63320.9,63279.8,63279.9
1781912520000,63279.9,63296.9,63275.2,63296.9
1781912700000,63296.9,63296.9,63266.3,63267.1
1781912880000,63267.1,63300.4,63266.9,63275.5
1781913060000,63275.5,63321.1,63270.0,63308.9
1781913240000,63308.9,63644.8,63285.2,63627.1
1781913420000,63627.1,63641.5,63506.7,63512.6
1781913600000,63512.6,63583.8,63495.0,63547.2
1781913780000,63547.2,63565.5,63443.6,63493.4
1781913960000,63493.4,63565.4,63477.2,63530.0
1781914140000,63530.0,63536.5,63438.2,63440.2
1781914320000,63440.2,63500.0,63435.0,63493.8
1781914500000,63493.8,63523.8,63487.7,63498.8
1781914680000,63498.8,63498.9,63462.2,63485.8
1781914860000,63485.8,63485.8,63441.0,63446.5
1781915040000,63446.5,63550.0,63441.0,63510.6
1781915220000,63510.6,63621.0,63500.6,63590.3
1781915400000,63590.3,63630.0,63553.5,63629.9
1781915580000,63629.9,63750.2,63609.6,63680.6
1781915760000,63680.6,63695.1,63567.8,63575.5
1781915940000,63575.5,63575.6,63500.3,63525.6
1781916120000,63525.6,63575.6,63506.9,63575.6
1781916300000,63575.6,63575.6,63507.9,63511.2
1781916480000,63511.2,63573.0,63500.1,63526.9
1781916660000,63526.9,63529.0,63480.4,63524.5
1781916840000,63524.5,63578.8,63494.8,63508.2
1781917020000,63508.2,63530.6,63494.9,63496.8
1781917200000,63496.8,63513.6,63472.9,63495.9
1781917380000,63495.9,63495.9,63454.2,63467.1
1781917560000,63467.1,63494.2,63412.0,63412.0
1781917740000,63412.0,63419.3,63400.0,63415.0
1781917920000,63415.0,63430.9,63414.9,63422.3
1781918100000,63422.3,63447.8,63402.7,63447.8
1781918280000,63447.8,63479.3,63427.0,63470.3
1781918460000,63470.3,63473.4,63428.5,63435.5
1781918640000,63435.5,63435.6,63368.5,63393.2
1781918820000,63393.2,63488.5,63389.5,63474.5
1781919000000,63474.5,63528.9,63474.5,63527.4
1781919180000,63527.4,63590.1,63520.1,63538.2
1781919360000,63538.2,63579.9,63537.0,63579.9
1781919540000,63579.9,63594.2,63525.9,63525.9
1781919720000,63525.9,63540.7,63504.0,63540.7
1781919900000,63540.7,63550.0,63516.1,63549.9
1781920080000,63549.9,63559.5,63520.0,63534.6
1781920260000,63534.6,63555.0,63530.4,63547.2
1781920440000,63547.2,63558.8,63540.6,63551.3
1781920620000,63551.3,63551.4,63524.4,63550.9
1781920800000,63550.9,63550.9,63490.0,63520.6
1781920980000,63520.6,63524.7,63461.7,63467.6
1781921160000,63467.6,63487.6,63458.4,63462.4
1781921340000,63462.4,63479.6,63462.3,63462.4
1781921520000,63462.4,63465.2,63431.2,63441.9
1781921700000,63441.9,63441.9,63383.4,63389.9
1781921880000,63389.9,63391.6,63352.8,63380.0
1781922060000,63380.0,63389.6,63361.6,63361.7
1781922240000,63361.7,63385.0,63361.5,63384.9
1781922420000,63384.9,63413.8,63371.2,63380.0
1781922600000,63380.0,63466.0,63381.9,63466.0
1781922780000,63466.0,63469.6,63391.7,63392.2
1781922960000,63392.2,63402.4,63336.6,63382.9
1781923140000,63382.9,63381.9,63347.4,63366.3
1781923320000,63366.3,63381.9,63331.1,63372.2
1781923500000,63372.2,63399.8,63372.3,63399.1
1781923680000,63399.1,63400.0,63351.1,63373.5
1781923860000,63373.5,63373.5,63309.4,63327.0
1781924040000,63327.0,63357.5,63301.9,63325.7
1781924220000,63325.7,63337.7,63301.8,63305.7
1781924400000,63305.7,63351.2,63283.5,63351.2
1781924580000,63351.2,63353.5,63330.0,63331.0
1781924760000,63331.0,63352.2,63330.3,63330.3
1781924940000,63330.3,63330.3,63295.9,63330.0
1781925120000,63330.0,63342.9,63315.9,63319.8
1781925300000,63319.8,63365.4,63319.8,63349.1
1781925480000,63349.1,63385.6,63349.0,63354.1
1781925660000,63354.1,63385.0,63354.0,63377.6
1781925840000,63377.6,63425.0,63377.5,63409.6
1781926020000,63409.6,63417.0,63400.2,63417.0
1781926200000,63417.0,63428.1,63400.0,63421.8
1781926380000,63421.8,63433.8,63382.9,63395.7
1781926560000,63395.7,63436.0,63389.5,63436.0
1781926740000,63436.0,63487.2,63435.9,63469.0
1781926920000,63469.0,63470.0,63435.3,63456.4
1781927100000,63456.4,63456.3,63430.0,63440.0
1781927280000,63440.0,63466.2,63430.9,63449.4
1781927460000,63449.4,63449.5,63414.3,63414.3
1781927640000,63414.3,63420.7,63399.9,63400.1
1781927820000,63400.1,63445.8,63399.9,63440.5
1781928000000,63440.5,63444.0,63400.8,63400.8
1781928180000,63400.8,63414.0,63391.4,63413.9
1781928360000,63413.9,63434.8,63392.1,63395.5
1781928540000,63395.5,63395.5,63367.6,63390.8
1781928720000,63390.8,63409.1,63387.9,63399.2
1781928900000,63399.2,63441.7,63392.4,63441.7
1781929080000,63441.7,63486.8,63426.3,63463.2
1781929260000,63463.2,63469.2,63441.5,63463.9
1781929440000,63463.9,63511.1,63463.8,63506.5
1781929620000,63506.5,63547.0,63506.4,63542.2
1781929800000,63542.2,63550.4,63489.1,63492.1
1781929980000,63492.1,63505.6,63488.0,63497.1
1781930160000,63497.1,63527.2,63491.9,63506.5
1781930340000,63506.5,63584.3,63506.4,63571.9
1781930520000,63571.9,63588.0,63556.8,63578.1
1781930700000,63578.1,63586.8,63511.5,63518.6
1781930880000,63518.6,63573.9,63511.9,63573.9
1781931060000,63573.9,63582.7,63541.0,63545.1
1781931240000,63545.1,63564.3,63530.6,63530.7
1781931420000,63530.7,63553.8,63530.7,63553.8
1781931600000,63553.8,63574.3,63509.1,63540.1
1781931780000,63540.1,63555.0,63523.6,63531.2
1781931960000,63531.2,63701.0,63531.1,63675.4
1781932140000,63675.4,63881.2,63661.6,63767.2
1781932320000,63767.2,63887.0,63696.4,63785.2
1781932500000,63785.2,63808.1,63701.9,63702.2
1781932680000,63702.2,63734.6,63694.1,63722.9
1781932860000,63722.9,63727.9,63684.3,63693.0
1781933040000,63693.0,63705.4,63681.1,63684.0
1781933220000,63684.0,63700.0,63601.7,63604.6
1781933400000,63604.6,63663.9,63604.5,63653.4
1781933580000,63653.4,63705.2,63627.0,63656.9
1781933760000,63656.9,63668.1,63625.7,63655.9
1781933940000,63655.9,63660.7,63614.7,63623.2
1781934120000,63623.2,63631.9,63609.5,63609.5
1781934300000,63609.5,63647.4,63553.9,63588.2
1781934480000,63588.2,63600.0,63580.3,63580.4
1781934660000,63580.4,63632.1,63562.0,63628.5
1781934840000,63628.5,63682.6,63628.5,63635.8
1781935020000,63635.8,63654.4,63635.7,63645.5
1781935200000,63645.5,63675.2,63627.6,63670.9
1781935380000,63670.9,63679.9,63644.8,63648.2
1781935560000,63648.2,63682.3,63638.7,63645.2
1781935740000,63645.2,63641.9,63608.6,63629.1
1781935920000,63629.1,63656.7,63613.4,63656.7
1781936100000,63656.7,63663.6,63610.2,63639.1
1781936280000,63639.1,63639.2,63624.2,63627.7
1781936460000,63627.7,63724.3,63627.6,63693.3
1781936640000,63693.3,63694.1,63640.9,63654.1
1781936820000,63654.1,63673.4,63654.1,63672.3
1781937000000,63672.3,63677.6,63659.4,63663.6
1781937180000,63663.6,63696.2,63661.0,63687.2
1781937360000,63687.2,63706.7,63677.8,63706.7
1781937540000,63706.7,63718.5,63665.8,63680.7
1781937720000,63680.7,63723.3,63680.6,63723.2
1781937900000,63723.2,63728.2,63688.0,63695.9
1781938080000,63695.9,63730.0,63695.0,63702.3
1781938260000,63702.3,63717.0,63699.6,63708.9
1781938440000,63708.9,63708.9,63695.4,63695.5
1781938620000,63695.5,63726.2,63695.5,63710.1
1781938800000,63710.1,63710.1,63601.6,63632.9
1781938980000,63632.9,63645.8,63611.4,63611.4
1781939160000,63611.4,63611.5,63558.5,63597.1
1781939340000,63597.1,63644.7,63597.1,63603.3
1781939520000,63603.3,63637.3,63600.8,63635.1
1781939700000,63635.1,63649.3,63636.4,63649.3
1781939880000,63649.3,63719.0,63649.2,63714.5
1781940060000,63714.5,63739.1,63693.2,63738.2
1781940240000,63738.2,63763.2,63731.9,63735.2
1781940420000,63735.2,63763.1,63712.9,63763.1
1781940600000,63763.1,63774.2,63735.8,63738.8
1781940780000,63738.8,63738.8,63696.0,63707.1
1781940960000,63707.1,63746.8,63684.8,63717.0
1781941140000,63717.0,63758.8,63717.1,63734.2
1781941320000,63734.2,63734.3,63720.2,63720.5
1781941500000,63720.5,63742.2,63695.5,63695.8
1781941680000,63695.8,63721.3,63677.5,63715.1
1781941860000,63715.1,63719.6,63677.9,63679.5
1781942040000,63679.5,63685.3,63654.5,63677.4
1781942220000,63677.4,63677.4,63617.6,63624.9
1781942400000,63624.9,63630.0,63453.5,63485.6
1781942580000,63485.6,63629.9,63483.1,63575.0
1781942760000,63575.0,63590.1,63520.0,63531.9
1781942940000,63531.9,63535.4,63496.9,63511.0
1781943120000,63511.0,63523.7,63501.8,63523.4
1781943300000,63523.4,63553.7,63516.8,63525.2
1781943480000,63525.2,63542.7,63520.3,63542.7
1781943660000,63542.7,63542.7,63470.0,63486.6
1781943840000,63486.6,63492.9,63472.7,63483.5
1781944020000,63483.5,63483.6,63439.2,63450.0
1781944200000,63450.0,63450.5,63413.5,63440.0
1781944380000,63440.0,63466.3,63439.8,63443.9
1781944560000,63443.9,63456.4,63396.8,63405.1
1781944740000,63405.1,63455.7,63405.0,63450.3
1781944920000,63450.3,63450.4,63420.1,63422.8
1781945100000,63422.8,63429.2,63400.5,63404.1
1781945280000,63404.1,63430.6,63360.2,63382.4
1781945460000,63382.4,63397.1,63360.0,63375.0
1781945640000,63375.0,63417.0,63374.9,63417.0
1781945820000,63417.0,63420.4,63378.7,63390.8
1781946000000,63390.8,63436.9,63390.3,63429.0
1781946180000,63429.0,63449.4,63417.6,63425.8
1781946360000,63425.8,63476.2,63414.8,63436.2
1781946540000,63436.2,63474.2,63434.0,63470.9
1781946720000,63470.9,63505.2,63460.2,63488.3
1781946900000,63488.3,63520.5,63476.4,63479.6
1781947080000,63479.6,63504.7,63479.5,63503.4
1781947260000,63503.4,63539.2,63503.3,63539.2
1781947440000,63539.2,63561.0,63508.3,63510.0
1781947620000,63510.0,63543.6,63509.9,63540.9
1781947800000,63540.9,63548.2,63523.3,63537.7
1781947980000,63537.7,63593.2,63537.6,63589.6
1781948160000,63589.6,63662.1,63589.6,63614.6
1781948340000,63614.6,63639.5,63609.0,63630.8
1781948520000,63630.8,63686.2,63630.8,63669.8
1781948700000,63669.8,63680.0,63626.2,63626.3
1781948880000,63626.3,63661.4,63604.7,63650.1
1781949060000,63650.1,63695.0,63636.1,63694.9
1781949240000,63694.9,63758.5,63694.9,63756.0
1781949420000,63756.0,63756.1,63692.1,63700.8
1781949600000,63700.8,63712.4,63666.4,63712.4
1781949780000,63712.4,63737.6,63706.0,63727.8
1781949960000,63727.8,63747.7,63701.0,63701.1
1781950140000,63701.1,63701.1,63652.9,63670.7
1781950320000,63670.7,63670.7,63654.1,63657.5
1781950500000,63657.5,63683.1,63657.4,63675.9
1781950680000,63675.9,63693.9,63623.9,63623.9
1781950860000,63623.9,63630.9,63609.4,63629.0
1781951040000,63629.0,63640.5,63620.7,63636.2
1781951220000,63636.2,63654.3,63630.2,63649.3
1781951400000,63649.3,63670.4,63620.9,63626.4
1781951580000,63626.4,63629.5,63590.1,63595.4
1781951760000,63595.4,63599.9,63575.0,63584.4
1781951940000,63584.4,63599.1,63559.8,63565.2
1781952120000,63565.2,63574.6,63565.2,63574.5
1781952300000,63574.5,63599.7,63574.5,63589.1
1781952480000,63589.1,63640.9,63589.0,63635.3
1781952660000,63635.3,63639.8,63603.6,63620.4
1781952840000,63620.4,63650.2,63620.3,63634.8
1781953020000,63634.8,63649.7,63631.2,63649.6
1781953200000,63649.6,63685.1,63649.6,63660.7
1781953380000,63660.7,63660.8,63592.7,63600.9
1781953560000,63600.9,63647.4,63600.0,63600.0
1781953740000,63600.0,63638.4,63586.8,63619.1
1781953920000,63619.1,63639.5,63619.1,63636.8
1781954100000,63636.8,63686.9,63631.7,63686.9
1781954280000,63686.9,63686.9,63626.7,63626.8
1781954460000,63626.8,63713.6,63626.7,63694.4
1781954640000,63694.4,63702.5,63674.0,63680.1
1781954820000,63680.1,63680.1,63661.6,63661.7
1781955000000,63661.7,63671.0,63657.3,63670.9
1781955180000,63670.9,63671.0,63649.2,63670.8
1781955360000,63670.8,63678.0,63662.4,63670.5
1781955540000,63670.5,63687.3,63662.5,63687.3
1781955720000,63687.3,63708.6,63687.2,63695.0
1781955900000,63695.0,63729.9,63684.3,63724.9
1781956080000,63724.9,63750.9,63710.0,63750.9
1781956260000,63750.9,63770.0,63683.1,63693.4
1781956440000,63693.4,63696.4,63651.2,63682.3
1781956620000,63682.3,63684.0,63651.3,63651.3
1781956800000,63651.3,63667.9,63651.3,63667.8
1781956980000,63667.8,63714.1,63641.1,63699.7
1781957160000,63699.7,63755.9,63692.8,63746.8
1781957340000,63746.8,63755.9,63696.3,63725.5
1781957520000,63725.5,63752.1,63716.1,63723.4
1781957700000,63723.4,63735.0,63677.2,63734.9
1781957880000,63734.9,63736.6,63717.6,63719.0
1781958060000,63719.0,63720.3,63670.5,63675.5
1781958240000,63675.5,63733.5,63670.5,63718.3
1781958420000,63718.3,63723.6,63701.7,63705.8
1781958600000,63705.8,63720.5,63672.2,63672.2
1781958780000,63672.2,63683.1,63645.4,63653.0
1781958960000,63653.0,63653.0,63546.2,63558.4
1781959140000,63558.4,63590.1,63550.9,63580.7
1781959320000,63580.7,63600.0,63580.7,63590.1
1781959500000,63590.1,63599.9,63583.5,63583.6
1781959680000,63583.6,63585.4,63555.4,63558.7
1781959860000,63558.7,63559.7,63503.0,63545.9
1781960040000,63545.9,63611.5,63535.0,63605.8
1781960220000,63605.8,63630.2,63605.7,63627.8
1781960400000,63627.8,63627.8,63586.9,63601.0
1781960580000,63601.0,63601.1,63585.4,63596.5
1781960760000,63596.5,63621.5,63592.2,63609.8
1781960940000,63609.8,63609.9,63582.4,63591.5
1781961120000,63591.5,63601.1,63555.5,63555.6
1781961300000,63555.6,63592.1,63545.4,63551.7
1781961480000,63551.7,63588.0,63482.7,63489.3
1781961660000,63489.3,63500.0,63380.9,63380.9
1781961840000,63380.9,63381.0,63259.9,63324.4
1781962020000,63324.4,63334.4,63242.0,63315.1
1781962200000,63315.1,63384.3,63310.1,63355.4
1781962380000,63355.4,63377.4,63317.2,63353.9
1781962560000,63353.9,63441.3,63353.9,63439.1
1781962740000,63439.1,63439.9,63418.4,63434.1
1781962920000,63434.1,63434.2,63411.6,63422.9
1781963100000,63422.9,63450.0,63410.1,63433.7
1781963280000,63433.7,63465.0,63429.6,63460.0
1781963460000,63460.0,63460.1,63392.3,63399.9
1781963640000,63399.9,63397.5,63334.4,63384.8
1781963820000,63384.8,63407.3,63368.0,63368.0
1781964000000,63368.0,63388.8,63318.0,63334.6
1781964180000,63334.6,63354.9,63252.8,63257.4
1781964360000,63257.4,63304.3,63210.8,63227.0
1781964540000,63227.0,63250.6,63190.7,63220.7
1781964720000,63220.7,63265.4,63147.9,63185.2
1781964900000,63185.2,63253.8,63185.1,63253.7
1781965080000,63253.7,63298.6,63248.2,63273.5
1781965260000,63273.5,63330.4,63258.0,63309.1
1781965440000,63309.1,63335.7,63309.1,63324.3
1781965620000,63324.3,63347.4,63314.9,63347.3
1781965800000,63347.3,63372.9,63306.7,63372.9
1781965980000,63372.9,63408.0,63366.3,63407.9
1781966160000,63407.9,63432.0,63394.5,63394.5
1781966340000,63394.5,63394.6,63371.5,63384.6
1781966520000,63384.6,63488.7,63328.2,63477.4
1781966700000,63477.4,64137.2,63465.3,63837.8
1781966880000,63837.8,63949.0,63816.8,63871.7
1781967060000,63871.7,63984.5,63845.1,63872.1
1781967240000,63872.1,63959.6,63867.9,63900.7
1781967420000,63900.7,63955.1,63881.6,63929.5
1781967600000,63929.5,63950.0,63853.0,63863.2
1781967780000,63863.2,64023.2,63863.2,63921.0
1781967960000,63921.0,63919.8,63850.0,63856.3
1781968140000,63856.3,63881.6,63810.5,63819.9
1781968320000,63819.9,63983.2,63810.0,63983.2
1781968500000,63983.2,64060.5,63960.0,63964.1
1781968680000,63964.1,64363.6,63932.9,64253.4
1781968860000,64253.4,64265.9,64153.9,64183.1
1781969040000,64183.1,64206.7,64150.0,64157.5
1781969220000,64157.5,64190.3,64146.1,64166.9
1781969400000,64166.9,64182.0,64070.7,64076.2
1781969580000,64076.2,64178.8,64048.6,64091.9
1781969760000,64091.9,64109.1,64068.8,64068.9
1781969940000,64068.9,64113.9,64061.2,64092.4
1781970120000,64092.4,64100.1,64052.0,64086.6
1781970300000,64086.6,64178.8,64086.6,64170.6
1781970480000,64170.6,64170.7,64103.2,64103.2
1781970660000,64103.2,64113.3,64055.3,64084.3
1781970840000,64084.3,64084.3,64050.1,64081.6
1781971020000,64081.6,64129.3,64081.6,64129.3
1781971200000,64129.3,64149.9,63977.3,64003.4
1781971380000,64003.4,64026.5,63972.5,63990.9
1781971560000,63990.9,64009.7,63984.1,63994.8
1781971740000,63994.8,64030.0,63972.4,63972.5
1781971920000,63972.5,63975.2,63948.0,63973.8
1781972100000,63973.8,64029.9,63973.8,64024.9
1781972280000,64024.9,64024.3,63980.4,63980.4
1781972460000,63980.4,64077.0,63980.5,64015.1
1781972640000,64015.1,64056.4,63953.8,64020.5
1781972820000,64020.5,64022.2,63960.0,63966.7
1781973000000,63966.7,63975.0,63875.0,63927.7
1781973180000,63927.7,63932.0,63900.1,63903.1
1781973360000,63903.1,63982.1,63876.8,63954.4
1781973540000,63954.4,64037.5,63954.4,63971.1
1781973720000,63971.1,63991.7,63968.2,63974.4
1781973900000,63974.4,63980.6,63934.8,63949.3
1781974080000,63949.3,64011.6,63949.3,64008.9
1781974260000,64008.9,64019.6,63985.5,63999.9
1781974440000,63999.9,63996.7,63964.6,63970.0
1781974620000,63970.0,63996.0,63966.0,63996.0
1781974800000,63996.0,63999.9,63921.6,63946.0
1781974980000,63946.0,63966.5,63901.3,63906.9
1781975160000,63906.9,63919.0,63876.4,63898.9
1781975340000,63898.9,63911.4,63857.1,63875.1
1781975520000,63875.1,63930.0,63875.0,63925.9
1781975700000,63925.9,63926.0,63841.4,63906.2
1781975880000,63906.2,63926.3,63883.0,63889.6
1781976060000,63889.6,63928.5,63853.8,63853.9
1781976240000,63853.9,63882.6,63853.8,63875.0
1781976420000,63875.0,63963.0,63874.9,63962.9
1781976600000,63962.9,64014.4,63924.0,63975.8
1781976780000,63975.8,64013.5,63694.6,63774.6
1781976960000,63774.6,63829.5,63718.4,63793.9
1781977140000,63793.9,63826.8,63765.1,63801.6
1781977320000,63801.6,63860.8,63801.6,63828.1
1781977500000,63828.1,63864.9,63781.0,63815.0
1781977680000,63815.0,63838.9,63808.3,63814.2
1781977860000,63814.2,63827.6,63796.9,63827.6
1781978040000,63827.6,63850.8,63801.6,63839.2
1781978220000,63839.2,63839.2,63808.0,63810.8
1781978400000,63810.8,63870.4,63810.8,63870.4
1781978580000,63870.4,63899.0,63840.0,63848.3
1781978760000,63848.3,63848.3,63762.9,63793.2
1781978940000,63793.2,63855.8,63790.2,63829.1
1781979120000,63829.1,63829.1,63787.6,63796.5
1781979300000,63796.5,63839.5,63796.4,63825.3
1781979480000,63825.3,63839.4,63819.4,63824.8
1781979660000,63824.8,63826.6,63806.9,63814.9
1781979840000,63814.9,63854.4,63812.5,63819.9
1781980020000,63819.9,63835.8,63819.8,63835.8
1781980200000,63835.8,63859.0,63812.1,63818.6
1781980380000,63818.6,63828.6,63801.6,63801.6
1781980560000,63801.6,63833.3,63801.6,63825.3
1781980740000,63825.3,63839.3,63807.5,63808.9
1781980920000,63808.9,63809.0,63748.8,63788.2
1781981100000,63788.2,63813.5,63784.9,63785.8
1781981280000,63785.8,63810.6,63780.0,63794.7
1781981460000,63794.7,63810.2,63781.2,63781.2
1781981640000,63781.2,63781.2,63752.1,63758.5
1781981820000,63758.5,63776.4,63750.6,63776.4
1781982000000,63776.4,63800.5,63764.2,63785.5
1781982180000,63785.5,63854.5,63785.4,63804.0
1781982360000,63804.0,63824.3,63790.1,63815.1
1781982540000,63815.1,63893.7,63810.1,63860.1
1781982720000,63860.1,63870.5,63852.7,63868.2
1781982900000,63868.2,63890.1,63860.4,63877.8
1781983080000,63877.8,63899.0,63829.9,63886.3
1781983260000,63886.3,63898.6,63861.4,63896.5
1781983440000,63896.5,63899.0,63860.1,63860.1
1781983620000,63860.1,63867.5,63814.8,63835.6
1781983800000,63835.6,63872.9,63808.1,63868.9
1781983980000,63868.9,63872.3,63840.0,63849.2
1781984160000,63849.2,63862.6,63845.9,63854.9
1781984340000,63854.9,63876.0,63852.2,63858.6
1781984520000,63858.6,63940.3,63858.5,63907.9
1781984700000,63907.9,63919.1,63894.0,63894.6
1781984880000,63894.6,63906.1,63885.4,63894.8
1781985060000,63894.8,63905.3,63893.4,63893.4
1781985240000,63893.4,63905.0,63885.2,63889.2
1781985420000,63889.2,63905.5,63889.1,63905.5
1781985600000,63905.5,63936.1,63905.4,63905.8
1781985780000,63905.8,63905.9,63885.6,63897.7
1781985960000,63897.7,63943.8,63897.6,63933.9
1781986140000,63933.9,63937.8,63911.5,63930.7
1781986320000,63930.7,63945.0,63930.7,63932.6
1781986500000,63932.6,63938.4,63914.4,63928.9
1781986680000,63928.9,63944.5,63916.8,63916.9
1781986860000,63916.9,63921.0,63910.1,63910.1
1781987040000,63910.1,63927.3,63910.0,63915.8
1781987220000,63915.8,63915.8,63870.3,63880.9
1781987400000,63880.9,63890.0,63869.0,63869.0
1781987580000,63869.0,63869.1,63820.0,63827.2
1781987760000,63827.2,63844.2,63825.7,63838.7
1781987940000,63838.7,63857.9,63838.3,63840.6
1781988120000,63840.6,63869.3,63839.7,63847.4
1781988300000,63847.4,63877.9,63844.3,63865.7
1781988480000,63865.7,63868.6,63864.4,63864.5
1781988660000,63864.5,63908.1,63864.4,63886.1
1781988840000,63886.1,63902.0,63886.0,63890.3
1781989020000,63890.3,63900.6,63880.4,63899.4
1781989200000,63899.4,63922.0,63891.7,63921.9
1781989380000,63921.9,63928.2,63904.5,63904.6
1781989560000,63904.6,63904.6,63896.2,63900.6
1781989740000,63900.6,63914.7,63900.5,63914.6
1781989920000,63914.6,64020.6,63914.6,63956.6
1781990100000,63956.6,63960.2,63916.6,63916.7
1781990280000,63916.7,63938.3,63916.6,63923.8
1781990460000,63923.8,63923.9,63899.9,63910.1
1781990640000,63910.1,63967.0,63912.6,63929.7
1781990820000,63929.7,63929.7,63888.2,63902.8
1781991000000,63902.8,63914.8,63886.6,63900.7
1781991180000,63900.7,63917.7,63892.5,63903.1
1781991360000,63903.1,63927.6,63903.0,63926.7
1781991540000,63926.7,63940.0,63915.8,63939.9
1781991720000,63939.9,64020.0,63939.9,63999.9
1781991900000,63999.9,64018.8,63963.1,64013.8
1781992080000,64013.8,64064.8,64000.0,64040.9
1781992260000,64040.9,64066.6,63987.6,63989.0
1781992440000,63989.0,64001.9,63982.9,63989.6
1781992620000,63989.6,63999.9,63959.5,63983.0
1781992800000,63983.0,63983.0,63946.3,63951.3
1781992980000,63951.3,64015.5,63951.3,63998.3
1781993160000,63998.3,64010.0,63989.0,63989.0
1781993340000,63989.0,64005.2,63974.6,63976.9
1781993520000,63976.9,64139.3,63978.6,64108.5
1781993700000,64108.5,64108.5,64051.3,64061.2
1781993880000,64061.2,64080.0,64041.3,64064.5
1781994060000,64064.5,64107.4,64054.1,64107.3
1781994240000,64107.3,64199.0,64107.3,64160.1
1781994420000,64160.1,64305.9,64160.1,64272.9
1781994600000,64272.9,64300.0,64230.7,64259.1
1781994780000,64259.1,64325.9,64259.1,64261.4
1781994960000,64261.4,64280.2,64225.4,64227.0
1781995140000,64227.0,64234.2,64220.0,64222.2
1781995320000,64222.2,64285.2,64217.6,64252.5
1781995500000,64252.5,64258.0,64224.1,64227.1
1781995680000,64227.1,64294.5,64227.1,64291.0
1781995860000,64291.0,64297.8,64265.7,64284.6
1781996040000,64284.6,64284.6,64250.1,64284.6
1781996220000,64284.6,64289.0,64245.9,64245.9
1781996400000,64245.9,64256.9,64219.7,64236.6
1781996580000,64236.6,64272.5,64223.0,64237.5
1781996760000,64237.5,64273.3,64237.5,64260.3
1781996940000,64260.3,64268.0,64244.4,64244.4
1781997120000,64244.4,64258.7,64225.9,64225.9
1781997300000,64225.9,64251.0,64225.9,64250.9
1781997480000,64250.9,64292.8,64234.9,64234.9
1781997660000,64234.9,64262.0,64231.1,64241.9
1781997840000,64241.9,64254.4,64238.8,64238.8
1781998020000,64238.8,64240.0,64228.0,64239.9
1781998200000,64239.9,64288.9,64236.3,64236.3
1781998380000,64236.3,64244.3,64230.0,64242.0
1781998560000,64242.0,64273.9,64241.9,64273.8
1781998740000,64273.8,64283.4,64257.4,64283.2
1781998920000,64283.2,64310.3,64265.2,64305.6
1781999100000,64305.6,64317.6,64267.1,64270.0
1781999280000,64270.0,64270.1,64256.7,64261.0
1781999460000,64261.0,64261.1,64250.0,64250.4
1781999640000,64250.4,64290.0,64250.4,64273.1
1781999820000,64273.1,64299.9,64270.0,64270.0
1782000000000,64270.0,64277.8,64226.0,64231.4
1782000180000,64231.4,64235.9,64217.6,64235.8
1782000360000,64235.8,64250.0,64224.2,64233.3
1782000540000,64233.3,64236.3,64233.2,64236.2
1782000720000,64236.2,64238.3,64218.6,64235.0
1782000900000,64235.0,64235.1,64217.6,64217.7
1782001080000,64217.7,64226.1,64217.6,64217.6
1782001260000,64217.6,64285.9,64217.6,64237.8
1782001440000,64237.8,64242.1,64222.3,64224.4
1782001620000,64224.4,64245.0,64222.6,64238.5
1782001800000,64238.5,64238.6,64218.0,64224.8
1782001980000,64224.8,64250.0,64217.6,64249.9
1782002160000,64249.9,64284.0,64240.9,64283.9
1782002340000,64283.9,64298.9,64245.7,64274.1
1782002520000,64274.1,64278.5,64264.9,64264.9
1782002700000,64264.9,64265.0,64220.5,64230.5
1782002880000,64230.5,64286.4,64231.6,64280.1
1782003060000,64280.1,64290.0,64262.9,64262.9
1782003240000,64262.9,64260.2,64240.1,64260.1
1782003420000,64260.1,64268.0,64250.0,64264.3
1782003600000,64264.3,64295.1,64246.4,64278.6
1782003780000,64278.6,64281.7,64246.4,64264.5
1782003960000,64264.5,64270.8,64236.2,64244.3
1782004140000,64244.3,64260.7,64217.8,64225.0
1782004320000,64225.0,64234.9,64217.6,64224.3
1782004500000,64224.3,64230.0,64218.9,64222.7
1782004680000,64222.7,64230.6,64221.6,64221.7
1782004860000,64221.7,64221.6,64217.9,64220.0
1782005040000,64220.0,64220.0,64217.6,64217.6
1782005220000,64217.6,64219.9,64217.5,64218.6
1782005400000,64218.6,64218.6,64217.6,64217.6
1782005580000,64217.6,64220.3,64198.9,64219.4
1782005760000,64219.4,64266.6,64219.3,64247.9
1782005940000,64247.9,64247.9,64199.0,64203.3
1782006120000,64203.3,64227.4,64199.9,64227.4
1782006300000,64227.4,64297.0,64227.3,64256.5
1782006480000,64256.5,64272.8,64221.9,64254.4
1782006660000,64254.4,64258.0,64250.0,64250.0
1782006840000,64250.0,64250.1,64221.0,64231.1
1782007020000,64231.1,64244.3,64220.0,64221.4
1782007200000,64221.4,64221.4,64199.1,64206.2
1782007380000,64206.2,64232.7,64199.9,64213.9
1782007560000,64213.9,64213.9,64203.8,64203.9
1782007740000,64203.9,64232.3,64202.0,64213.3
1782007920000,64213.3,64236.0,64204.0,64235.9
1782008100000,64235.9,64235.9,64201.7,64206.9
1782008280000,64206.9,64219.9,64203.0,64203.0
1782008460000,64203.0,64203.1,64199.0,64199.0
1782008640000,64199.0,64207.9,64199.0,64207.9
1782008820000,64207.9,64208.1,64207.8,64208.0
1782009000000,64208.0,64210.3,64199.0,64207.4
1782009180000,64207.4,64235.1,64207.0,64224.9
1782009360000,64224.9,64242.7,64221.8,64237.2
1782009540000,64237.2,64237.2,64210.2,64220.8
1782009720000,64220.8,64224.4,64210.4,64216.4
1782009900000,64216.4,64233.6,64216.4,64233.5
1782010080000,64233.5,64251.3,64233.5,64244.0
1782010260000,64244.0,64243.9,64222.5,64228.5
1782010440000,64228.5,64238.6,64224.1,64228.5
1782010620000,64228.5,64233.0,64219.4,64219.4
1782010800000,64219.4,64219.5,64212.1,64212.1
1782010980000,64212.1,64219.5,64207.0,64213.3
1782011160000,64213.3,64229.4,64213.2,64229.4
1782011340000,64229.4,64260.0,64222.3,64247.1
1782011520000,64247.1,64276.3,64241.1,64276.3
1782011700000,64276.3,64290.0,64250.3,64276.7
1782011880000,64276.7,64311.9,64272.8,64287.3
1782012060000,64287.3,64448.6,64287.3,64411.5
1782012240000,64411.5,64450.0,64377.1,64395.0
1782012420000,64395.0,64410.0,64323.4,64323.5
1782012600000,64323.5,64366.0,64270.0,64314.0
1782012780000,64314.0,64337.8,64294.7,64301.2
1782012960000,64301.2,64422.4,64282.4,64404.4
1782013140000,64404.4,64404.4,64377.9,64377.9
1782013320000,64377.9,64424.1,64377.9,64417.2
1782013500000,64417.2,64417.2,64383.0,64383.1
1782013680000,64383.1,64415.0,64374.5,64397.9
1782013860000,64397.9,64398.0,64383.1,64393.2
1782014040000,64393.2,64405.8,64380.1,64402.2
1782014220000,64402.2,64408.0,64391.4,64398.9
1782014400000,64398.9,64404.0,64382.4,64382.5
1782014580000,64382.5,64401.6,64357.1,64368.1
1782014760000,64368.1,64370.0,64354.8,64369.9
1782014940000,64369.9,64383.3,64348.4,64355.4
1782015120000,64355.4,64374.9,64351.1,64374.9
1782015300000,64374.9,64411.0,64374.8,64404.5
1782015480000,64404.5,64489.7,64400.1,64482.0
1782015660000,64482.0,64488.2,64434.2,64439.4
1782015840000,64439.4,64485.5,64439.3,64485.5
1782016020000,64485.5,64544.9,64483.6,64500.2
1782016200000,64500.2,64508.0,64483.5,64502.5
1782016380000,64502.5,64531.1,64500.0,64531.1
1782016560000,64531.1,64564.8,64458.8,64500.1
1782016740000,64500.1,64518.1,64475.6,64475.6
1782016920000,64475.6,64483.9,64456.1,64456.1
1782017100000,64456.1,64456.2,64431.6,64433.9
1782017280000,64433.9,64446.6,64387.2,64392.3
1782017460000,64392.3,64392.4,64280.1,64309.9
1782017640000,64309.9,64310.0,64276.1,64284.3
1782017820000,64284.3,64294.8,64230.7,64252.6
1782018000000,64252.6,64278.8,64240.2,64268.7
1782018180000,64268.7,64272.7,64232.5,64232.9
1782018360000,64232.9,64249.9,64205.7,64237.3
1782018540000,64237.3,64243.8,64216.7,64222.1
1782018720000,64222.1,64222.1,64200.1,64205.1
1782018900000,64205.1,64217.0,64199.8,64215.2
1782019080000,64215.2,64215.3,64199.0,64210.7
1782019260000,64210.7,64258.7,64209.9,64239.5
1782019440000,64239.5,64275.6,64239.4,64271.2
1782019620000,64271.2,64274.9,64264.8,64271.1
1782019800000,64271.1,64290.0,64256.5,64285.4
1782019980000,64285.4,64289.9,64272.2,64281.5
1782020160000,64281.5,64322.2,64281.4,64322.0
1782020340000,64322.0,64339.7,64295.7,64302.6
1782020520000,64302.6,64324.7,64269.6,64269.6
1782020700000,64269.6,64269.7,64219.9,64228.3
1782020880000,64228.3,64235.7,64215.3,64215.4
1782021060000,64215.4,64220.6,64202.6,64213.1
1782021240000,64213.1,64231.9,64212.0,64225.5
1782021420000,64225.5,64226.6,64220.4,64226.5
1782021600000,64226.5,64231.6,64199.0,64199.0
1782021780000,64199.0,64199.1,64168.7,64172.0
1782021960000,64172.0,64185.6,64171.0,64183.1
1782022140000,64183.1,64186.0,64179.5,64182.3
1782022320000,64182.3,64186.2,64182.3,64186.1
1782022500000,64186.1,64229.6,64180.1,64214.1
1782022680000,64214.1,64226.3,64212.9,64226.2
1782022860000,64226.2,64244.9,64226.2,64236.2
1782023040000,64236.2,64256.1,64215.1,64231.3
1782023220000,64231.3,64278.3,64231.2,64253.5
1782023400000,64253.5,64253.5,64223.9,64233.6
1782023580000,64233.6,64264.5,64229.5,64264.4
1782023760000,64264.4,64283.4,64250.0,64278.7
1782023940000,64278.7,64299.0,64275.7,64294.9
1782024120000,64294.9,64300.0,64283.1,64283.2
1782024300000,64283.2,64295.3,64273.5,64275.7
1782024480000,64275.7,64282.9,64264.5,64264.6
1782024660000,64264.6,64278.4,64264.5,64273.6
1782024840000,64273.6,64273.7,64264.4,64271.0
1782025020000,64271.0,64273.7,64260.0,64269.9
1782025200000,64269.9,64270.0,64219.5,64219.5
1782025380000,64219.5,64226.9,64217.6,64222.8
1782025560000,64222.8,64240.0,64217.4,64230.1
1782025740000,64230.1,64242.9,64223.0,64235.4
1782025920000,64235.4,64235.4,64221.8,64222.7
1782026100000,64222.7,64238.8,64222.6,64232.4
1782026280000,64232.4,64240.0,64208.0,64208.1
1782026460000,64208.1,64208.1,64180.9,64181.6
1782026640000,64181.6,64181.6,64168.7,64170.3
1782026820000,64170.3,64172.3,64144.3,64147.4
1782027000000,64147.4,64181.9,64142.8,64173.4
1782027180000,64173.4,64207.3,64173.4,64193.2
1782027360000,64193.2,64216.0,64193.1,64208.3
1782027540000,64208.3,64208.3,64169.2,64189.6
1782027720000,64189.6,64218.0,64176.2,64216.2
1782027900000,64216.2,64233.2,64204.3,64208.3
1782028080000,64208.3,64213.8,64190.6,64209.7
1782028260000,64209.7,64209.8,64181.9,64181.9
1782028440000,64181.9,64182.0,64147.8,64150.4
1782028620000,64150.4,64178.0,64150.3,64170.1
1782028800000,64170.1,64199.9,64170.0,64184.2
1782028980000,64184.2,64204.8,64158.0,64158.1
1782029160000,64158.1,64158.1,64093.1,64116.5
1782029340000,64116.5,64137.0,64094.1,64136.9
1782029520000,64136.9,64149.9,64098.3,64098.3
1782029700000,64098.3,64100.0,64067.9,64070.1
1782029880000,64070.1,64084.2,64046.8,64046.9
1782030060000,64046.9,64049.1,64032.0,64047.7
1782030240000,64047.7,64076.7,64032.0,64038.5
1782030420000,64038.5,64038.5,64018.3,64022.6
1782030600000,64022.6,64044.8,63988.1,63990.3
1782030780000,63990.3,63995.8,63871.3,63871.4
1782030960000,63871.4,63968.4,63871.3,63936.7
1782031140000,63936.7,63936.8,63906.6,63930.3
1782031320000,63930.3,63965.3,63909.8,63960.0
1782031500000,63960.0,63960.1,63920.2,63925.3
1782031680000,63925.3,63925.3,63894.5,63915.8
1782031860000,63915.8,63957.3,63906.0,63949.4
1782032040000,63949.4,63974.0,63927.0,63972.7
1782032220000,63972.7,63988.0,63952.2,63988.0
1782032400000,63988.0,63999.0,63935.3,63952.2
1782032580000,63952.2,63990.9,63935.3,63957.8
1782032760000,63957.8,63960.2,63937.6,63951.4
1782032940000,63951.4,63968.8,63948.3,63963.9
1782033120000,63963.9,63965.8,63942.9,63945.3
1782033300000,63945.3,63974.4,63930.0,63955.9
1782033480000,63955.9,63963.1,63933.0,63963.0
1782033660000,63963.0,63993.2,63963.0,63985.2
1782033840000,63985.2,64056.3,63985.1,64049.9
1782034020000,64049.9,64066.7,64020.1,64020.1
1782034200000,64020.1,64061.8,64020.1,64056.0
1782034380000,64056.0,64105.8,64056.0,64105.7
1782034560000,64105.7,64161.3,64105.7,64140.2
1782034740000,64140.2,64224.5,64122.5,64122.5
1782034920000,64122.5,64124.0,64080.0,64115.1
1782035100000,64115.1,64117.5,64085.6,64099.8
1782035280000,64099.8,64152.2,64099.7,64152.2
1782035460000,64152.2,64170.0,64142.8,64149.0
1782035640000,64149.0,64200.0,64149.0,64188.2
1782035820000,64188.2,64209.8,64176.1,64186.3
1782036000000,64186.3,64222.0,64175.5,64198.9
1782036180000,64198.9,64199.0,64178.9,64179.1
1782036360000,64179.1,64260.7,64179.1,64204.8
1782036540000,64204.8,64257.7,64196.8,64248.7
1782036720000,64248.7,64261.1,64243.1,64249.7
1782036900000,64249.7,64250.0,64216.2,64248.2
1782037080000,64248.2,64273.9,64243.7,64269.1
1782037260000,64269.1,64336.4,64258.3,64317.8
1782037440000,64317.8,64364.3,64290.0,64294.6
1782037620000,64294.6,64306.9,64277.8,64277.8
1782037800000,64277.8,64296.3,64270.0,64283.2
1782037980000,64283.2,64310.0,64283.3,64307.9
1782038160000,64307.9,64340.6,64293.2,64340.6
1782038340000,64340.6,64356.5,64315.3,64347.8
1782038520000,64347.8,64363.2,64312.1,64317.4
1782038700000,64317.4,64355.0,64316.6,64341.0
1782038880000,64341.0,64382.4,64339.6,64382.3
1782039060000,64382.3,64383.9,64338.6,64347.8
1782039240000,64347.8,64364.8,64294.1,64354.7
1782039420000,64354.7,64364.9,64293.1,64337.9
1782039600000,64337.9,64450.0,64338.9,64449.9
1782039780000,64449.9,64453.5,64305.7,64305.7
1782039960000,64305.7,64391.4,64305.7,64384.2
1782040140000,64384.2,64447.3,64357.0,64441.5
1782040320000,64441.5,64443.9,64375.8,64394.7
1782040500000,64394.7,64394.7,64179.1,64180.8
1782040680000,64180.8,64247.3,64084.0,64247.3
1782040860000,64247.3,64309.5,64227.9,64303.6
1782041040000,64303.6,64319.9,64265.5,64319.9
1782041220000,64319.9,64374.3,64295.5,64355.4
1782041400000,64355.4,64377.3,64217.4,64233.4
1782041580000,64233.4,64277.0,64225.0,64235.5
1782041760000,64235.5,64266.3,64226.7,64234.1
1782041940000,64234.1,64243.2,64208.0,64222.1
1782042120000,64222.1,64262.3,64200.0,64262.3
1782042300000,64262.3,64262.3,64220.6,64222.9
1782042480000,64222.9,64256.0,64114.3,64121.1
1782042660000,64121.1,64140.9,64080.0,64136.6
1782042840000,64136.6,64154.5,64111.7,64132.3
1782043020000,64132.3,64149.9,64096.3,64149.8
1782043200000,64149.8,64156.8,64100.5,64100.5
1782043380000,64100.5,64191.8,64100.5,64185.6
1782043560000,64185.6,64208.7,64154.3,64165.6
1782043740000,64165.6,64177.5,64101.5,64101.5
1782043920000,64101.5,64101.6,64026.0,64052.6
1782044100000,64052.6,64083.0,63992.4,64055.0
1782044280000,64055.0,64055.1,63978.9,63988.0
1782044460000,63988.0,64022.2,63956.8,63956.9
1782044640000,63956.9,64014.2,63956.8,64006.9
1782044820000,64006.9,64008.2,63970.3,63985.9
1782045000000,63985.9,64026.5,63974.6,64026.5
1782045180000,64026.5,64026.5,63935.0,63941.2
1782045360000,63941.2,63965.8,63916.0,63948.8
1782045540000,63948.8,64017.6,63947.6,64017.3
1782045720000,64017.3,64059.0,64010.4,64019.6
1782045900000,64019.6,64053.4,64016.0,64025.1
1782046080000,64025.1,64040.1,64017.2,64027.3
1782046260000,64027.3,64146.6,64020.0,64128.2
1782046440000,64128.2,64154.7,64081.7,64154.7
1782046620000,64154.7,64196.7,64152.0,64161.1
1782046800000,64161.1,64161.2,64098.8,64098.9
1782046980000,64098.9,64124.9,64078.6,64124.8
1782047160000,64124.8,64149.0,64120.5,64123.8
1782047340000,64123.8,64155.5,64123.8,64125.0
1782047520000,64125.0,64131.4,64082.0,64090.1
1782047700000,64090.1,64137.5,64090.0,64127.1
1782047880000,64127.1,64157.7,64126.7,64131.5
1782048060000,64131.5,64141.8,64123.8,64134.8
1782048240000,64134.8,64141.3,64115.7,64115.7
1782048420000,64115.7,64136.3,64112.6,64136.2
1782048600000,64136.2,64139.9,64037.0,64051.4
1782048780000,64051.4,64051.7,63987.3,63997.6
1782048960000,63997.6,64026.6,63987.9,64017.9
1782049140000,64017.9,64025.6,63985.2,64006.2
1782049320000,64006.2,64027.8,64006.2,64020.0
1782049500000,64020.0,64051.4,64014.6,64050.5
1782049680000,64050.5,64050.6,64021.0,64048.3
1782049860000,64048.3,64069.8,64046.3,64061.8
1782050040000,64061.8,64105.0,64061.8,64079.8
1782050220000,64079.8,64123.3,64055.7,64123.2
1782050400000,64123.2,64128.3,64079.3,64090.2
1782050580000,64090.2,64106.9,64073.3,64095.6
1782050760000,64095.6,64115.6,64065.1,64073.4
1782050940000,64073.4,64073.5,64041.4,64063.8
1782051120000,64063.8,64059.9,64028.6,64046.4
1782051300000,64046.4,64046.4,64000.0,64020.0
1782051480000,64020.0,64024.5,63991.8,64009.5
1782051660000,64009.5,64044.8,63978.0,64044.8
1782051840000,64044.8,64065.2,64021.6,64021.7
1782052020000,64021.7,64022.9,64000.0,64009.1
1782052200000,64009.1,64009.2,63990.0,63997.3
1782052380000,63997.3,64009.6,63969.7,63985.1
1782052560000,63985.1,64037.4,63985.0,64006.5
1782052740000,64006.5,64044.3,64006.5,64043.8
1782052920000,64043.8,64063.6,64019.3,64028.1
1782053100000,64028.1,64028.2,63981.5,63992.9
1782053280000,63992.9,64048.7,63992.9,64030.4
1782053460000,64030.4,64070.1,64030.3,64055.8
1782053640000,64055.8,64123.8,64055.7,64117.9
1782053820000,64117.9,64120.0,64094.0,64119.9
1782054000000,64119.9,64239.4,64081.5,64229.9
1782054180000,64229.9,64242.2,64180.9,64195.5
1782054360000,64195.5,64273.6,64137.7,64137.7
1782054540000,64137.7,64215.8,64137.7,64158.2
1782054720000,64158.2,64186.6,64153.7,64174.8
1782054900000,64174.8,64198.7,64172.6,64194.0
1782055080000,64194.0,64222.8,64170.9,64177.5
1782055260000,64177.5,64177.4,64159.7,64173.4
1782055440000,64173.4,64189.0,64154.5,64169.8
1782055620000,64169.8,64249.9,64164.4,64227.5
1782055800000,64227.5,64227.5,64170.4,64181.7
1782055980000,64181.7,64181.7,64166.0,64166.0
1782056160000,64166.0,64204.6,64166.0,64204.5
1782056340000,64204.5,64265.4,64204.5,64226.7
1782056520000,64226.7,64334.8,64226.7,64268.9
1782056700000,64268.9,64286.9,64248.0,64250.7
1782056880000,64250.7,64261.3,64220.1,64240.0
1782057060000,64240.0,64240.1,64208.7,64220.2
1782057240000,64220.2,64221.5,64190.9,64209.1
1782057420000,64209.1,64218.0,64191.3,64200.2
1782057600000,64200.2,64225.5,64156.2,64215.9
1782057780000,64215.9,64221.1,64155.0,64157.6
1782057960000,64157.6,64185.6,64153.4,64171.9
1782058140000,64171.9,64182.4,64117.9,64160.0
1782058320000,64160.0,64164.4,64075.1,64118.9
1782058500000,64118.9,64162.0,64087.5,64153.8
1782058680000,64153.8,64170.1,64149.8,64170.1
1782058860000,64170.1,64231.6,64161.0,64206.0
1782059040000,64206.0,64206.1,64190.5,64190.6
1782059220000,64190.6,64190.6,64150.0,64159.8
1782059400000,64159.8,64170.6,64125.3,64125.3
1782059580000,64125.3,64125.3,64027.0,64058.1
1782059760000,64058.1,64076.6,64020.0,64021.9
1782059940000,64021.9,64073.2,64013.0,64065.0
1782060120000,64065.0,64092.2,64065.0,64081.0
1782060300000,64081.0,64135.9,64078.4,64121.8
1782060480000,64121.8,64145.5,64115.4,64128.1
1782060660000,64128.1,64188.0,64128.0,64138.3
1782060840000,64138.3,64148.0,64115.0,64130.4
1782061020000,64130.4,64138.2,64109.3,64122.3
1782061200000,64122.3,64134.6,64089.5,64122.3
1782061380000,64122.3,64176.5,64122.3,64166.0
1782061560000,64166.0,64191.1,64155.2,64180.3
1782061740000,64180.3,64197.1,64170.9,64197.0
1782061920000,64197.0,64197.0,64175.1,64179.9
1782062100000,64179.9,64184.8,64150.2,64150.2
1782062280000,64150.2,64150.2,64135.5,64136.8
1782062460000,64136.8,64138.9,64115.8,64126.8
1782062640000,64126.8,64141.6,64115.0,64132.1
1782062820000,64132.1,64145.9,64075.6,64075.6
1782063000000,64075.6,64089.6,64050.0,64058.3
1782063180000,64058.3,64066.0,64048.1,64048.1
1782063360000,64048.1,64063.5,64047.0,64047.0
1782063540000,64047.0,64060.9,64046.2,64060.2
1782063720000,64060.2,64107.4,64060.2,64101.0
1782063900000,64101.0,64163.6,64101.0,64153.3
1782064080000,64153.3,64162.1,64146.2,64153.7
1782064260000,64153.7,64160.0,64147.3,64148.5
1782064440000,64148.5,64156.3,64141.4,64156.3
1782064620000,64156.3,64156.2,64114.6,64114.7
1782064800000,64114.7,64133.8,63986.5,63991.9
1782064980000,63991.9,63994.0,63931.5,63938.9
1782065160000,63938.9,64027.8,63912.5,63995.5
1782065340000,63995.5,64003.8,63958.6,63974.1
1782065520000,63974.1,63985.2,63972.3,63979.5
1782065700000,63979.5,64008.9,63975.0,63990.9
1782065880000,63990.9,63996.4,63979.9,63991.5
1782066060000,63991.5,64016.7,63991.4,63996.2
1782066240000,63996.2,64028.3,63996.1,64028.2
1782066420000,64028.2,64037.1,64011.5,64014.4
1782066600000,64014.4,64179.0,64006.9,64128.0
1782066780000,64128.0,64152.4,64102.4,64142.4
1782066960000,64142.4,64171.2,64112.5,64171.2
1782067140000,64171.2,64216.8,64167.0,64167.0
1782067320000,64167.0,64167.1,64132.2,64153.2
1782067500000,64153.2,64187.5,64117.9,64160.5
1782067680000,64160.5,64187.9,64122.1,64154.9
1782067860000,64154.9,64155.0,64109.9,64109.9
1782068040000,64109.9,64169.8,64109.9,64150.4
1782068220000,64150.4,64180.1,64133.2,64180.0
1782068400000,64180.0,64278.6,64169.2,64240.3
1782068580000,64240.3,64240.4,64151.3,64162.4
1782068760000,64162.4,64162.4,64138.2,64148.2
1782068940000,64148.2,64194.5,64135.1,64189.5
1782069120000,64189.5,64208.0,64175.6,64195.0
1782069300000,64195.0,64194.9,64165.8,64165.8
1782069480000,64165.8,64203.9,64165.7,64180.6
1782069660000,64180.6,64188.6,64173.6,64185.4
1782069840000,64185.4,64210.0,64180.7,64209.9
1782070020000,64209.9,64214.7,64180.8,64195.2
1782070200000,64195.2,64214.9,64191.1,64191.2
1782070380000,64191.2,64212.6,64145.1,64163.3
1782070560000,64163.3,64186.5,64163.3,64181.5
1782070740000,64181.5,64194.5,64176.8,64182.2
1782070920000,64182.2,64207.5,64177.3,64185.6
1782071100000,64185.6,64189.2,64150.5,64155.9
1782071280000,64155.9,64203.4,64155.9,64197.7
1782071460000,64197.7,64203.1,64179.6,64188.2
1782071640000,64188.2,64204.2,64188.1,64197.6
1782071820000,64197.6,64197.6,64173.6,64173.6
1782072000000,64173.6,64189.7,64161.4,64161.5
1782072180000,64161.5,64216.4,64150.0,64216.3
1782072360000,64216.3,64243.4,64216.3,64234.2
1782072540000,64234.2,64234.1,64138.8,64142.9
1782072720000,64142.9,64142.8,64103.9,64139.6
1782072900000,64139.6,64142.5,64103.5,64107.2
1782073080000,64107.2,64107.3,64030.1,64060.8
1782073260000,64060.8,64093.3,64055.4,64093.3
1782073440000,64093.3,64104.5,64066.6,64070.1
1782073620000,64070.1,64089.2,64070.0,64088.6
1782073800000,64088.6,64106.9,64051.4,64055.5
1782073980000,64055.5,64055.5,64011.8,64038.5
1782074160000,64038.5,64038.5,64010.2,64014.3
1782074340000,64014.3,64014.4,63933.9,63933.9
1782074520000,63933.9,63980.4,63933.9,63949.9
1782074700000,63949.9,63954.7,63758.1,63758.1
1782074880000,63758.1,63800.0,63670.6,63717.2
1782075060000,63717.2,63776.7,63678.3,63776.7
1782075240000,63776.7,63833.8,63758.9,63758.9
1782075420000,63758.9,63819.4,63735.1,63819.4
1782075600000,63819.4,63849.8,63794.7,63795.3
1782075780000,63795.3,63817.3,63780.0,63785.5
1782075960000,63785.5,63790.8,63709.1,63712.1
1782076140000,63712.1,63727.0,63500.1,63558.5
1782076320000,63558.5,63641.8,63558.5,63601.6
1782076500000,63601.6,63665.7,63560.0,63560.1
1782076680000,63560.1,63663.2,63480.0,63663.1
1782076860000,63663.1,63761.6,63646.2,63745.1
1782077040000,63745.1,63745.2,63604.4,63689.4
1782077220000,63689.4,63713.1,63655.4,63668.1
1782077400000,63668.1,63759.6,63668.1,63759.5
1782077580000,63759.5,63791.5,63741.0,63758.9
1782077760000,63758.9,63798.6,63690.3,63798.6
1782077940000,63798.6,63943.7,63796.0,63926.5
1782078120000,63926.5,63922.3,63845.0,63864.0
1782078300000,63864.0,63870.6,63803.4,63829.9
1782078480000,63829.9,63904.4,63812.2,63826.7
1782078660000,63826.7,63836.8,63747.8,63833.0
1782078840000,63833.0,63833.0,63751.3,63769.0
1782079020000,63769.0,63798.2,63755.8,63778.1
1782079200000,63778.1,63778.4,63628.6,63774.9
1782079380000,63774.9,63832.7,63732.1,63760.0
1782079560000,63760.0,63760.0,63656.5,63665.3
1782079740000,63665.3,63669.2,63560.0,63568.3
1782079920000,63568.3,63612.6,63543.0,63609.0
1782080100000,63609.0,63711.1,63606.3,63711.0
1782080280000,63711.0,63733.3,63633.5,63680.3
1782080460000,63680.3,63754.9,63686.3,63724.5
1782080640000,63724.5,63730.0,63680.1,63725.9
1782080820000,63725.9,63750.0,63682.8,63704.9
1782081000000,63704.9,63700.8,63552.4,63668.8
1782081180000,63668.8,63665.1,63555.4,63588.5
1782081360000,63588.5,63609.7,63583.4,63590.0
1782081540000,63590.0,63662.8,63576.7,63646.0
1782081720000,63646.0,63665.9,63631.8,63648.7
1782081900000,63648.7,63680.0,63633.0,63662.8
1782082080000,63662.8,63716.3,63654.4,63714.9
1782082260000,63714.9,63783.6,63700.0,63764.5
1782082440000,63764.5,63840.0,63756.0,63772.9
1782082620000,63772.9,63780.1,63768.8,63775.2
1782082800000,63775.2,63775.3,63590.2,63652.9
1782082980000,63652.9,63709.5,63626.5,63688.1
1782083160000,63688.1,63710.0,63665.6,63702.1
1782083340000,63702.1,63741.9,63669.1,63709.1
1782083520000,63709.1,63740.0,63658.0,63683.2
1782083700000,63683.2,63716.9,63643.8,63710.0
1782083880000,63710.0,63753.9,63680.3,63745.4
1782084060000,63745.4,63766.1,63694.3,63758.1
1782084240000,63758.1,63767.2,63710.6,63710.6
1782084420000,63710.6,63714.7,63598.5,63604.1
1782084600000,63604.1,63631.8,63380.0,63416.7
1782084780000,63416.7,63428.1,63301.5,63343.1
1782084960000,63343.1,63388.5,63265.5,63371.0
1782085140000,63371.0,63388.8,63306.0,63352.7
1782085320000,63352.7,63374.3,63266.2,63295.2
1782085500000,63295.2,63330.0,63236.0,63330.0
1782085680000,63330.0,63362.0,63300.1,63350.1
1782085860000,63350.1,63356.3,63285.8,63320.6
1782086040000,63320.6,63329.9,63256.6,63310.1
1782086220000,63310.1,63310.1,63261.7,63287.1
1782086400000,63287.1,63438.6,63286.2,63375.4
1782086580000,63375.4,63476.8,63354.3,63457.2
1782086760000,63457.2,63509.1,63442.5,63491.9
1782086940000,63491.9,63569.4,63427.3,63433.2
1782087120000,63433.2,63487.9,63402.9,63482.3
1782087300000,63482.3,63571.4,63471.7,63565.9
1782087480000,63565.9,63737.8,63565.8,63643.7
1782087660000,63643.7,63649.9,63517.8,63548.3
1782087840000,63548.3,63680.6,63548.2,63680.6
1782088020000,63680.6,63699.0,63651.0,63698.9
1782088200000,63698.9,63792.3,63667.1,63772.9
1782088380000,63772.9,63778.6,63700.1,63743.6
1782088560000,63743.6,64075.4,63743.5,63941.9
1782088740000,63941.9,63988.7,63909.3,63959.7
1782088920000,63959.7,63963.2,63876.5,63885.4
1782089100000,63885.4,63978.5,63839.8,63921.4
1782089280000,63921.4,63921.4,63707.7,63735.0
1782089460000,63735.0,63786.5,63702.2,63773.8
1782089640000,63773.8,63823.3,63763.0,63810.1
1782089820000,63810.1,63904.2,63810.0,63861.1
1782090000000,63861.1,63983.3,63861.1,63983.3
1782090180000,63983.3,64030.4,63867.7,63894.9
1782090360000,63894.9,63987.6,63881.4,63923.7
1782090540000,63923.7,63923.7,63849.2,63887.2
1782090720000,63887.2,63887.2,63822.4,63864.7
1782090900000,63864.7,64021.9,63864.7,64021.9
1782091080000,64021.9,64144.0,64021.9,64078.9
1782091260000,64078.9,64415.5,64049.9,64404.7
1782091440000,64404.7,64788.0,64286.4,64704.6
1782091620000,64704.6,64749.9,64552.6,64618.5
1782091800000,64618.5,64688.0,64555.8,64561.1
1782091980000,64561.1,64568.2,64418.9,64443.9
1782092160000,64443.9,64467.1,64339.9,64446.5
1782092340000,64446.5,64613.2,64443.9,64598.5
1782092520000,64598.5,64598.6,64423.2,64484.1
1782092700000,64484.1,64530.9,64446.7,64466.4
1782092880000,64466.4,64615.4,64466.4,64569.6
1782093060000,64569.6,64631.2,64528.3,64596.1
1782093240000,64596.1,64666.6,64569.4,64602.7
1782093420000,64602.7,64635.9,64529.0,64574.4
1782093600000,64574.4,64641.2,64468.3,64500.1
1782093780000,64500.1,64573.0,64500.1,64554.1
1782093960000,64554.1,64554.2,64497.2,64518.0
1782094140000,64518.0,64535.6,64476.1,64526.5
1782094320000,64526.5,64559.7,64505.7,64519.9
1782094500000,64519.9,64585.7,64477.7,64582.0
1782094680000,64582.0,64615.9,64546.8,64550.0
1782094860000,64550.0,64548.5,64482.0,64508.6
1782095040000,64508.6,64545.2,64493.2,64496.0
1782095220000,64496.0,64570.3,64477.0,64510.1
1782095400000,64510.1,64532.1,64488.0,64525.2
1782095580000,64525.2,64537.8,64433.0,64441.4
1782095760000,64441.4,64521.4,64435.4,64492.8
1782095940000,64492.8,64555.0,64485.2,64515.5
1782096120000,64515.5,64525.8,64460.0,64460.2
1782096300000,64460.2,64470.0,64400.6,64402.7
1782096480000,64402.7,64419.9,64257.9,64262.0
1782096660000,64262.0,64308.7,64240.0,64251.3
1782096840000,64251.3,64300.0,64236.5,64266.3
1782097020000,64266.3,64270.0,64213.8,64226.5
1782097200000,64226.5,64228.5,63857.1,64079.9
1782097380000,64079.9,64135.0,64050.1,64095.2
1782097560000,64095.2,64095.2,63965.0,63993.7
1782097740000,63993.7,64050.5,63990.0,64034.2
1782097920000,64034.2,64121.1,64016.8,64017.1
1782098100000,64017.1,64217.3,64017.1,64185.9
1782098280000,64185.9,64308.4,64186.0,64260.3
1782098460000,64260.3,64302.9,64209.1,64294.7
1782098640000,64294.7,64434.6,64258.2,64263.2
1782098820000,64263.2,64288.9,64203.3,64255.1
1782099000000,64255.1,64412.4,64247.7,64345.9
1782099180000,64345.9,64346.1,64208.1,64232.8
1782099360000,64232.8,64235.0,64156.1,64218.8
1782099540000,64218.8,64227.4,64192.0,64196.1
1782099720000,64196.1,64196.1,64130.0,64147.7
1782099900000,64147.7,64163.2,64081.1,64109.9
1782100080000,64109.9,64180.0,64083.3,64091.3
1782100260000,64091.3,64118.5,64062.4,64102.4
1782100440000,64102.4,64108.7,63882.7,63882.9
1782100620000,63882.9,63962.3,63882.8,63935.0
1782100800000,63935.0,63954.0,63833.5,63904.1
1782100980000,63904.1,63980.0,63858.4,63920.5
1782101160000,63920.5,63950.0,63888.0,63924.0
1782101340000,63924.0,63950.0,63908.0,63941.3
1782101520000,63941.3,63985.1,63929.5,63935.2
1782101700000,63935.2,63983.8,63923.1,63951.2
1782101880000,63951.2,63972.6,63866.5,63936.0
1782102060000,63936.0,63981.1,63915.1,63955.4
1782102240000,63955.4,63999.0,63920.0,63924.1
1782102420000,63924.1,63947.2,63899.2,63935.5
1782102600000,63935.5,63990.6,63935.5,63968.2
1782102780000,63968.2,63996.4,63950.7,63987.9
1782102960000,63987.9,64031.2,63970.2,63987.2
1782103140000,63987.2,63987.2,63928.5,63928.5
1782103320000,63928.5,63982.8,63920.0,63927.7
1782103500000,63927.7,64042.7,63921.2,64035.3
1782103680000,64035.3,64056.6,64016.1,64044.9
1782103860000,64044.9,64058.3,64004.3,64021.3
1782104040000,64021.3,64061.0,64025.6,64040.3
1782104220000,64040.3,64085.4,64040.3,64063.6
1782104400000,64063.6,64091.5,64050.7,64062.7
1782104580000,64062.7,64076.6,64055.4,64075.7
1782104760000,64075.7,64211.4,64061.2,64192.8
1782104940000,64192.8,64251.3,64180.0,64241.6
1782105120000,64241.6,64263.1,64202.8,64253.8
1782105300000,64253.8,64253.8,64200.1,64206.1
1782105480000,64206.1,64254.7,64202.7,64223.3
1782105660000,64223.3,64247.8,64206.8,64208.1
1782105840000,64208.1,64224.2,64173.0,64189.9
1782106020000,64189.9,64236.8,64190.0,64209.4
1782106200000,64209.4,64220.8,64143.5,64195.9
1782106380000,64195.9,64249.2,64184.9,64195.3
1782106560000,64195.3,64242.4,64189.7,64221.7
1782106740000,64221.7,64311.8,64200.2,64287.7
1782106920000,64287.7,64291.1,64230.8,64236.5
1782107100000,64236.5,64238.8,64185.5,64198.7
1782107280000,64198.7,64229.2,64159.7,64172.8
1782107460000,64172.8,64174.6,64149.5,64163.9
1782107640000,64163.9,64190.2,64161.4,64190.1
1782107820000,64190.1,64219.5,64187.2,64219.4
1782108000000,64219.4,64239.0,64157.7,64170.6
1782108180000,64170.6,64180.0,64133.5,64152.5
1782108360000,64152.5,64196.0,64113.0,64195.9
1782108540000,64195.9,64299.0,64188.4,64211.5
1782108720000,64211.5,64211.2,64184.6,64190.6
1782108900000,64190.6,64205.1,64157.3,64157.3
1782109080000,64157.3,64155.1,64087.7,64118.6
1782109260000,64118.6,64118.7,64045.8,64054.7
1782109440000,64054.7,64135.1,64054.6,64058.5
1782109620000,64058.5,64095.5,64058.4,64093.9
1782109800000,64093.9,64123.1,64036.7,64105.5
1782109980000,64105.5,64105.6,63976.3,63986.8
1782110160000,63986.8,64049.9,63967.4,64045.6
1782110340000,64045.6,64045.7,64020.7,64029.2
1782110520000,64029.2,64033.9,63978.0,63978.1
1782110700000,63978.1,64021.3,63967.1,64005.2
1782110880000,64005.2,64001.1,63954.1,63962.4
1782111060000,63962.4,63962.4,63912.8,63931.4
1782111240000,63931.4,63977.2,63931.3,63963.5
1782111420000,63963.5,64000.3,63960.6,63960.7
1782111600000,63960.7,63986.9,63931.0,63978.2
1782111780000,63978.2,64104.3,63978.2,64078.1
1782111960000,64078.1,64112.0,64027.8,64083.1
1782112140000,64083.1,64172.0,64061.9,64141.1
1782112320000,64141.1,64230.1,64118.6,64184.8
1782112500000,64184.8,64235.0,64170.7,64217.1
1782112680000,64217.1,64230.2,64180.4,64209.7
1782112860000,64209.7,64278.7,64209.7,64225.0
1782113040000,64225.0,64269.9,64205.6,64254.9
1782113220000,64254.9,64262.7,64207.8,64232.6
1782113400000,64232.6,64378.4,64215.4,64309.6
1782113580000,64309.6,64309.6,64250.3,64275.9
1782113760000,64275.9,64338.2,64275.9,64313.4
1782113940000,64313.4,64317.8,64278.5,64278.5
1782114120000,64278.5,64278.6,64223.9,64228.3
1782114300000,64228.3,64248.7,64221.1,64237.2
1782114480000,64237.2,64247.1,64218.0,64218.1
1782114660000,64218.1,64248.9,64158.5,64158.6
1782114840000,64158.6,64196.1,64137.2,64169.0
1782115020000,64169.0,64191.8,64168.8,64187.9
1782115200000,64187.9,64207.8,64126.3,64127.5
1782115380000,64127.5,64154.8,64080.0,64099.9
1782115560000,64099.9,64174.9,64088.1,64151.4
1782115740000,64151.4,64273.8,64151.3,64192.5
1782115920000,64192.5,64295.6,64192.4,64295.5
1782116100000,64295.5,64295.6,64220.2,64237.7
1782116280000,64237.7,64297.7,64223.9,64297.7
1782116460000,64297.7,64332.4,64246.8,64246.9
1782116640000,64246.9,64259.7,64229.4,64235.6
1782116820000,64235.6,64242.9,64163.9,64168.7
1782117000000,64168.7,64218.6,64141.7,64194.7
1782117180000,64194.7,64194.7,64103.6,64108.1
1782117360000,64108.1,64112.5,64035.7,64035.8
1782117540000,64035.8,64135.8,64014.9,64120.3
1782117720000,64120.3,64242.8,64120.2,64235.4
1782117900000,64235.4,64265.0,64099.9,64107.5
1782118080000,64107.5,64156.7,64071.4,64139.3
1782118260000,64139.3,64142.4,64110.6,64119.3
1782118440000,64119.3,64127.8,64095.6,64126.3
1782118620000,64126.3,64146.5,64115.2,64136.5
1782118800000,64136.5,64174.9,64120.0,64137.5
1782118980000,64137.5,64232.6,64137.5,64200.7
1782119160000,64200.7,64208.0,64115.0,64162.6
1782119340000,64162.6,64170.6,64134.8,64166.6
1782119520000,64166.6,64193.5,64147.3,64157.9
1782119700000,64157.9,64174.0,64128.7,64151.9
1782119880000,64151.9,64165.0,64111.0,64115.8
1782120060000,64115.8,64137.7,64101.4,64124.5
1782120240000,64124.5,64124.5,64084.0,64087.0
1782120420000,64087.0,64097.6,64066.0,64086.7
1782120600000,64086.7,64100.0,64065.1,64099.9
1782120780000,64099.9,64160.9,64080.1,64087.8
1782120960000,64087.8,64108.0,64052.1,64052.2
1782121140000,64052.2,64066.0,64019.0,64050.1
1782121320000,64050.1,64098.7,64050.1,64094.8
1782121500000,64094.8,64098.7,64059.3,64084.9
1782121680000,64084.9,64115.4,64073.5,64096.4
1782121860000,64096.4,64109.9,64080.2,64106.0
1782122040000,64106.0,64119.1,64101.8,64102.1
1782122220000,64102.1,64119.2,64088.1,64116.1
1782122400000,64116.1,64169.0,64095.8,64161.5
1782122580000,64161.5,64186.8,64144.5,64175.3
1782122760000,64175.3,64250.0,64170.0,64229.7
1782122940000,64229.7,64240.0,64195.8,64213.3
1782123120000,64213.3,64216.7,64182.2,64186.9
1782123300000,64186.9,64215.1,64166.6,64190.6
1782123480000,64190.6,64190.6,64131.6,64140.2
1782123660000,64140.2,64165.6,64115.8,64163.8
1782123840000,64163.8,64184.7,64139.2,64139.2
1782124020000,64139.2,64159.9,64139.2,64148.9
1782124200000,64148.9,64184.2,64123.6,64151.5
1782124380000,64151.5,64151.5,64124.8,64136.0
1782124560000,64136.0,64130.8,64095.4,64095.5
1782124740000,64095.5,64099.3,64068.9,64068.9
1782124920000,64068.9,64078.9,64044.1,64055.1
1782125100000,64055.1,64114.0,64055.1,64092.6
1782125280000,64092.6,64144.8,64092.5,64144.8
1782125460000,64144.8,64147.7,64125.2,64141.5
1782125640000,64141.5,64145.1,64128.1,64130.8
1782125820000,64130.8,64128.2,64100.0,64109.9
1782126000000,64109.9,64114.2,64064.6,64098.5
1782126180000,64098.5,64295.0,64093.2,64284.0
1782126360000,64284.0,64379.3,64261.8,64286.5
1782126540000,64286.5,64321.0,64203.6,64216.5
1782126720000,64216.5,64342.8,64216.4,64280.4
1782126900000,64280.4,64292.5,64200.1,64280.9
1782127080000,64280.9,64296.5,64241.8,64267.8
1782127260000,64267.8,64267.8,64198.9,64239.9
1782127440000,64239.9,64441.5,64221.2,64420.6
1782127620000,64420.6,64420.7,64337.1,64337.1
1782127800000,64337.1,64522.8,64337.1,64514.6
1782127980000,64514.6,64621.0,64512.9,64592.7
1782128160000,64592.7,64732.5,64592.6,64659.9
1782128340000,64659.9,64660.0,64560.1,64599.0
1782128520000,64599.0,64599.1,64533.1,64592.1
1782128700000,64592.1,64613.7,64542.0,64569.6
1782128880000,64569.6,64744.9,64563.5,64658.0
1782129060000,64658.0,64678.0,64598.3,64624.9
1782129240000,64624.9,64664.0,64581.5,64587.1
1782129420000,64587.1,64652.9,64587.0,64624.3
1782129600000,64624.3,64878.6,64545.7,64671.1
1782129780000,64671.1,64743.5,64662.6,64737.9
1782129960000,64737.9,64759.9,64684.6,64684.6
1782130140000,64684.6,64716.7,64666.0,64708.1
1782130320000,64708.1,64757.9,64708.0,64719.9
1782130500000,64719.9,64751.1,64667.3,64667.3
1782130680000,64667.3,64708.7,64661.6,64689.1
1782130860000,64689.1,64844.5,64689.0,64844.4
1782131040000,64844.4,64957.9,64839.7,64883.1
1782131220000,64883.1,64917.0,64873.3,64917.0
1782131400000,64917.0,64929.0,64805.8,64882.9
1782131580000,64882.9,64950.0,64860.3,64927.9
1782131760000,64927.9,65074.0,64916.5,65050.1
1782131940000,65050.1,65152.4,65050.0,65067.1
1782132120000,65067.1,65099.9,65014.2,65030.6
1782132300000,65030.6,65084.1,64955.1,65068.6
1782132480000,65068.6,65161.0,65068.5,65146.6
1782132660000,65146.6,65196.0,65100.1,65121.1
1782132840000,65121.1,65133.7,65049.5,65126.1
1782133020000,65126.1,65174.2,65099.1,65120.0
1782133200000,65120.0,65133.3,65027.7,65050.0
1782133380000,65050.0,65139.9,65050.0,65059.4
1782133560000,65059.4,65083.5,65004.6,65004.6
1782133740000,65004.6,65133.1,65003.0,65090.3
1782133920000,65090.3,65175.0,65090.2,65113.1
1782134100000,65113.1,65132.2,65064.3,65083.9
1782134280000,65083.9,65099.9,65021.8,65022.0
1782134460000,65022.0,65084.8,65016.5,65067.0
1782134640000,65067.0,65079.4,65021.1,65021.1
1782134820000,65021.1,65021.2,64917.1,64966.8
1782135000000,64966.8,65235.5,64944.8,65076.6
1782135180000,65076.6,65250.1,64964.6,65211.1
1782135360000,65211.1,65326.6,65195.0,65259.0
1782135540000,65259.0,65308.2,65181.5,65199.6
1782135720000,65199.6,65443.0,65199.6,65373.8
1782135900000,65373.8,65482.2,65333.0,65404.4
1782136080000,65404.4,65562.2,65376.4,65533.9
1782136260000,65533.9,65539.9,65450.1,65467.0
1782136440000,65467.0,65516.6,65444.6,65501.8
1782136620000,65501.8,65548.6,65479.4,65547.9
1782136800000,65547.9,65595.0,65375.0,65398.1
1782136980000,65398.1,65438.6,65359.3,65392.1
1782137160000,65392.1,65397.6,65289.1,65332.4
1782137340000,65332.4,65369.2,65250.0,65292.4
1782137520000,65292.4,65332.7,65251.3,65269.9
1782137700000,65269.9,65278.4,65135.4,65140.5
1782137880000,65140.5,65215.8,65093.0,65119.1
1782138060000,65119.1,65184.9,65062.3,65079.8
1782138240000,65079.8,65079.8,64979.4,65065.1
1782138420000,65065.1,65065.1,64937.5,64937.6
1782138600000,64937.6,64962.2,64855.0,64889.8
1782138780000,64889.8,65045.5,64880.0,65019.7
1782138960000,65019.7,65039.4,64823.9,64847.9
1782139140000,64847.9,64926.8,64831.9,64892.2
1782139320000,64892.2,64950.0,64871.7,64880.1
1782139500000,64880.1,64940.6,64830.1,64850.1
1782139680000,64850.1,65021.9,64812.3,64986.0
1782139860000,64986.0,65014.2,64940.1,64950.5
1782140040000,64950.5,64968.8,64804.5,64849.8
1782140220000,64849.8,64975.9,64849.7,64943.0
1782140400000,64943.0,65077.6,64943.1,65077.5
1782140580000,65077.5,65117.2,64933.4,64970.5
1782140760000,64970.5,64998.6,64880.0,64998.5
1782140940000,64998.5,65047.7,64964.4,65040.3
1782141120000,65040.3,65089.8,65030.2,65053.9
1782141300000,65053.9,65086.8,64951.0,64974.1
1782141480000,64974.1,65015.9,64900.0,64941.1
1782141660000,64941.1,64976.6,64925.7,64976.5
1782141840000,64976.5,65039.9,64952.4,65022.4
1782142020000,65022.4,65058.7,64969.6,65022.1
1782142200000,65022.1,65043.5,64986.9,65012.3
1782142380000,65012.3,65090.6,64992.7,65065.0
1782142560000,65065.0,65098.5,64990.2,64993.6
1782142740000,64993.6,65047.2,64990.2,65040.7
1782142920000,65040.7,65071.2,65026.5,65034.6
1782143100000,65034.6,65047.9,64981.9,65000.5
1782143280000,65000.5,65020.6,64819.8,64830.8
1782143460000,64830.8,64865.9,64770.0,64836.8
1782143640000,64836.8,64859.1,64722.2,64722.2
1782143820000,64722.2,64813.7,64722.2,64807.9
1782144000000,64807.9,64833.3,64660.8,64704.7
1782144180000,64704.7,64732.6,64661.8,64680.6
1782144360000,64680.6,64715.0,64625.1,64665.2
1782144540000,64665.2,64747.9,64632.0,64680.1
1782144720000,64680.1,64728.2,64680.0,64705.7
1782144900000,64705.7,64714.9,64609.4,64694.8
1782145080000,64694.8,64766.9,64692.8,64730.5
1782145260000,64730.5,64766.9,64700.5,64730.3
1782145440000,64730.3,64734.4,64632.1,64636.1
1782145620000,64636.1,64683.4,64632.1,64661.5
1782145800000,64661.5,64669.8,64620.3,64629.5
1782145980000,64629.5,64651.6,64557.1,64559.0
1782146160000,64559.0,64650.0,64559.0,64595.8
1782146340000,64595.8,64619.1,64515.3,64550.9
1782146520000,64550.9,64571.1,64516.7,64555.1
1782146700000,64555.1,64621.1,64476.7,64597.0
1782146880000,64597.0,64637.2,64551.5,64637.2
1782147060000,64637.2,64718.7,64591.9,64718.7
1782147240000,64718.7,64754.6,64712.9,64740.1
1782147420000,64740.1,64779.2,64689.8,64695.8
1782147600000,64695.8,64703.4,64629.9,64674.8
1782147780000,64674.8,64746.4,64666.1,64666.2
1782147960000,64666.2,64666.2,64600.0,64654.8
1782148140000,64654.8,64663.7,64615.0,64642.1
1782148320000,64642.1,64670.8,64631.7,64652.9
1782148500000,64652.9,64676.3,64615.5,64619.6
1782148680000,64619.6,64630.2,64573.5,64583.8
1782148860000,64583.8,64583.7,64507.0,64556.5
1782149040000,64556.5,64569.0,64512.0,64549.2
1782149220000,64549.2,64570.1,64501.8,64504.6
1782149400000,64504.6,64504.6,64355.0,64410.6
1782149580000,64410.6,64448.5,64380.1,64380.4
1782149760000,64380.4,64477.6,64358.2,64450.6
1782149940000,64450.6,64459.0,64400.0,64400.1
1782150120000,64400.1,64455.7,64374.7,64399.2
1782150300000,64399.2,64477.6,64399.2,64435.2
1782150480000,64435.2,64504.4,64417.8,64482.5
1782150660000,64482.5,64587.7,64477.8,64567.3
1782150840000,64567.3,64624.5,64567.2,64611.4
1782151020000,64611.4,64624.7,64580.5,64580.6
1782151200000,64580.6,64664.4,64580.5,64650.4
1782151380000,64650.4,64684.0,64634.6,64675.4
1782151560000,64675.4,64708.0,64642.7,64676.3
1782151740000,64676.3,64676.3,64620.5,64643.0
1782151920000,64643.0,64660.4,64640.5,64650.1
1782152100000,64650.1,64695.4,64650.1,64654.0
1782152280000,64654.0,64676.1,64614.3,64625.1
1782152460000,64625.1,64670.7,64618.0,64670.6
1782152640000,64670.6,64665.9,64565.5,64575.0
1782152820000,64575.0,64597.0,64548.3,64578.3
1782153000000,64578.3,64596.6,64548.0,64578.0
1782153180000,64578.0,64599.9,64545.9,64556.5
1782153360000,64556.5,64593.8,64515.5,64515.5
1782153540000,64515.5,64536.7,64494.0,64502.4
1782153720000,64502.4,64513.3,64479.0,64491.1
1782153900000,64491.1,64500.0,64346.2,64432.1
1782154080000,64432.1,64462.0,64430.4,64431.0
1782154260000,64431.0,64431.1,64360.0,64390.1
1782154440000,64390.1,64394.8,64272.3,64331.2
1782154620000,64331.2,64354.9,64290.0,64312.9
1782154800000,64312.9,64367.3,64301.9,64350.8
1782154980000,64350.8,64370.0,64295.7,64351.6
1782155160000,64351.6,64351.7,64278.5,64278.5
1782155340000,64278.5,64353.4,64278.4,64336.4
1782155520000,64336.4,64397.2,64330.6,64382.7
1782155700000,64382.7,64389.9,64305.9,64349.1
1782155880000,64349.1,64412.1,64339.2,64396.8
1782156060000,64396.8,64400.0,64330.3,64363.4
1782156240000,64363.4,64363.4,64265.6,64277.5
1782156420000,64277.5,64340.7,64277.6,64323.7
1782156600000,64323.7,64391.9,64320.1,64386.1
1782156780000,64386.1,64411.0,64359.6,64361.8
1782156960000,64361.8,64425.6,64361.7,64414.7
1782157140000,64414.7,64426.9,64370.1,64391.8
1782157320000,64391.8,64400.0,64374.5,64374.6
1782157500000,64374.6,64378.2,64247.3,64323.2
1782157680000,64323.2,64407.9,64288.2,64390.7
1782157860000,64390.7,64443.8,64358.9,64438.3
1782158040000,64438.3,64461.9,64406.0,64420.8
1782158220000,64420.8,64475.8,64420.8,64428.4
1782158400000,64428.4,64572.9,64428.4,64556.2
1782158580000,64556.2,64628.3,64538.7,64626.5
1782158760000,64626.5,64637.1,64478.2,64528.1
1782158940000,64528.1,64528.0,64443.2,64470.5
1782159120000,64470.5,64509.8,64470.4,64496.2
1782159300000,64496.2,64519.1,64463.5,64464.2
1782159480000,64464.2,64490.0,64450.5,64457.1
1782159660000,64457.1,64457.1,64422.5,64429.3
1782159840000,64429.3,64429.3,64355.6,64361.3
1782160020000,64361.3,64382.5,64326.0,64382.5
1782160200000,64382.5,64438.9,64382.4,64433.5
1782160380000,64433.5,64437.5,64382.4,64399.0
1782160560000,64399.0,64472.6,64386.0,64454.1
1782160740000,64454.1,64474.6,64448.4,64468.8
1782160920000,64468.8,64468.9,64457.4,64457.5
1782161100000,64457.5,64457.4,64422.6,64427.1
1782161280000,64427.1,64446.5,64413.5,64413.6
1782161460000,64413.6,64417.9,64364.4,64392.6
1782161640000,64392.6,64412.9,64392.6,64410.6
1782161820000,64410.6,64410.6,64395.0,64409.8
1782162000000,64409.8,64461.0,64404.2,64437.2
1782162180000,64437.2,64446.2,64396.0,64406.1
1782162360000,64406.1,64406.1,64368.2,64368.3
1782162540000,64368.3,64369.0,64350.0,64353.9
1782162720000,64353.9,64380.8,64318.9,64371.8
1782162900000,64371.8,64371.9,64308.4,64357.3
1782163080000,64357.3,64357.3,64319.4,64319.5
1782163260000,64319.5,64321.0,64225.0,64237.6
1782163440000,64237.6,64285.4,64220.0,64285.4
1782163620000,64285.4,64285.4,64262.3,64273.0
1782163800000,64273.0,64273.0,64251.4,64259.1
1782163980000,64259.1,64286.9,64256.9,64274.5
1782164160000,64274.5,64304.4,64221.6,64221.7
1782164340000,64221.7,64221.7,64115.0,64190.2
1782164520000,64190.2,64199.4,64155.5,64155.7
1782164700000,64155.7,64221.0,64139.3,64206.4
1782164880000,64206.4,64250.4,64196.3,64250.4
1782165060000,64250.4,64250.4,64199.3,64213.5
1782165240000,64213.5,64259.3,64211.0,64250.1
1782165420000,64250.1,64291.0,64250.0,64290.9
1782165600000,64290.9,64370.8,64273.8,64365.9
1782165780000,64365.9,64370.6,64322.2,64337.3
1782165960000,64337.3,64337.4,64233.6,64268.2
1782166140000,64268.2,64325.7,64268.1,64314.2
1782166320000,64314.2,64327.7,64273.6,64273.6
1782166500000,64273.6,64285.2,64242.3,64247.8
1782166680000,64247.8,64252.7,64160.0,64169.9
1782166860000,64169.9,64243.0,64169.9,64227.0
1782167040000,64227.0,64227.1,64123.0,64123.0
1782167220000,64123.0,64129.8,63869.0,64006.2
1782167400000,64006.2,64011.6,63910.0,63996.9
1782167580000,63996.9,64111.6,63981.5,64043.3
1782167760000,64043.3,64043.3,63820.5,63891.8
1782167940000,63891.8,63924.6,63854.1,63924.6
1782168120000,63924.6,63950.7,63770.4,63817.5
1782168300000,63817.5,63893.1,63800.1,63891.7
1782168480000,63891.7,63934.4,63860.0,63923.4
1782168660000,63923.4,63950.0,63890.0,63930.8
1782168840000,63930.8,63976.7,63930.7,63970.0
1782169020000,63970.0,63970.0,63884.0,63948.5
1782169200000,63948.5,63975.0,63864.7,63973.2
1782169380000,63973.2,63973.7,63890.0,63924.2
1782169560000,63924.2,63989.4,63913.7,63979.1
1782169740000,63979.1,63989.4,63943.5,63958.8
1782169920000,63958.8,63980.6,63905.3,63908.4
1782170100000,63908.4,63921.0,63860.0,63866.1
1782170280000,63866.1,63909.3,63850.1,63900.6
1782170460000,63900.6,63991.1,63900.5,63972.0
1782170640000,63972.0,63997.9,63940.0,63997.9
1782170820000,63997.9,64029.3,63994.4,64012.2
1782171000000,64012.2,64012.2,63950.0,63957.1
1782171180000,63957.1,63971.2,63921.9,63952.5
1782171360000,63952.5,64009.0,63937.2,63968.7
1782171540000,63968.7,64000.2,63965.6,63972.2
1782171720000,63972.2,63978.7,63949.9,63959.0
1782171900000,63959.0,63984.5,63930.6,63944.0
1782172080000,63944.0,63960.0,63920.5,63928.1
1782172260000,63928.1,63996.5,63919.7,63996.4
1782172440000,63996.4,64019.4,63984.3,64008.8
1782172620000,64008.8,64009.0,63984.3,63990.2
1782172800000,63990.2,63990.2,63930.0,63957.4
1782172980000,63957.4,64004.2,63942.5,63992.3
1782173160000,63992.3,64000.0,63900.0,63900.1
1782173340000,63900.1,63925.0,63889.0,63891.5
1782173520000,63891.5,63931.3,63862.7,63931.1
1782173700000,63931.1,63981.2,63890.1,63903.7
1782173880000,63903.7,63907.5,63838.9,63839.0
1782174060000,63839.0,63870.5,63820.0,63846.1
1782174240000,63846.1,63866.0,63825.8,63840.9
1782174420000,63840.9,63874.9,63803.2,63831.3
1782174600000,63831.3,63965.7,63831.2,63962.9
1782174780000,63962.9,63993.6,63954.2,63955.2
1782174960000,63955.2,63980.0,63930.7,63980.0
1782175140000,63980.0,63996.8,63960.8,63994.4
1782175320000,63994.4,64086.2,63987.4,64078.3
1782175500000,64078.3,64087.4,64020.0,64025.7
1782175680000,64025.7,64082.5,64016.4,64073.6
1782175860000,64073.6,64090.3,64063.0,64090.3
1782176040000,64090.3,64130.0,64056.1,64070.1
1782176220000,64070.1,64119.9,64050.0,64119.4
1782176400000,64119.4,64242.4,64100.0,64153.6
1782176580000,64153.6,64183.2,64145.8,64158.9
1782176760000,64158.9,64205.6,64135.0,64184.5
1782176940000,64184.5,64225.8,64157.6,64219.9
1782177120000,64219.9,64225.8,64178.3,64179.9
1782177300000,64179.9,64193.0,64168.9,64184.8
1782177480000,64184.8,64173.1,64129.3,64147.8
1782177660000,64147.8,64234.9,64144.2,64144.9
1782177840000,64144.9,64170.9,64110.8,64149.4
1782178020000,64149.4,64172.9,64121.0,64172.9
1782178200000,64172.9,64205.3,64135.2,64200.0
1782178380000,64200.0,64209.5,64036.8,64036.9
1782178560000,64036.9,64034.4,63968.0,63999.9
1782178740000,63999.9,64073.7,63993.4,64054.1
1782178920000,64054.1,64074.6,64017.1,64026.3
1782179100000,64026.3,64026.4,63910.0,63924.0
1782179280000,63924.0,63945.8,63858.0,63877.7
1782179460000,63877.7,64028.2,63877.7,64022.4
1782179640000,64022.4,64109.2,64008.0,64105.8
1782179820000,64105.8,64151.2,64100.0,64125.1
1782180000000,64125.1,64158.7,64093.0,64125.1
1782180180000,64125.1,64132.7,64081.9,64086.1
1782180360000,64086.1,64124.0,64056.6,64058.9
1782180540000,64058.9,64068.5,64005.5,64031.5
1782180720000,64031.5,64100.0,64031.5,64086.1
1782180900000,64086.1,64174.6,64086.1,64150.0
1782181080000,64150.0,64168.0,64132.2,64161.4
1782181260000,64161.4,64177.0,64132.3,64132.3
1782181440000,64132.3,64182.0,64133.2,64182.0
1782181620000,64182.0,64196.9,64137.6,64137.7
1782181800000,64137.7,64169.6,64124.6,64162.3
1782181980000,64162.3,64196.9,64149.0,64162.2
1782182160000,64162.2,64188.2,64150.0,64166.9
1782182340000,64166.9,64182.5,64154.4,64182.5
1782182520000,64182.5,64221.7,64170.9,64170.9
1782182700000,64170.9,64170.9,64128.0,64150.4
1782182880000,64150.4,64183.3,64138.0,64183.3
1782183060000,64183.3,64223.4,64183.2,64205.5
1782183240000,64205.5,64216.1,64190.0,64216.1
1782183420000,64216.1,64242.9,64165.8,64165.9
1782183600000,64165.9,64172.3,64041.0,64047.6
1782183780000,64047.6,64061.8,63972.3,63994.4
1782183960000,63994.4,64023.4,63949.8,63973.7
1782184140000,63973.7,63973.7,63935.6,63946.8
1782184320000,63946.8,63990.3,63933.4,63990.3
1782184500000,63990.3,64041.6,63980.2,64040.0
1782184680000,64040.0,64059.9,63990.4,64008.6
1782184860000,64008.6,64023.9,63980.3,63993.2
1782185040000,63993.2,64062.2,63994.5,64062.2
1782185220000,64062.2,64076.1,64040.2,64068.7
1782185400000,64068.7,64068.8,64000.0,64027.8
1782185580000,64027.8,64041.9,63992.8,64027.0
1782185760000,64027.0,64027.0,63941.1,63949.8
1782185940000,63949.8,63965.7,63934.2,63943.4
1782186120000,63943.4,63970.2,63939.5,63964.9
1782186300000,63964.9,63999.1,63960.9,63979.5
1782186480000,63979.5,64056.4,63966.5,64046.4
1782186660000,64046.4,64046.5,64019.9,64020.1
1782186840000,64020.1,64020.1,63988.3,64008.8
1782187020000,64008.8,64042.8,64008.7,64037.2
1782187200000,64037.2,64068.0,64037.2,64065.0
1782187380000,64065.0,64066.4,64026.4,64033.3
1782187560000,64033.3,64061.0,64033.2,64033.3
1782187740000,64033.3,64039.1,64005.8,64005.9
1782187920000,64005.9,64030.1,63979.4,64025.1
1782188100000,64025.1,64027.4,63965.9,63976.2
1782188280000,63976.2,63982.0,63907.2,63907.3
1782188460000,63907.3,63923.7,63874.1,63918.6
1782188640000,63918.6,63951.4,63918.6,63941.7
1782188820000,63941.7,63954.2,63923.0,63954.2
1782189000000,63954.2,63954.2,63889.4,63912.5
1782189180000,63912.5,63912.5,63802.8,63848.7
1782189360000,63848.7,63855.6,63820.5,63832.9
1782189540000,63832.9,63843.4,63804.6,63815.1
1782189720000,63815.1,63834.6,63770.9,63783.5
1782189900000,63783.5,63837.3,63783.4,63802.6
1782190080000,63802.6,63805.6,63678.9,63696.1
1782190260000,63696.1,63713.9,63659.2,63691.9
1782190440000,63691.9,63691.8,63608.6,63615.1
1782190620000,63615.1,63684.3,63573.2,63594.9
1782190800000,63594.9,63655.3,63580.1,63605.6
1782190980000,63605.6,63692.1,63577.1,63686.4
1782191160000,63686.4,63705.7,63600.0,63624.9
1782191340000,63624.9,63693.4,63618.1,63690.9
1782191520000,63690.9,63697.7,63583.3,63593.9
1782191700000,63593.9,63656.0,63531.6,63623.5
1782191880000,63623.5,63623.5,63518.0,63547.3
1782192060000,63547.3,63581.3,63398.8,63451.1
1782192240000,63451.1,63451.2,63365.2,63394.1
1782192420000,63394.1,63468.6,63384.7,63450.0
1782192600000,63450.0,63491.8,63412.6,63438.0
1782192780000,63438.0,63460.0,63400.0,63430.0
1782192960000,63430.0,63474.6,63393.7,63393.7
1782193140000,63393.7,63458.7,63360.3,63400.1
1782193320000,63400.1,63430.0,63350.1,63409.9
1782193500000,63409.9,63422.9,63329.1,63330.4
1782193680000,63330.4,63424.2,63322.1,63414.9
1782193860000,63414.9,63427.0,63380.9,63385.7
1782194040000,63385.7,63421.1,63337.9,63421.1
1782194220000,63421.1,63428.7,63336.7,63372.0
1782194400000,63372.0,63374.4,63310.2,63367.5
1782194580000,63367.5,63367.5,63301.5,63308.9
1782194760000,63308.9,63310.1,63086.0,63125.8
1782194940000,63125.8,63192.5,63089.9,63150.0
1782195120000,63150.0,63194.9,63106.0,63184.7
1782195300000,63184.7,63249.4,63137.2,63158.3
1782195480000,63158.3,63158.4,62821.7,62825.2
1782195660000,62825.2,62829.5,62532.9,62594.7
1782195840000,62594.7,62655.9,62544.0,62629.9
1782196020000,62629.9,62744.8,62620.1,62739.9
1782196200000,62739.9,62814.9,62656.1,62810.0
1782196380000,62810.0,62896.0,62806.3,62852.4
1782196560000,62852.4,62891.2,62822.9,62862.4
1782196740000,62862.4,62955.4,62845.6,62950.2
1782196920000,62950.2,62962.8,62853.4,62913.3
1782197100000,62913.3,63022.8,62885.0,62950.2
1782197280000,62950.2,62950.2,62878.7,62918.6
1782197460000,62918.6,62937.0,62889.6,62923.5
1782197640000,62923.5,62948.9,62900.3,62905.8
1782197820000,62905.8,62930.5,62890.0,62903.1
1782198000000,62903.1,62944.0,62854.4,62919.7
1782198180000,62919.7,62937.2,62895.4,62908.4
1782198360000,62908.4,62994.0,62908.3,62972.2
1782198540000,62972.2,62999.9,62961.0,62981.1
1782198720000,62981.1,63030.3,62950.1,62998.3
1782198900000,62998.3,63009.8,62969.2,63005.8
1782199080000,63005.8,63062.0,62945.0,63043.5
1782199260000,63043.5,63063.9,63010.0,63010.0
1782199440000,63010.0,63010.1,62955.8,62967.7
1782199620000,62967.7,62979.6,62958.7,62967.3
1782199800000,62967.3,63000.1,62841.2,62852.9
1782199980000,62852.9,62928.4,62851.4,62858.6
1782200160000,62858.6,62987.8,62838.4,62951.1
1782200340000,62951.1,62975.4,62915.1,62916.1
1782200520000,62916.1,62920.4,62852.0,62863.3
1782200700000,62863.3,62931.0,62863.2,62900.8
1782200880000,62900.8,62960.6,62900.7,62914.7
1782201060000,62914.7,62914.8,62855.0,62877.6
1782201240000,62877.6,62941.3,62841.9,62941.3
1782201420000,62941.3,62947.7,62828.0,62849.3
1782201600000,62849.3,62916.5,62788.6,62840.1
1782201780000,62840.1,62880.0,62786.8,62799.7
1782201960000,62799.7,62832.8,62786.0,62813.5
1782202140000,62813.5,62855.3,62793.6,62801.8
1782202320000,62801.8,62802.2,62616.0,62638.7
1782202500000,62638.7,62655.8,62372.1,62509.9
1782202680000,62509.9,62539.9,62345.6,62414.2
1782202860000,62414.2,62499.2,62345.6,62350.2
1782203040000,62350.2,62360.8,62124.2,62124.3
1782203220000,62124.3,62133.7,61882.7,61999.6
1782203400000,61999.6,62215.5,61988.2,62184.2
1782203580000,62184.2,62315.6,62175.1,62303.6
1782203760000,62303.6,62345.8,62260.1,62280.2
1782203940000,62280.2,62395.6,62264.0,62350.1
1782204120000,62350.1,62409.2,62345.8,62350.1
1782204300000,62350.1,62350.1,62273.4,62341.3
1782204480000,62341.3,62341.3,62286.7,62308.3
1782204660000,62308.3,62432.9,62297.4,62410.1
1782204840000,62410.1,62419.5,62372.1,62399.0
1782205020000,62399.0,62428.0,62325.0,62353.6
1782205200000,62353.6,62431.9,62349.7,62400.1
1782205380000,62400.1,62400.1,62353.4,62380.8
1782205560000,62380.8,62408.5,62313.3,62323.7
1782205740000,62323.7,62435.9,62323.7,62421.8
1782205920000,62421.8,62424.3,62384.3,62402.0
1782206100000,62402.0,62445.9,62405.7,62427.1
1782206280000,62427.1,62446.0,62408.8,62446.0
1782206460000,62446.0,62469.0,62429.9,62459.3
1782206640000,62459.3,62481.2,62440.0,62446.7
1782206820000,62446.7,62482.0,62446.7,62480.0
1782207000000,62480.0,62480.1,62433.1,62461.5
1782207180000,62461.5,62464.4,62440.0,62446.2
1782207360000,62446.2,62471.1,62435.2,62435.2
1782207540000,62435.2,62435.3,62342.6,62365.4
1782207720000,62365.4,62365.5,62309.0,62333.1
1782207900000,62333.1,62365.3,62313.3,62341.7
1782208080000,62341.7,62387.8,62334.5,62365.0
1782208260000,62365.0,62388.8,62340.1,62366.2
1782208440000,62366.2,62392.8,62338.7,62365.6
1782208620000,62365.6,62366.4,62338.8,62350.3
1782208800000,62350.3,62532.9,62350.2,62526.6
1782208980000,62526.6,62558.3,62500.2,62515.6
1782209160000,62515.6,62531.8,62418.5,62425.9
1782209340000,62425.9,62443.2,62400.0,62426.6
1782209520000,62426.6,62430.0,62421.0,62429.9
1782209700000,62429.9,62430.0,62365.8,62384.0
1782209880000,62384.0,62419.0,62384.0,62403.9
1782210060000,62403.9,62411.0,62380.0,62403.0
1782210240000,62403.0,62403.1,62316.3,62339.2
1782210420000,62339.2,62345.2,62289.1,62340.2
1782210600000,62340.2,62354.0,62285.4,62292.2
1782210780000,62292.2,62315.8,62252.1,62277.2
1782210960000,62277.2,62323.3,62260.0,62299.9
1782211140000,62299.9,62299.9,62217.8,62224.2
1782211320000,62224.2,62240.0,62207.7,62234.2
1782211500000,62234.2,62253.9,62215.3,62242.7
1782211680000,62242.7,62300.0,62237.0,62237.0
1782211860000,62237.0,62274.9,62218.2,62256.9
1782212040000,62256.9,62289.2,62239.8,62282.3
1782212220000,62282.3,62324.3,62269.1,62290.4
1782212400000,62290.4,62387.0,62289.3,62372.1
1782212580000,62372.1,62372.1,62291.0,62298.6
1782212760000,62298.6,62359.0,62298.4,62314.5
1782212940000,62314.5,62344.3,62294.0,62344.0
1782213120000,62344.0,62363.4,62343.9,62355.0
1782213300000,62355.0,62411.5,62355.0,62368.3
1782213480000,62368.3,62526.3,62359.9,62511.4
1782213660000,62511.4,62550.7,62478.5,62510.3
1782213840000,62510.3,62539.8,62471.9,62487.1
1782214020000,62487.1,62520.1,62452.9,62515.1
1782214200000,62515.1,62600.0,62511.3,62560.1
1782214380000,62560.1,62593.2,62510.2,62515.7
1782214560000,62515.7,62563.7,62515.6,62560.2
1782214740000,62560.2,62597.3,62560.2,62563.5
1782214920000,62563.5,62565.0,62533.1,62533.3
1782215100000,62533.3,62576.0,62454.9,62455.0
1782215280000,62455.0,62463.3,62390.5,62405.9
1782215460000,62405.9,62465.9,62395.9,62447.4
1782215640000,62447.4,62486.7,62447.3,62483.3
1782215820000,62483.3,62509.5,62478.0,62478.5
1782216000000,62478.5,62531.6,62453.3,62503.5
1782216180000,62503.5,62527.3,62431.3,62441.1
1782216360000,62441.1,62461.2,62420.4,62447.0
1782216540000,62447.0,62464.2,62381.1,62395.6
1782216720000,62395.6,62404.0,62366.6,62403.9
1782216900000,62403.9,62424.5,62365.0,62389.0
1782217080000,62389.0,62408.8,62367.3,62378.6
1782217260000,62378.6,62378.6,62342.5,62352.0
1782217440000,62352.0,62369.0,62310.1,62328.2
1782217620000,62328.2,62380.0,62328.3,62380.0
1782217800000,62380.0,62452.4,62360.0,62360.6
1782217980000,62360.6,62372.5,62294.0,62358.2
1782218160000,62358.2,62367.3,62296.6,62302.3
1782218340000,62302.3,62314.6,62268.4,62288.1
1782218520000,62288.1,62317.8,62288.1,62308.7
1782218700000,62308.7,62308.7,62272.8,62300.0
1782218880000,62300.0,62311.9,62162.2,62273.5
1782219060000,62273.5,62273.5,62179.5,62264.7
1782219240000,62264.7,62307.2,62231.0,62256.9
1782219420000,62256.9,62271.2,62220.0,62227.9
1782219600000,62227.9,62260.7,62182.0,62197.4
1782219780000,62197.4,62220.0,62116.2,62164.7
1782219960000,62164.7,62193.9,62131.7,62135.3
1782220140000,62135.3,62139.7,62042.4,62052.2
1782220320000,62052.2,62187.9,62041.0,62154.9
1782220500000,62154.9,62154.9,62075.7,62078.1
1782220680000,62078.1,62118.5,62070.0,62118.5
1782220860000,62118.5,62118.5,62051.8,62080.7
1782221040000,62080.7,62088.1,61983.0,62041.3
1782221220000,62041.3,62059.3,61996.6,62018.1
1782221400000,62018.1,62424.6,61921.1,62395.2
1782221580000,62395.2,62402.9,62196.1,62326.9
1782221760000,62326.9,62333.7,62223.0,62310.1
1782221940000,62310.1,62350.0,62178.9,62251.1
1782222120000,62251.1,62406.2,62242.9,62369.8
1782222300000,62369.8,62369.0,62236.9,62314.4
1782222480000,62314.4,62472.0,62306.5,62396.3
1782222660000,62396.3,62504.2,62371.7,62434.4
1782222840000,62434.4,62490.0,62322.0,62387.5
1782223020000,62387.5,62474.8,62374.3,62448.1
1782223200000,62448.1,62565.5,62402.3,62454.1
1782223380000,62454.1,62590.0,62396.2,62396.8
1782223560000,62396.8,62496.6,62397.4,62456.2
1782223740000,62456.2,62580.8,62451.6,62456.3
1782223920000,62456.3,62714.8,62456.3,62702.5
1782224100000,62702.5,62771.4,62626.8,62761.6
1782224280000,62761.6,62824.7,62714.7,62740.1
1782224460000,62740.1,62746.5,62552.0,62614.4
1782224640000,62614.4,62614.4,62434.6,62479.7
1782224820000,62479.7,62561.0,62420.5,62547.6
1782225000000,62547.6,62657.7,62422.2,62444.6
1782225180000,62444.6,62570.6,62444.5,62570.6
1782225360000,62570.6,62757.3,62564.5,62626.7
1782225540000,62626.7,62629.6,62462.5,62508.5
1782225720000,62508.5,62591.9,62470.2,62484.8
1782225900000,62484.8,62531.7,62426.4,62426.5
1782226080000,62426.5,62557.4,62426.4,62540.9
1782226260000,62540.9,62581.9,62484.6,62490.1
1782226440000,62490.1,62509.7,62434.0,62448.8
1782226620000,62448.8,62550.0,62364.7,62462.8
1782226800000,62462.8,62480.2,62389.7,62430.9
1782226980000,62430.9,62471.6,62400.1,62420.9
1782227160000,62420.9,62421.0,62294.7,62325.6
1782227340000,62325.6,62355.6,62288.0,62291.3
1782227520000,62291.3,62355.2,62280.0,62355.2
1782227700000,62355.2,62355.2,62267.0,62282.3
1782227880000,62282.3,62287.5,62210.2,62256.7
1782228060000,62256.7,62283.0,62212.9,62240.0
1782228240000,62240.0,62276.7,62161.3,62264.7
1782228420000,62264.7,62291.1,62215.2,62247.5
1782228600000,62247.5,62377.6,62247.4,62340.7
1782228780000,62340.7,62466.5,62340.7,62415.5
1782228960000,62415.5,62422.5,62297.0,62297.0
1782229140000,62297.0,62347.7,62270.0,62277.0
1782229320000,62277.0,62289.9,62242.1,62262.2
1782229500000,62262.2,62298.6,62180.0,62180.1
1782229680000,62180.1,62239.1,62171.2,62223.7
1782229860000,62223.7,62328.7,62218.3,62294.8
1782230040000,62294.8,62376.4,62294.7,62371.0
1782230220000,62371.0,62457.4,62361.7,62457.4
1782230400000,62457.4,62502.7,62393.4,62405.4
1782230580000,62405.4,62524.1,62395.4,62524.0
1782230760000,62524.0,62717.3,62479.8,62711.4
1782230940000,62711.4,62778.3,62636.2,62698.5
1782231120000,62698.5,62812.0,62661.8,62758.9
1782231300000,62758.9,62784.1,62595.0,62645.0
1782231480000,62645.0,62688.4,62583.9,62587.3
1782231660000,62587.3,62611.0,62550.0,62594.2
1782231840000,62594.2,62594.4,62551.8,62566.4
1782232020000,62566.4,62582.9,62541.1,62557.1
1782232200000,62557.1,62609.5,62550.1,62593.8
1782232380000,62593.8,62634.9,62570.2,62574.6
1782232560000,62574.6,62609.8,62569.2,62569.3
1782232740000,62569.3,62629.4,62550.1,62589.6
1782232920000,62589.6,62618.7,62585.4,62595.1
1782233100000,62595.1,62614.7,62562.1,62572.2
1782233280000,62572.2,62609.8,62475.6,62500.0
1782233460000,62500.0,62521.6,62474.5,62485.2
1782233640000,62485.2,62511.9,62458.5,62467.7
1782233820000,62467.7,62559.2,62465.2,62522.9
1782234000000,62522.9,62524.6,62472.6,62486.8
1782234180000,62486.8,62495.5,62422.9,62427.8
1782234360000,62427.8,62431.3,62357.1,62410.1
1782234540000,62410.1,62515.0,62410.0,62500.3
1782234720000,62500.3,62502.6,62390.0,62401.5
1782234900000,62401.5,62505.5,62400.0,62449.9
1782235080000,62449.9,62573.2,62449.9,62551.7
1782235260000,62551.7,62594.7,62546.2,62576.8
1782235440000,62576.8,62617.4,62576.7,62617.4
1782235620000,62617.4,62642.0,62602.2,62616.8
1782235800000,62616.8,62634.6,62466.6,62500.3
1782235980000,62500.3,62624.9,62501.3,62624.8
1782236160000,62624.8,62668.6,62580.2,62595.0
1782236340000,62595.0,62595.1,62506.8,62531.5
1782236520000,62531.5,62535.5,62478.4,62500.2
1782236700000,62500.2,62528.3,62460.5,62474.8
1782236880000,62474.8,62490.8,62450.0,62462.5
1782237060000,62462.5,62474.2,62401.0,62412.6
1782237240000,62412.6,62415.2,62301.6,62311.5
1782237420000,62311.5,62365.3,62311.5,62329.9
1782237600000,62329.9,62420.0,62329.9,62400.1
1782237780000,62400.1,62397.1,62315.8,62338.4
1782237960000,62338.4,62360.9,62242.2,62279.9
1782238140000,62279.9,62361.0,62279.9,62346.8
1782238320000,62346.8,62365.0,62320.0,62340.6
1782238500000,62340.6,62369.3,62296.3,62300.0
1782238680000,62300.0,62359.9,62291.6,62331.4
1782238860000,62331.4,62383.6,62308.9,62337.3
1782239040000,62337.3,62379.2,62312.0,62339.0
1782239220000,62339.0,62354.9,62316.6,62322.2
1782239400000,62322.2,62322.2,62266.0,62295.8
1782239580000,62295.8,62300.0,62260.8,62270.9
1782239760000,62270.9,62270.9,62222.0,62239.3
1782239940000,62239.3,62241.2,62182.9,62204.9
1782240120000,62204.9,62205.0,62118.4,62125.5
1782240300000,62125.5,62166.5,62075.6,62099.9
1782240480000,62099.9,62204.2,62090.2,62183.6
1782240660000,62183.6,62239.8,62160.8,62175.1
1782240840000,62175.1,62232.5,62172.0,62210.2
1782241020000,62210.2,62242.8,62200.5,62215.3
1782241200000,62215.3,62263.1,62201.3,62230.7
1782241380000,62230.7,62406.1,62239.1,62387.5
1782241560000,62387.5,62387.6,62280.0,62286.8
1782241740000,62286.8,62358.5,62286.7,62353.3
1782241920000,62353.3,62374.0,62303.8,62343.0
1782242100000,62343.0,62346.8,62294.3,62318.7
1782242280000,62318.7,62325.9,62259.8,62271.3
1782242460000,62271.3,62346.2,62225.0,62313.7
1782242640000,62313.7,62369.9,62277.1,62333.1
1782242820000,62333.1,62421.5,62330.4,62417.2
1782243000000,62417.2,62458.9,62369.2,62402.4
1782243180000,62402.4,62410.9,62367.7,62396.0
1782243360000,62396.0,62408.1,62338.7,62340.0
1782243540000,62340.0,62345.1,62300.0,62316.4
1782243720000,62316.4,62333.6,62275.0,62275.0
1782243900000,62275.0,62291.0,62250.1,62271.6
1782244080000,62271.6,62330.3,62250.4,62304.8
1782244260000,62304.8,62348.5,62294.6,62321.7
1782244440000,62321.7,62399.4,62321.8,62345.9
1782244620000,62345.9,62400.0,62340.0,62373.2
1782244800000,62373.2,62511.8,62365.7,62465.1
1782244980000,62465.1,62475.4,62421.5,62444.7
1782245160000,62444.7,62484.0,62425.3,62465.2
1782245340000,62465.2,62481.9,62457.6,62471.5
1782245520000,62471.5,62475.6,62406.6,62416.0
1782245700000,62416.0,62449.5,62383.6,62392.8
1782245880000,62392.8,62466.6,62392.7,62443.3
1782246060000,62443.3,62460.8,62406.6,62440.1
1782246240000,62440.1,62495.7,62390.6,62445.3
1782246420000,62445.3,62486.6,62433.1,62464.5
1782246600000,62464.5,62464.5,62428.0,62436.6
1782246780000,62436.6,62470.2,62420.2,62429.9
1782246960000,62429.9,62464.3,62429.9,62458.8
1782247140000,62458.8,62464.8,62435.1,62435.1
1782247320000,62435.1,62463.7,62435.0,62448.7
1782247500000,62448.7,62450.5,62424.4,62424.5
1782247680000,62424.5,62435.9,62397.3,62435.9
1782247860000,62435.9,62442.0,62344.2,62369.2
1782248040000,62369.2,62430.6,62364.8,62430.6
1782248220000,62430.6,62450.0,62415.5,62439.9
1782248400000,62439.9,62489.7,62439.9,62464.5
1782248580000,62464.5,62587.6,62464.5,62539.5
1782248760000,62539.5,62561.3,62491.6,62496.4
1782248940000,62496.4,62506.2,62482.2,62494.8
1782249120000,62494.8,62502.5,62460.7,62488.6
1782249300000,62488.6,62521.7,62440.2,62455.6
1782249480000,62455.6,62466.4,62440.9,62466.3
1782249660000,62466.3,62496.0,62459.9,62489.7
1782249840000,62489.7,62534.2,62489.8,62534.2
1782250020000,62534.2,62544.9,62487.4,62543.3
1782250200000,62543.3,62554.6,62523.4,62535.4
1782250380000,62535.4,62535.4,62523.4,62523.5
1782250560000,62523.5,62560.0,62523.4,62536.2
1782250740000,62536.2,62587.4,62536.3,62550.1
1782250920000,62550.1,62606.0,62530.4,62592.0
1782251100000,62592.0,62626.0,62592.0,62626.0
1782251280000,62626.0,62629.5,62585.0,62618.3
1782251460000,62618.3,62629.9,62588.5,62600.1
1782251640000,62600.1,62600.1,62553.0,62572.1
1782251820000,62572.1,62581.0,62550.0,62563.1
1782252000000,62563.1,62598.6,62553.1,62597.1
1782252180000,62597.1,62644.9,62597.2,62625.0
1782252360000,62625.0,62712.2,62606.6,62683.7
1782252540000,62683.7,62721.6,62671.2,62703.2
1782252720000,62703.2,62746.4,62691.8,62714.5
1782252900000,62714.5,62750.0,62687.2,62735.2
1782253080000,62735.2,62744.5,62676.2,62696.2
1782253260000,62696.2,62699.9,62526.7,62542.2
1782253440000,62542.2,62581.0,62526.3,62546.5
1782253620000,62546.5,62590.0,62536.9,62581.7
1782253800000,62581.7,62595.3,62565.8,62595.3
1782253980000,62595.3,62599.0,62508.1,62515.1
1782254160000,62515.1,62536.3,62501.1,62536.3
1782254340000,62536.3,62562.9,62519.6,62546.1
1782254520000,62546.1,62552.2,62515.7,62515.7
1782254700000,62515.7,62552.9,62509.5,62531.4
1782254880000,62531.4,62533.0,62508.5,62533.0
1782255060000,62533.0,62533.0,62488.1,62508.0
1782255240000,62508.0,62550.0,62508.0,62544.3
1782255420000,62544.3,62589.7,62542.3,62560.2
1782255600000,62560.2,62562.9,62464.1,62557.9
1782255780000,62557.9,62582.9,62475.0,62489.9
1782255960000,62489.9,62505.9,62473.0,62500.0
1782256140000,62500.0,62513.3,62478.7,62513.3
1782256320000,62513.3,62538.5,62485.9,62485.9
1782256500000,62485.9,62542.5,62486.0,62506.7
1782256680000,62506.7,62558.2,62506.7,62530.0
1782256860000,62530.0,62589.6,62521.1,62578.6
1782257040000,62578.6,62657.9,62576.6,62639.7
1782257220000,62639.7,62643.1,62615.8,62630.8
1782257400000,62630.8,62647.0,62608.1,62643.3
1782257580000,62643.3,62646.4,62610.0,62640.7
1782257760000,62640.7,62640.8,62586.0,62586.1
1782257940000,62586.1,62597.2,62562.4,62568.6
1782258120000,62568.6,62597.9,62568.5,62585.9
1782258300000,62585.9,62770.6,62579.8,62702.3
1782258480000,62702.3,62717.8,62677.9,62701.9
1782258660000,62701.9,62718.0,62685.0,62692.9
1782258840000,62692.9,62714.0,62681.4,62713.9
1782259020000,62713.9,62717.1,62693.7,62696.8
1782259200000,62696.8,62785.4,62696.7,62720.9
1782259380000,62720.9,62759.4,62700.2,62708.0
1782259560000,62708.0,62818.0,62707.9,62798.5
1782259740000,62798.5,62887.9,62780.8,62849.5
1782259920000,62849.5,62870.0,62781.2,62862.6
1782260100000,62862.6,62888.0,62811.1,62880.1
1782260280000,62880.1,62893.1,62790.0,62811.4
1782260460000,62811.4,62845.4,62792.4,62817.6
1782260640000,62817.6,62836.4,62797.0,62836.4
1782260820000,62836.4,62854.2,62781.2,62819.3
1782261000000,62819.3,62838.4,62775.5,62777.7
1782261180000,62777.7,62870.0,62762.8,62849.0
1782261360000,62849.0,62970.3,62848.9,62953.2
1782261540000,62953.2,62995.9,62937.0,62951.0
1782261720000,62951.0,62989.3,62920.0,62925.0
1782261900000,62925.0,62966.1,62866.8,62929.9
1782262080000,62929.9,62999.8,62921.2,62974.1
1782262260000,62974.1,62974.2,62930.0,62960.6
1782262440000,62960.6,62985.0,62905.3,62905.3
1782262620000,62905.3,62981.4,62905.2,62981.4
1782262800000,62981.4,62994.6,62903.1,62977.8
1782262980000,62977.8,62977.8,62836.8,62847.7
1782263160000,62847.7,62912.0,62822.4,62856.6
1782263340000,62856.6,62939.9,62815.5,62939.9
1782263520000,62939.9,62967.2,62920.1,62950.1
1782263700000,62950.1,62950.1,62755.9,62756.0
1782263880000,62756.0,62792.9,62737.0,62792.9
1782264060000,62792.9,62840.4,62795.4,62836.1
1782264240000,62836.1,62910.0,62836.1,62873.2
1782264420000,62873.2,62880.8,62847.0,62880.8
1782264600000,62880.8,63089.8,62881.9,63029.5
1782264780000,63029.5,63088.8,63022.8,63080.9
1782264960000,63080.9,63083.6,63015.7,63019.3
1782265140000,63019.3,63030.0,62900.0,62903.8
1782265320000,62903.8,62942.1,62900.0,62916.6
1782265500000,62916.6,62957.7,62912.0,62956.4
1782265680000,62956.4,62972.9,62927.2,62972.9
1782265860000,62972.9,62993.0,62930.0,62985.2
1782266040000,62985.2,62997.6,62937.7,62937.8
1782266220000,62937.8,62963.0,62899.0,62904.6
1782266400000,62904.6,62990.0,62878.0,62891.6
1782266580000,62891.6,62897.6,62787.3,62820.0
1782266760000,62820.0,62838.0,62776.1,62784.8
1782266940000,62784.8,62865.7,62785.4,62851.9
1782267120000,62851.9,62856.7,62823.8,62848.1
1782267300000,62848.1,62848.0,62764.1,62769.7
1782267480000,62769.7,62769.8,62726.7,62739.5
1782267660000,62739.5,62739.5,62641.5,62671.9
1782267840000,62671.9,62700.0,62659.1,62689.3
1782268020000,62689.3,62742.3,62677.8,62733.4
1782268200000,62733.4,62756.4,62700.1,62711.9
1782268380000,62711.9,62718.0,62662.0,62667.2
1782268560000,62667.2,62677.5,62624.8,62666.7
1782268740000,62666.7,62779.2,62579.0,62766.9
1782268920000,62766.9,62766.8,62692.6,62700.0
1782269100000,62700.0,62714.0,62672.0,62679.2
1782269280000,62679.2,62749.2,62662.7,62691.9
1782269460000,62691.9,62705.5,62673.2,62683.1
1782269640000,62683.1,62700.3,62574.9,62657.8
1782269820000,62657.8,62657.8,62592.9,62598.0
1782270000000,62598.0,62656.6,62586.0,62605.9
1782270180000,62605.9,62619.8,62547.4,62555.8
1782270360000,62555.8,62606.8,62535.5,62587.3
1782270540000,62587.3,62635.7,62585.4,62603.1
1782270720000,62603.1,62636.3,62555.8,62555.9
1782270900000,62555.9,62555.9,62431.2,62457.4
1782271080000,62457.4,62475.3,62428.2,62473.6
1782271260000,62473.6,62547.7,62470.5,62538.4
1782271440000,62538.4,62573.9,62523.5,62573.9
1782271620000,62573.9,62647.9,62552.4,62642.5
1782271800000,62642.5,62738.6,62641.7,62721.5
1782271980000,62721.5,62784.9,62695.0,62762.4
1782272160000,62762.4,62800.0,62750.0,62780.1
1782272340000,62780.1,62798.5,62767.8,62786.4
1782272520000,62786.4,62796.5,62762.5,62770.0
1782272700000,62770.0,62804.0,62770.0,62770.1
1782272880000,62770.1,62781.4,62736.9,62741.1
1782273060000,62741.1,62769.9,62721.1,62730.0
1782273240000,62730.0,62742.0,62713.5,62725.3
1782273420000,62725.3,62736.4,62696.8,62704.6
1782273600000,62704.6,62729.0,62682.4,62719.9
1782273780000,62719.9,62720.0,62600.8,62630.0
1782273960000,62630.0,62645.7,62620.8,62620.8
1782274140000,62620.8,62634.0,62607.0,62627.7
1782274320000,62627.7,62652.6,62623.9,62639.9
1782274500000,62639.9,62672.7,62613.4,62613.4
1782274680000,62613.4,62631.6,62580.3,62583.6
1782274860000,62583.6,62593.1,62530.6,62535.0
1782275040000,62535.0,62553.7,62500.0,62553.7
1782275220000,62553.7,62595.2,62550.0,62564.5
1782275400000,62564.5,62710.8,62560.1,62710.7
1782275580000,62710.7,62723.4,62638.7,62670.1
1782275760000,62670.1,62699.3,62648.0,62667.6
1782275940000,62667.6,62673.4,62623.4,62650.4
1782276120000,62650.4,62654.0,62629.8,62629.8
1782276300000,62629.8,62762.3,62629.9,62756.3
1782276480000,62756.3,62779.8,62725.9,62750.6
1782276660000,62750.6,62760.0,62707.0,62720.1
1782276840000,62720.1,62745.3,62711.4,62745.2
1782277020000,62745.2,62758.0,62720.7,62720.7
1782277200000,62720.7,62764.6,62720.6,62764.6
1782277380000,62764.6,62789.8,62678.0,62683.4
1782277560000,62683.4,62732.7,62683.4,62720.4
1782277740000,62720.4,62818.0,62717.5,62804.3
1782277920000,62804.3,62808.1,62737.8,62759.8
1782278100000,62759.8,62829.8,62750.1,62829.8
1782278280000,62829.8,62847.0,62771.9,62787.5
1782278460000,62787.5,62825.4,62737.5,62825.3
1782278640000,62825.3,62862.8,62818.7,62831.4
1782278820000,62831.4,62860.0,62822.0,62848.5
1782279000000,62848.5,62887.0,62827.0,62881.4
1782279180000,62881.4,62922.2,62850.0,62922.2
1782279360000,62922.2,63050.0,62921.9,63020.9
1782279540000,63020.9,63021.0,62881.9,62939.5
1782279720000,62939.5,62967.8,62900.9,62900.9
1782279900000,62900.9,62918.5,62871.7,62910.6
1782280080000,62910.6,62936.4,62852.6,62865.7
1782280260000,62865.7,62870.3,62830.0,62854.2
1782280440000,62854.2,62854.2,62835.0,62840.3
1782280620000,62840.3,62863.9,62840.3,62859.9
1782280800000,62859.9,62873.4,62780.1,62791.4
1782280980000,62791.4,62791.5,62735.2,62772.7
1782281160000,62772.7,62841.4,62768.3,62809.9
1782281340000,62809.9,62853.7,62800.7,62844.6
1782281520000,62844.6,62848.6,62779.9,62812.9
1782281700000,62812.9,62822.3,62758.6,62795.3
1782281880000,62795.3,62795.4,62757.5,62766.5
1782282060000,62766.5,62832.0,62766.5,62803.1
1782282240000,62803.1,62885.4,62800.0,62869.3
1782282420000,62869.3,62888.0,62800.0,62826.5
1782282600000,62826.5,62837.2,62789.5,62789.6
1782282780000,62789.6,62837.4,62783.9,62835.3
1782282960000,62835.3,62852.1,62824.5,62830.7
1782283140000,62830.7,62835.2,62804.6,62810.7
1782283320000,62810.7,62818.0,62756.8,62756.9
1782283500000,62756.9,62765.7,62715.0,62724.1
1782283680000,62724.1,62749.3,62700.0,62713.8
1782283860000,62713.8,62770.7,62708.9,62769.6
1782284040000,62769.6,62769.6,62743.8,62756.4
1782284220000,62756.4,62758.7,62742.0,62754.6
1782284400000,62754.6,62781.4,62711.0,62729.3
1782284580000,62729.3,62790.5,62691.3,62725.8
1782284760000,62725.8,62727.3,62658.7,62727.3
1782284940000,62727.3,62753.3,62667.7,62747.0
1782285120000,62747.0,62822.0,62737.4,62788.7
1782285300000,62788.7,62792.9,62709.5,62729.9
1782285480000,62729.9,62757.7,62683.0,62690.1
1782285660000,62690.1,62738.5,62678.4,62735.0
1782285840000,62735.0,62735.0,62662.1,62676.4
1782286020000,62676.4,62708.8,62640.4,62640.5
1782286200000,62640.5,62685.1,62635.8,62683.2
1782286380000,62683.2,62707.1,62616.6,62636.7
1782286560000,62636.7,62644.2,62600.8,62623.5
1782286740000,62623.5,62656.5,62609.1,62647.1
1782286920000,62647.1,62677.8,62635.8,62668.8
1782287100000,62668.8,62705.4,62650.9,62697.6
1782287280000,62697.6,62701.0,62619.4,62645.3
1782287460000,62645.3,62650.2,62570.8,62585.4
1782287640000,62585.4,62659.8,62580.2,62614.9
1782287820000,62614.9,62627.4,62600.0,62627.4
1782288000000,62627.4,62673.1,62605.8,62647.5
1782288180000,62647.5,62668.1,62630.0,62644.4
1782288360000,62644.4,62644.4,62584.7,62600.4
1782288540000,62600.4,62619.2,62588.1,62617.2
1782288720000,62617.2,62638.4,62574.1,62636.9
1782288900000,62636.9,62664.9,62614.1,62662.7
1782289080000,62662.7,62695.6,62616.6,62650.0
1782289260000,62650.0,62691.9,62620.0,62682.1
1782289440000,62682.1,62695.7,62653.9,62664.7
1782289620000,62664.7,62689.5,62656.8,62683.6
1782289800000,62683.6,62747.6,62645.3,62745.3
1782289980000,62745.3,62776.7,62720.0,62722.1
1782290160000,62722.1,62722.1,62685.1,62694.1
1782290340000,62694.1,62707.9,62680.2,62700.0
1782290520000,62700.0,62771.4,62688.5,62767.6
1782290700000,62767.6,62774.0,62738.4,62739.1
1782290880000,62739.1,62750.6,62722.1,62732.4
1782291060000,62732.4,62778.5,62714.0,62753.3
1782291240000,62753.3,62780.0,62750.0,62760.1
1782291420000,62760.1,62784.2,62760.1,62773.0
1782291600000,62773.0,62773.0,62650.1,62678.2
1782291780000,62678.2,62734.4,62664.7,62724.8
1782291960000,62724.8,62766.6,62688.6,62703.0
1782292140000,62703.0,62734.2,62690.3,62690.3
1782292320000,62690.3,62761.1,62686.3,62750.2
1782292500000,62750.2,62757.8,62667.6,62707.5
1782292680000,62707.5,62719.1,62672.8,62696.5
1782292860000,62696.5,62696.6,62684.3,62685.4
1782293040000,62685.4,62696.5,62677.0,62678.2
1782293220000,62678.2,62682.5,62650.0,62655.3
1782293400000,62655.3,62659.7,62613.9,62635.9
1782293580000,62635.9,62682.5,62642.4,62676.3
1782293760000,62676.3,62676.3,62630.2,62667.9
1782293940000,62667.9,62674.6,62609.0,62646.1
1782294120000,62646.1,62654.3,62622.8,62635.9
1782294300000,62635.9,62660.6,62608.6,62656.6
1782294480000,62656.6,62671.6,62640.1,62650.3
1782294660000,62650.3,62680.0,62647.8,62673.6
1782294840000,62673.6,62693.3,62655.7,62684.4
1782295020000,62684.4,62684.4,62654.8,62654.8
1782295200000,62654.8,62658.6,62579.6,62587.9
1782295380000,62587.9,62610.0,62579.2,62592.2
1782295560000,62592.2,62644.2,62582.6,62621.9
1782295740000,62621.9,62624.9,62541.2,62541.2
1782295920000,62541.2,62587.2,62528.7,62584.5
1782296100000,62584.5,62588.3,62543.0,62585.6
1782296280000,62585.6,62609.9,62501.7,62509.9
1782296460000,62509.9,62536.6,62431.4,62484.6
1782296640000,62484.6,62552.4,62484.5,62552.4
1782296820000,62552.4,62554.8,62504.2,62510.4
1782297000000,62510.4,62550.0,62485.0,62549.9
1782297180000,62549.9,62575.3,62535.1,62545.5
1782297360000,62545.5,62565.4,62493.6,62556.5
1782297540000,62556.5,62576.9,62551.2,62566.3
1782297720000,62566.3,62600.0,62552.8,62569.4
1782297900000,62569.4,62574.0,62531.2,62539.5
1782298080000,62539.5,62539.5,62470.7,62480.3
1782298260000,62480.3,62486.0,62427.9,62486.0
1782298440000,62486.0,62489.8,62427.6,62429.3
1782298620000,62429.3,62450.0,62386.4,62416.8
1782298800000,62416.8,62450.0,62395.1,62398.9
1782298980000,62398.9,62431.1,62355.0,62355.1
1782299160000,62355.1,62369.0,62317.7,62321.0
1782299340000,62321.0,62381.5,62288.8,62361.9
1782299520000,62361.9,62395.9,62322.1,62349.6
1782299700000,62349.6,62373.8,62306.9,62340.5
1782299880000,62340.5,62378.2,62290.0,62290.1
1782300060000,62290.1,62341.2,62289.7,62334.3
1782300240000,62334.3,62390.0,62322.4,62322.4
1782300420000,62322.4,62377.8,62322.4,62351.9
1782300600000,62351.9,62444.8,62351.8,62439.5
1782300780000,62439.5,62461.3,62415.0,62456.1
1782300960000,62456.1,62606.8,62433.8,62591.0
1782301140000,62591.0,62641.5,62575.0,62641.5
1782301320000,62641.5,62723.3,62620.3,62709.3
1782301500000,62709.3,62743.5,62688.1,62743.4
1782301680000,62743.4,63200.0,62731.9,63000.0
1782301860000,63000.0,63000.0,62871.0,62923.5
1782302040000,62923.5,62950.0,62835.1,62883.6
1782302220000,62883.6,62895.3,62845.2,62887.8
1782302400000,62887.8,62887.8,62810.0,62856.0
1782302580000,62856.0,62939.3,62855.9,62913.3
1782302760000,62913.3,62920.6,62774.5,62805.1
1782302940000,62805.1,62883.1,62783.5,62876.4
1782303120000,62876.4,62876.4,62800.1,62800.1
1782303300000,62800.1,62844.0,62786.7,62823.6
1782303480000,62823.6,62874.6,62746.4,62746.4
1782303660000,62746.4,62789.0,62733.8,62735.2
1782303840000,62735.2,62767.3,62720.4,62760.0
1782304020000,62760.0,62807.8,62735.0,62790.1
1782304200000,62790.1,62827.3,62727.6,62787.7
1782304380000,62787.7,62820.0,62753.7,62757.1
1782304560000,62757.1,62874.0,62744.3,62855.9
1782304740000,62855.9,62865.6,62786.9,62786.9
1782304920000,62786.9,62835.2,62786.9,62812.9
1782305100000,62812.9,62829.0,62771.0,62795.9
1782305280000,62795.9,62795.8,62638.2,62638.2
1782305460000,62638.2,62697.8,62595.0,62697.5
1782305640000,62697.5,62697.5,62591.5,62599.8
1782305820000,62599.8,62610.5,62550.0,62589.4
1782306000000,62589.4,62601.3,62447.0,62493.6
1782306180000,62493.6,62493.7,62353.9,62386.2
1782306360000,62386.2,62386.2,62117.1,62143.3
1782306540000,62143.3,62218.6,62027.0,62090.3
1782306720000,62090.3,62086.6,61953.9,62012.7
1782306900000,62012.7,62087.8,61972.9,62078.3
1782307080000,62078.3,62208.0,62078.3,62161.0
1782307260000,62161.0,62165.9,61660.1,61676.1
1782307440000,61676.1,61884.7,61660.0,61811.9
1782307620000,61811.9,61866.0,61765.2,61824.5
1782307800000,61824.5,61933.0,61680.0,61918.6
1782307980000,61918.6,62127.5,61902.6,61957.0
1782308160000,61957.0,62050.1,61808.8,61832.7
1782308340000,61832.7,61871.4,61567.0,61567.1
1782308520000,61567.1,61625.9,61375.4,61464.2
1782308700000,61464.2,61554.9,61300.1,61386.2
1782308880000,61386.2,61566.6,61260.1,61541.4
1782309060000,61541.4,61624.7,61439.8,61480.9
1782309240000,61480.9,61504.8,61308.5,61308.6
1782309420000,61308.6,61356.5,61230.3,61308.1
1782309600000,61308.1,61382.2,61178.8,61318.1
1782309780000,61318.1,61354.9,61251.7,61330.4
1782309960000,61330.4,61434.5,61255.0,61272.4
1782310140000,61272.4,61414.5,61272.4,61309.6
1782310320000,61309.6,61320.8,61094.3,61214.1
1782310500000,61214.1,61292.7,61045.0,61087.8
1782310680000,61087.8,61115.7,60876.7,60998.1
1782310860000,60998.1,61249.9,60951.1,61211.5
1782311040000,61211.5,61266.9,61150.1,61166.4
1782311220000,61166.4,61244.8,61153.9,61209.4
1782311400000,61209.4,61354.7,61194.0,61294.0
1782311580000,61294.0,61339.0,61235.1,61270.0
1782311760000,61270.0,61359.0,61184.1,61184.3
1782311940000,61184.3,61195.0,61080.7,61141.6
1782312120000,61141.6,61167.9,61033.7,61132.8
1782312300000,61132.8,61226.8,61108.8,61209.9
1782312480000,61209.9,61217.9,61089.0,61111.5
1782312660000,61111.5,61111.5,61017.1,61050.1
1782312840000,61050.1,61050.1,60927.4,60999.9
1782313020000,60999.9,61119.2,60983.9,61085.3
1782313200000,61085.3,61093.9,60966.3,60968.6
1782313380000,60968.6,60981.2,60893.0,60942.9
1782313560000,60942.9,60974.8,60818.2,60833.1
1782313740000,60833.1,60981.4,60823.4,60977.9
1782313920000,60977.9,60977.9,60840.0,60869.7
1782314100000,60869.7,60955.0,60836.1,60939.1
1782314280000,60939.1,60985.4,60889.0,60962.9
1782314460000,60962.9,61120.1,60950.5,60992.9
1782314640000,60992.9,61020.0,60825.0,60846.1
1782314820000,60846.1,60963.3,60800.0,60854.3
1782315000000,60854.3,60860.0,60711.4,60721.8
1782315180000,60721.8,60769.6,60653.0,60737.4
1782315360000,60737.4,60746.4,60615.6,60630.0
1782315540000,60630.0,60686.0,60586.1,60616.3
1782315720000,60616.3,60632.1,60511.8,60549.9
1782315900000,60549.9,60560.5,60366.0,60371.1
1782316080000,60371.1,60490.4,60335.2,60457.5
1782316260000,60457.5,60509.1,60424.1,60440.6
1782316440000,60440.6,60457.6,60265.1,60268.8
1782316620000,60268.8,60338.3,60238.0,60256.1
1782316800000,60256.1,60363.8,60241.6,60284.9
1782316980000,60284.9,60315.7,60240.6,60272.9
1782317160000,60272.9,60394.0,60193.1,60367.6
1782317340000,60367.6,60498.4,60350.1,60439.4
1782317520000,60439.4,60529.9,60413.9,60492.2
1782317700000,60492.2,60546.9,60421.6,60485.9
1782317880000,60485.9,60523.0,60457.7,60484.8
1782318060000,60484.8,60643.9,60440.3,60596.6
1782318240000,60596.6,60628.7,60420.2,60461.0
1782318420000,60461.0,60558.5,60388.5,60519.1
1782318600000,60519.1,60539.1,60432.1,60438.8
1782318780000,60438.8,60537.2,60432.6,60490.9
1782318960000,60490.9,60490.8,60264.3,60280.2
1782319140000,60280.2,60308.7,60224.3,60252.6
1782319320000,60252.6,60256.6,60136.9,60231.8
1782319500000,60231.8,60231.8,59969.7,59972.6
1782319680000,59972.6,60133.3,59972.6,60032.2
1782319860000,60032.2,60048.3,59397.5,59746.5
1782320040000,59746.5,59937.4,59746.4,59842.8
1782320220000,59842.8,59865.7,59734.8,59808.2
1782320400000,59808.2,60015.4,59765.1,59962.3
1782320580000,59962.3,60016.0,59885.2,59920.1
1782320760000,59920.1,59941.1,59726.9,59804.7
1782320940000,59804.7,59932.8,59758.1,59759.5
1782321120000,59759.5,59822.8,59677.9,59802.0
1782321300000,59802.0,59840.2,59667.4,59697.2
1782321480000,59697.2,59697.2,59404.4,59407.7
1782321660000,59407.7,59525.7,59300.0,59515.8
1782321840000,59515.8,59633.0,59401.1,59610.9
1782322020000,59610.9,59760.0,59612.5,59645.4
1782322200000,59645.4,59720.6,59526.6,59586.0
1782322380000,59586.0,59673.4,59475.5,59492.7
1782322560000,59492.7,59570.2,59453.6,59469.1
1782322740000,59469.1,59499.9,59370.0,59417.9
1782322920000,59417.9,59434.3,59252.7,59293.2
1782323100000,59293.2,59327.2,59100.1,59100.1
1782323280000,59100.1,59448.7,59063.1,59373.6
1782323460000,59373.6,59461.1,59314.9,59340.5
1782323640000,59340.5,59464.5,59332.0,59391.2
1782323820000,59391.2,59411.0,59270.5,59363.7
1782324000000,59363.7,59469.9,59269.4,59397.6
1782324180000,59397.6,59444.3,59343.0,59382.2
1782324360000,59382.2,59559.4,59366.6,59475.9
1782324540000,59475.9,59588.0,59453.3,59502.6
1782324720000,59502.6,59569.9,59477.7,59566.6
1782324900000,59566.6,59648.8,59538.4,59614.0
1782325080000,59614.0,59759.0,59550.0,59719.7
1782325260000,59719.7,59895.3,59716.0,59783.2
1782325440000,59783.2,59895.4,59738.5,59884.6
1782325620000,59884.6,59894.5,59659.7,59677.9
1782325800000,59677.9,59720.0,59608.4,59683.6
1782325980000,59683.6,59684.9,59603.8,59627.6
1782326160000,59627.6,59629.9,59535.0,59535.1
1782326340000,59535.1,59566.9,59454.3,59504.3
1782326520000,59504.3,59545.6,59462.1,59528.1
1782326700000,59528.1,59572.1,59500.1,59502.8
1782326880000,59502.8,59540.6,59380.0,59389.4
1782327060000,59389.4,59522.9,59389.4,59500.0
1782327240000,59500.0,59560.6,59481.0,59555.6
1782327420000,59555.6,59617.8,59521.7,59569.5
1782327600000,59569.5,59636.9,59560.6,59596.8
1782327780000,59596.8,59682.1,59574.2,59610.6
1782327960000,59610.6,59675.4,59589.0,59669.9
1782328140000,59669.9,59709.3,59484.7,59513.0
1782328320000,59513.0,59679.8,59494.7,59648.0
1782328500000,59648.0,59652.1,59558.3,59616.6
1782328680000,59616.6,59671.8,59588.3,59620.5
1782328860000,59620.5,59663.2,59569.4,59649.2
1782329040000,59649.2,59814.4,59637.1,59747.3
1782329220000,59747.3,59802.6,59730.7,59802.6
1782329400000,59802.6,59819.1,59693.8,59767.6
1782329580000,59767.6,59876.6,59735.8,59874.9
1782329760000,59874.9,59879.1,59760.1,59764.3
1782329940000,59764.3,59856.9,59750.1,59750.5
1782330120000,59750.5,59761.6,59720.1,59752.8
1782330300000,59752.8,59835.8,59740.0,59742.5
1782330480000,59742.5,59829.3,59711.9,59829.3
1782330660000,59829.3,59883.8,59821.2,59832.1
1782330840000,59832.1,59838.1,59785.1,59813.7
1782331020000,59813.7,59963.1,59807.8,59923.8
1782331200000,59923.8,60290.9,59813.9,60156.6
1782331380000,60156.6,60405.8,60130.0,60405.8
1782331560000,60405.8,60747.9,60396.3,60514.4
1782331740000,60514.4,60799.9,60514.3,60722.4
1782331920000,60722.4,60732.5,60616.4,60648.7
1782332100000,60648.7,60756.2,60556.5,60728.7
1782332280000,60728.7,60741.2,60633.3,60682.7
1782332460000,60682.7,60798.3,60600.0,60660.1
1782332640000,60660.1,60767.9,60610.6,60759.6
1782332820000,60759.6,60764.1,60646.6,60744.9
1782333000000,60744.9,60882.0,60693.9,60818.4
1782333180000,60818.4,60820.0,60650.0,60742.8
1782333360000,60742.8,60865.6,60689.5,60859.2
1782333540000,60859.2,60859.2,60801.7,60834.6
1782333720000,60834.6,60894.5,60827.7,60850.8
1782333900000,60850.8,60957.4,60837.6,60933.1
1782334080000,60933.1,61188.0,60913.4,61149.7
1782334260000,61149.7,61168.8,60980.1,61086.4
1782334440000,61086.4,61101.7,60892.2,60980.0
1782334620000,60980.0,61015.2,60906.9,60926.4
1782334800000,60926.4,60995.9,60759.2,60764.6
1782334980000,60764.6,60817.8,60700.6,60737.4
1782335160000,60737.4,60750.0,60698.4,60712.9
1782335340000,60712.9,60840.6,60633.2,60633.3
1782335520000,60633.3,60748.9,60633.1,60691.3
1782335700000,60691.3,60770.0,60654.2,60722.2
1782335880000,60722.2,60874.2,60722.2,60874.2
1782336060000,60874.2,60880.1,60755.8,60755.9
1782336240000,60755.9,60824.3,60755.1,60824.3
1782336420000,60824.3,60832.7,60791.5,60822.2
1782336600000,60822.2,60825.0,60764.4,60821.0
1782336780000,60821.0,60896.4,60821.0,60854.0
1782336960000,60854.0,61075.7,60849.5,61056.7
1782337140000,61056.7,61076.1,60995.5,61037.3
1782337320000,61037.3,61110.1,61026.1,61058.1
1782337500000,61058.1,61115.2,60969.9,61068.9
1782337680000,61068.9,61068.9,61004.1,61015.6
1782337860000,61015.6,61034.5,61004.0,61004.1
1782338040000,61004.1,61066.4,61004.0,61064.2
1782338220000,61064.2,61088.0,61060.0,61073.6
1782338400000,61073.6,61242.9,61054.4,61154.9
1782338580000,61154.9,61150.6,61005.0,61042.3
1782338760000,61042.3,61085.0,61004.1,61036.8
1782338940000,61036.8,61086.0,61020.0,61056.4
1782339120000,61056.4,61068.5,60971.0,60973.3
1782339300000,60973.3,60987.9,60911.8,60968.4
1782339480000,60968.4,60970.6,60891.0,60921.0
1782339660000,60921.0,60926.4,60892.7,60898.9
1782339840000,60898.9,60900.8,60860.2,60860.2
1782340020000,60860.2,60877.8,60851.3,60858.2
1782340200000,60858.2,60927.1,60858.2,60905.4
1782340380000,60905.4,60911.4,60864.9,60887.4
1782340560000,60887.4,60918.2,60822.3,60833.1
1782340740000,60833.1,60843.8,60775.3,60817.2
1782340920000,60817.2,60899.3,60817.1,60894.3
1782341100000,60894.3,60894.4,60807.5,60813.1
1782341280000,60813.1,60831.6,60791.4,60810.5
1782341460000,60810.5,60846.2,60789.0,60809.3
1782341640000,60809.3,60869.9,60803.8,60849.1
1782341820000,60849.1,60858.8,60838.2,60850.2
1782342000000,60850.2,60851.9,60799.9,60811.6
1782342180000,60811.6,60894.9,60811.6,60868.2
1782342360000,60868.2,60932.4,60868.2,60879.5
1782342540000,60879.5,60895.2,60856.0,60882.1
1782342720000,60882.1,60910.0,60823.8,60856.2
1782342900000,60856.2,60888.0,60859.9,60887.9
1782343080000,60887.9,60895.7,60811.6,60858.9
1782343260000,60858.9,60987.5,60858.8,60974.7
1782343440000,60974.7,61006.8,60963.8,60979.4
1782343620000,60979.4,60983.5,60896.5,60956.1
1782343800000,60956.1,60977.1,60925.0,60976.7
1782343980000,60976.7,61036.8,60968.0,60998.8
1782344160000,60998.8,61038.0,60995.0,61006.2
1782344340000,61006.2,61009.8,60931.5,60967.6
1782344520000,60967.6,61000.0,60957.6,60999.9
1782344700000,60999.9,61045.1,60957.0,60978.7
1782344880000,60978.7,60990.0,60936.0,60936.0
1782345060000,60936.0,60984.9,60911.2,60984.9
1782345240000,60984.9,61066.7,60974.0,61065.7
1782345420000,61065.7,61086.3,61039.3,61051.2
1782345600000,61051.2,61072.9,61029.8,61046.6
1782345780000,61046.6,61080.0,61006.3,61050.6
1782345960000,61050.6,61138.9,61017.1,61037.5
1782346140000,61037.5,61085.5,61000.1,61085.5
1782346320000,61085.5,61123.8,61023.0,61067.4
1782346500000,61067.4,61079.5,60997.0,61028.9
1782346680000,61028.9,61029.0,60924.6,60925.4
1782346860000,60925.4,61050.1,60925.3,61007.4
1782347040000,61007.4,61024.3,60893.5,60918.6
1782347220000,60918.6,60962.3,60890.6,60895.8
1782347400000,60895.8,60930.0,60880.6,60918.5
1782347580000,60918.5,60964.7,60885.0,60900.0
1782347760000,60900.0,60934.2,60836.4,60845.3
1782347940000,60845.3,60903.8,60835.4,60851.4
1782348120000,60851.4,60874.8,60808.0,60813.3
1782348300000,60813.3,60830.4,60730.0,60742.4
1782348480000,60742.4,60850.0,60742.4,60850.0
1782348660000,60850.0,60895.4,60804.0,60839.1
1782348840000,60839.1,60839.1,60761.5,60789.6
1782349020000,60789.6,60812.9,60697.3,60786.9
1782349200000,60786.9,60854.3,60778.2,60781.0
1782349380000,60781.0,60788.9,60718.0,60781.5
1782349560000,60781.5,60791.5,60703.3,60726.7
1782349740000,60726.7,60761.5,60714.3,60742.2
1782349920000,60742.2,60770.0,60727.2,60737.5
1782350100000,60737.5,60799.8,60690.0,60785.9
1782350280000,60785.9,60809.2,60686.8,60800.1
1782350460000,60800.1,60906.2,60802.8,60895.1
1782350640000,60895.1,60909.4,60783.0,60802.4
1782350820000,60802.4,60852.3,60802.4,60827.7
1782351000000,60827.7,60879.9,60809.9,60844.1
1782351180000,60844.1,60849.9,60780.0,60835.8
1782351360000,60835.8,60847.8,60806.4,60837.5
1782351540000,60837.5,60869.1,60798.5,60798.5
1782351720000,60798.5,60832.1,60781.8,60794.4
1782351900000,60794.4,60817.6,60770.7,60817.6
1782352080000,60817.6,60904.2,60804.7,60902.5
1782352260000,60902.5,60947.2,60880.7,60915.8
1782352440000,60915.8,60960.5,60900.0,60942.6
1782352620000,60942.6,60954.9,60860.1,60892.9
1782352800000,60892.9,60900.0,60855.0,60892.7
1782352980000,60892.7,60938.9,60853.4,60853.5
1782353160000,60853.5,60862.1,60815.6,60844.3
1782353340000,60844.3,60844.3,60772.9,60773.3
1782353520000,60773.3,60780.5,60690.6,60751.8
1782353700000,60751.8,60792.7,60720.0,60776.4
1782353880000,60776.4,60894.4,60776.4,60864.9
1782354060000,60864.9,60885.2,60830.2,60842.8
1782354240000,60842.8,60851.5,60807.2,60851.5
1782354420000,60851.5,60918.3,60836.7,60900.2
1782354600000,60900.2,60901.6,60836.0,60849.0
1782354780000,60849.0,60873.7,60836.9,60873.7
1782354960000,60873.7,60903.7,60861.0,60872.9
1782355140000,60872.9,60906.6,60778.3,60778.8
1782355320000,60778.8,60795.2,60720.1,60732.7
1782355500000,60732.7,60769.0,60697.9,60768.9
1782355680000,60768.9,60792.9,60680.0,60680.1
1782355860000,60680.1,60719.9,60665.1,60673.8
1782356040000,60673.8,60752.0,60673.8,60715.0
1782356220000,60715.0,60780.5,60712.9,60763.2
1782356400000,60763.2,60842.1,60763.2,60773.9
1782356580000,60773.9,60800.0,60735.6,60737.7
1782356760000,60737.7,60799.1,60705.0,60798.1
1782356940000,60798.1,60798.1,60757.1,60762.3
1782357120000,60762.3,60775.4,60689.5,60730.1
1782357300000,60730.1,60766.9,60648.0,60764.0
1782357480000,60764.0,60811.9,60747.7,60788.1
1782357660000,60788.1,60793.5,60742.3,60793.5
1782357840000,60793.5,60802.5,60777.4,60802.5
1782358020000,60802.5,60804.0,60764.3,60764.4
1782358200000,60764.4,60817.9,60754.2,60783.3
1782358380000,60783.3,60797.2,60717.0,60717.0
1782358560000,60717.0,60753.2,60717.1,60744.5
1782358740000,60744.5,60757.2,60715.6,60757.2
1782358920000,60757.2,60757.2,60716.7,60718.6
1782359100000,60718.6,60772.4,60715.6,60750.9
1782359280000,60750.9,60776.3,60735.7,60762.8
1782359460000,60762.8,60804.0,60741.6,60798.4
1782359640000,60798.4,60854.4,60798.3,60839.4
1782359820000,60839.4,60877.7,60817.2,60853.9
1782360000000,60853.9,60878.6,60850.7,60854.1
1782360180000,60854.1,60857.1,60820.4,60833.7
1782360360000,60833.7,60854.3,60809.9,60851.8
1782360540000,60851.8,60851.8,60814.2,60836.8
1782360720000,60836.8,60836.8,60788.0,60789.7
1782360900000,60789.7,60802.1,60756.4,60764.9
1782361080000,60764.9,60796.6,60764.9,60796.2
1782361260000,60796.2,60888.0,60790.2,60881.9
1782361440000,60881.9,60880.3,60850.4,60869.0
1782361620000,60869.0,60871.6,60848.4,60865.5
1782361800000,60865.5,60865.5,60810.0,60819.7
1782361980000,60819.7,60826.9,60780.0,60819.2
1782362160000,60819.2,60888.8,60819.1,60888.5
1782362340000,60888.5,60927.6,60867.9,60874.0
1782362520000,60874.0,60949.9,60873.9,60949.8
1782362700000,60949.8,61013.4,60940.9,60992.9
1782362880000,60992.9,61077.5,60986.0,61071.9
1782363060000,61071.9,61206.7,61039.9,61186.9
1782363240000,61186.9,61363.9,61165.0,61328.9
1782363420000,61328.9,61387.3,61317.8,61323.3
1782363600000,61323.3,61569.9,61244.4,61440.1
1782363780000,61440.1,61554.0,61351.4,61475.9
1782363960000,61475.9,61722.1,61456.9,61667.2
1782364140000,61667.2,61721.0,61482.1,61613.6
1782364320000,61613.6,61619.6,61570.6,61615.8
1782364500000,61615.8,61685.5,61529.9,61669.2
1782364680000,61669.2,61676.3,61489.0,61499.3
1782364860000,61499.3,61712.7,61441.8,61698.6
1782365040000,61698.6,61785.2,61581.2,61592.0
1782365220000,61592.0,61598.9,61551.7,61579.5
1782365400000,61579.5,61612.8,61534.2,61601.6
1782365580000,61601.6,61628.6,61573.2,61614.2
1782365760000,61614.2,61625.5,61579.6,61580.5
1782365940000,61580.5,61587.5,61494.4,61527.3
1782366120000,61527.3,61575.4,61497.5,61499.8
1782366300000,61499.8,61530.7,61479.4,61530.7
1782366480000,61530.7,61570.0,61517.6,61547.1
1782366660000,61547.1,61650.0,61542.5,61586.4
1782366840000,61586.4,61614.0,61569.9,61609.3
1782367020000,61609.3,61630.6,61558.0,61567.1
1782367200000,61567.1,61638.0,61567.1,61638.0
1782367380000,61638.0,61649.8,61569.0,61599.9
1782367560000,61599.9,61646.9,61587.8,61625.3
1782367740000,61625.3,61726.5,61625.2,61726.5
1782367920000,61726.5,61733.0,61680.1,61681.1
1782368100000,61681.1,61768.8,61681.0,61685.9
1782368280000,61685.9,61720.8,61651.9,61676.3
1782368460000,61676.3,61688.4,61606.7,61639.5
1782368640000,61639.5,61667.6,61614.1,61667.5
1782368820000,61667.5,61667.6,61621.3,61638.6
1782369000000,61638.6,61680.0,61620.7,61677.8
1782369180000,61677.8,61709.7,61639.0,61665.6
1782369360000,61665.6,61685.7,61624.5,61659.8
1782369540000,61659.8,61724.0,61646.6,61703.9
1782369720000,61703.9,61731.9,61682.0,61728.7
1782369900000,61728.7,61736.2,61698.2,61736.1
1782370080000,61736.1,61755.0,61730.1,61755.0
1782370260000,61755.0,61763.4,61738.0,61738.1
1782370440000,61738.1,61822.4,61724.0,61787.4
1782370620000,61787.4,61811.6,61681.6,61693.4
1782370800000,61693.4,61749.7,61644.4,61644.5
1782370980000,61644.5,61714.9,61633.7,61686.9
1782371160000,61686.9,61699.5,61632.2,61636.1
1782371340000,61636.1,61727.6,61632.7,61702.7
1782371520000,61702.7,61800.0,61693.0,61724.1
1782371700000,61724.1,61866.1,61724.1,61812.3
1782371880000,61812.3,61833.5,61762.1,61771.3
1782372060000,61771.3,61804.1,61736.3,61769.1
1782372240000,61769.1,61809.9,61763.4,61796.5
1782372420000,61796.5,61821.2,61766.1,61774.1
1782372600000,61774.1,61839.9,61774.1,61814.2
1782372780000,61814.2,61843.9,61790.4,61831.0
1782372960000,61831.0,61878.6,61831.0,61858.7
1782373140000,61858.7,61918.9,61858.6,61911.4
1782373320000,61911.4,61931.1,61873.0,61886.0
1782373500000,61886.0,61886.1,61827.0,61839.7
1782373680000,61839.7,61873.7,61812.3,61814.8
1782373860000,61814.8,61853.8,61780.1,61832.7
1782374040000,61832.7,61850.0,61820.9,61845.9
1782374220000,61845.9,61915.3,61833.1,61886.8
1782374400000,61886.8,61897.6,61864.0,61874.6
1782374580000,61874.6,61874.6,61799.0,61799.1
1782374760000,61799.1,61799.1,61726.7,61746.1
1782374940000,61746.1,61791.6,61746.0,61770.6
1782375120000,61770.6,61776.5,61763.0,61770.5
1782375300000,61770.5,61771.0,61719.9,61729.8
1782375480000,61729.8,61740.0,61711.0,61716.6
1782375660000,61716.6,61734.9,61704.0,61705.7
1782375840000,61705.7,61710.3,61677.1,61710.3
1782376020000,61710.3,61757.9,61710.3,61753.8
1782376200000,61753.8,61753.8,61706.4,61737.5
1782376380000,61737.5,61737.5,61689.7,61689.9
1782376560000,61689.9,61716.7,61688.6,61699.8
1782376740000,61699.8,61722.0,61699.8,61712.0
1782376920000,61712.0,61734.8,61712.0,61729.4
1782377100000,61729.4,61774.2,61712.0,61744.1
1782377280000,61744.1,61766.1,61744.0,61761.0
1782377460000,61761.0,61767.6,61730.0,61749.7
1782377640000,61749.7,61749.8,61712.0,61712.1
1782377820000,61712.1,61713.7,61653.0,61686.4
1782378000000,61686.4,61707.7,61653.0,61671.1
1782378180000,61671.1,61707.6,61662.6,61703.2
1782378360000,61703.2,61726.2,61700.0,61705.1
1782378540000,61705.1,61764.9,61705.0,61749.4
1782378720000,61749.4,61763.9,61715.2,61715.2
1782378900000,61715.2,61741.2,61706.0,61730.1
1782379080000,61730.1,61730.1,61690.7,61697.9
1782379260000,61697.9,61698.0,61580.4,61644.6
1782379440000,61644.6,61649.4,61617.1,61649.4
1782379620000,61649.4,61691.2,61634.5,61665.3
1782379800000,61665.3,61736.5,61655.8,61695.9
1782379980000,61695.9,61735.7,61679.8,61686.4
1782380160000,61686.4,61747.4,61684.6,61732.6
1782380340000,61732.6,61734.9,61696.5,61734.9
1782380520000,61734.9,61748.7,61723.4,61724.5
1782380700000,61724.5,61742.7,61719.2,61735.5
1782380880000,61735.5,61746.5,61721.1,61746.5
1782381060000,61746.5,61756.0,61713.1,61723.7
1782381240000,61723.7,61723.6,61672.3,61705.1
1782381420000,61705.1,61729.3,61689.8,61707.8
1782381600000,61707.8,61727.9,61704.1,61717.1
1782381780000,61717.1,61725.5,61701.6,61702.5
1782381960000,61702.5,61702.5,61644.6,61651.1
1782382140000,61651.1,61658.1,61626.3,61640.4
1782382320000,61640.4,61666.6,61628.6,61657.4
1782382500000,61657.4,61725.1,61657.4,61690.1
1782382680000,61690.1,61698.8,61559.3,61575.0
1782382860000,61575.0,61596.0,61563.0,61578.1
1782383040000,61578.1,61584.2,61555.7,61576.6
1782383220000,61576.6,61576.6,61540.0,61550.5
1782383400000,61550.5,61564.9,61544.2,61546.6
1782383580000,61546.6,61548.8,61513.5,61527.7
1782383760000,61527.7,61547.4,61474.4,61514.4
1782383940000,61514.4,61519.9,61443.2,61463.3
1782384120000,61463.3,61487.6,61365.6,61369.1
1782384300000,61369.1,61378.8,61286.8,61302.4
1782384480000,61302.4,61359.9,61300.9,61327.9
1782384660000,61327.9,61353.7,61316.4,61324.6
1782384840000,61324.6,61335.8,61274.6,61300.5
1782385020000,61300.5,61312.7,61231.4,61245.3
1782385200000,61245.3,61309.4,61211.3,61214.0
1782385380000,61214.0,61230.0,61135.9,61135.9
1782385560000,61135.9,61136.0,61033.5,61070.1
1782385740000,61070.1,61115.6,61034.4,61115.6
1782385920000,61115.6,61339.8,61107.7,61330.1
1782386100000,61330.1,61395.3,61244.1,61356.6
1782386280000,61356.6,61356.6,61276.2,61313.4
1782386460000,61313.4,61335.8,61240.0,61242.7
1782386640000,61242.7,61296.0,61242.7,61280.1
1782386820000,61280.1,61285.8,61220.0,61220.1
1782387000000,61220.1,61291.9,61220.1,61243.8
1782387180000,61243.8,61262.7,61230.0,61254.7
1782387360000,61254.7,61340.7,61220.2,61305.9
1782387540000,61305.9,61367.5,61302.4,61347.1
1782387720000,61347.1,61347.1,61286.3,61297.7
1782387900000,61297.7,61297.7,61228.5,61235.5
1782388080000,61235.5,61245.8,61125.3,61199.5
1782388260000,61199.5,61208.1,61134.2,61134.2
1782388440000,61134.2,61237.9,61130.1,61235.6
1782388620000,61235.6,61259.7,61234.2,61258.2
1782388800000,61258.2,61351.9,61200.1,61233.6
1782388980000,61233.6,61253.7,61212.5,61246.7
1782389160000,61246.7,61242.8,61126.1,61235.6
1782389340000,61235.6,61247.9,61192.7,61202.2
1782389520000,61202.2,61203.2,61150.4,61200.1
1782389700000,61200.1,61216.8,61142.8,61159.6
1782389880000,61159.6,61169.7,61122.6,61158.1
1782390060000,61158.1,61174.8,61130.5,61174.8
1782390240000,61174.8,61245.3,61102.0,61107.4
1782390420000,61107.4,61120.4,61048.5,61077.0
1782390600000,61077.0,61725.0,61076.9,61303.2
1782390780000,61303.2,61438.4,61277.9,61430.4
1782390960000,61430.4,61438.6,61321.8,61384.4
1782391140000,61384.4,61420.4,61318.9,61391.4
1782391320000,61391.4,61399.9,61306.0,61352.5
1782391500000,61352.5,61368.5,61260.0,61368.4
1782391680000,61368.4,61384.2,61289.1,61358.4
1782391860000,61358.4,61384.3,61311.4,61311.4
1782392040000,61311.4,61311.5,61127.0,61131.6
1782392220000,61131.6,61222.0,61119.9,61216.3
1782392400000,61216.3,61300.1,61171.3,61244.6
1782392580000,61244.6,61261.5,61181.5,61214.5
1782392760000,61214.5,61238.9,61140.3,61147.4
1782392940000,61147.4,61303.8,61147.4,61300.1
1782393120000,61300.1,61339.9,61248.1,61296.5
1782393300000,61296.5,61338.6,61250.0,61286.6
1782393480000,61286.6,61321.4,61206.3,61206.4
1782393660000,61206.4,61255.9,61206.3,61238.2
1782393840000,61238.2,61245.0,61163.9,61205.4
1782394020000,61205.4,61238.9,61168.7,61210.2
1782394200000,61210.2,61319.8,60864.7,60939.2
1782394380000,60939.2,61116.4,60900.0,61016.1
1782394560000,61016.1,61083.0,60759.1,60779.5
1782394740000,60779.5,60797.7,60335.1,60338.8
1782394920000,60338.8,60388.0,60050.6,60054.2
1782395100000,60054.2,60227.6,59603.1,59697.6
1782395280000,59697.6,59756.1,59256.7,59367.2
1782395460000,59367.2,59395.4,58756.4,58779.7
1782395640000,58779.7,58909.4,58412.9,58585.3
1782395820000,58585.3,58645.0,58060.1,58259.8
1782396000000,58259.8,59085.2,58248.3,59015.2
1782396180000,59015.2,59084.3,58799.9,58903.5
1782396360000,58903.5,59392.6,58837.5,59350.6
1782396540000,59350.6,59710.7,59311.1,59406.4
1782396720000,59406.4,59550.1,59216.3,59223.2
1782396900000,59223.2,59380.4,58755.0,58911.6
1782397080000,58911.6,59482.9,58851.9,59417.3
1782397260000,59417.3,59530.0,59320.1,59399.9
1782397440000,59399.9,59516.7,59270.0,59437.2
1782397620000,59437.2,59527.0,59277.6,59292.4
1782397800000,59292.4,59616.9,59148.4,59597.3
1782397980000,59597.3,60464.2,59549.6,59916.3
1782398160000,59916.3,59916.9,59547.5,59649.2
1782398340000,59649.2,59849.8,59526.7,59540.8
1782398520000,59540.8,59587.5,59403.4,59459.8
1782398700000,59459.8,59541.2,59322.0,59373.7
1782398880000,59373.7,59639.6,59357.1,59555.1
1782399060000,59555.1,59771.9,59529.5,59577.6
1782399240000,59577.6,59709.7,59500.0,59515.6
1782399420000,59515.6,59553.5,59409.9,59448.7
1782399600000,59448.7,59457.4,59189.4,59231.3
1782399780000,59231.3,59399.6,59028.7,59230.0
1782399960000,59230.0,59360.6,59141.3,59244.7
1782400140000,59244.7,59309.1,59083.5,59148.1
1782400320000,59148.1,59176.2,59022.7,59033.1
1782400500000,59033.1,59032.9,58844.3,58916.1
1782400680000,58916.1,59346.9,58880.1,59200.1
1782400860000,59200.1,59300.0,59127.1,59288.5
1782401040000,59288.5,59362.8,59200.1,59284.7
1782401220000,59284.7,59327.2,59191.1,59241.4
1782401400000,59241.4,59306.6,59153.6,59189.1
1782401580000,59189.1,59326.4,59130.1,59314.2
1782401760000,59314.2,59527.1,59290.6,59314.4
1782401940000,59314.4,59313.9,59180.0,59225.3
1782402120000,59225.3,59225.3,59050.5,59172.4
1782402300000,59172.4,59357.6,59146.0,59292.2
1782402480000,59292.2,59376.9,59206.0,59323.6
1782402660000,59323.6,59439.9,59280.1,59338.7
1782402840000,59338.7,59630.0,59336.0,59599.9
1782403020000,59599.9,59605.5,59478.1,59536.1
1782403200000,59536.1,59614.9,59462.7,59482.8
1782403380000,59482.8,59550.7,59442.4,59442.5
1782403560000,59442.5,59738.9,59439.5,59738.9
1782403740000,59738.9,60030.0,59720.0,59744.9
1782403920000,59744.9,59794.3,59648.5,59727.4
1782404100000,59727.4,59776.9,59650.0,59776.9
1782404280000,59776.9,59820.3,59700.6,59703.0
1782404460000,59703.0,59796.7,59666.3,59678.9
1782404640000,59678.9,59756.9,59657.7,59735.6
1782404820000,59735.6,59744.3,59675.7,59718.6
1782405000000,59718.6,59718.7,59424.6,59496.7
1782405180000,59496.7,59496.7,59348.7,59409.0
1782405360000,59409.0,59510.0,59323.7,59349.8
1782405540000,59349.8,59370.0,59271.1,59285.9
1782405720000,59285.9,59340.1,59215.4,59242.5
1782405900000,59242.5,59288.9,59133.3,59214.7
1782406080000,59214.7,59370.3,59214.6,59296.4
1782406260000,59296.4,59340.4,59233.2,59258.1
1782406440000,59258.1,59299.9,59190.1,59203.0
1782406620000,59203.0,59326.5,59202.9,59284.1
1782406800000,59284.1,59339.3,59178.8,59196.8
1782406980000,59196.8,59219.9,59131.7,59131.8
1782407160000,59131.8,59200.0,59115.6,59167.2
1782407340000,59167.2,59447.8,59166.4,59305.5
1782407520000,59305.5,59411.4,59284.7,59381.0
1782407700000,59381.0,59584.6,59380.9,59514.2
1782407880000,59514.2,59523.2,59312.8,59447.4
1782408060000,59447.4,59514.2,59438.9,59467.0
1782408240000,59467.0,59580.0,59430.8,59546.4
1782408420000,59546.4,59582.5,59459.7,59530.1
1782408600000,59530.1,59576.7,59480.0,59493.4
1782408780000,59493.4,59555.8,59466.5,59535.8
1782408960000,59535.8,59719.5,59524.5,59679.2
1782409140000,59679.2,59720.0,59574.7,59595.6
1782409320000,59595.6,59615.9,59505.1,59505.2
1782409500000,59505.2,59507.8,59433.3,59502.1
1782409680000,59502.1,59525.8,59451.1,59493.5
1782409860000,59493.5,59615.6,59417.7,59580.5
1782410040000,59580.5,59594.4,59457.2,59525.3
1782410220000,59525.3,59666.1,59525.2,59656.3
1782410400000,59656.3,59775.0,59542.7,59547.9
1782410580000,59547.9,59667.0,59525.7,59586.2
1782410760000,59586.2,59664.4,59554.0,59622.3
1782410940000,59622.3,59667.7,59517.5,59564.0
1782411120000,59564.0,59567.7,59373.1,59373.2
1782411300000,59373.2,59494.0,59375.0,59454.5
1782411480000,59454.5,59727.9,59454.5,59633.7
1782411660000,59633.7,59633.7,59521.5,59599.5
1782411840000,59599.5,59610.9,59535.1,59598.0
1782412020000,59598.0,59703.1,59560.5,59693.0
1782412200000,59693.0,59693.1,59524.8,59532.4
1782412380000,59532.4,59532.3,59389.4,59454.3
1782412560000,59454.3,59487.4,59399.1,59409.0
1782412740000,59409.0,59431.6,59371.0,59418.0
1782412920000,59418.0,59450.6,59403.2,59403.7
1782413100000,59403.7,59427.4,59333.1,59388.5
1782413280000,59388.5,59501.6,59388.4,59433.2
1782413460000,59433.2,59553.4,59408.4,59518.5
1782413640000,59518.5,59572.8,59470.5,59526.0
1782413820000,59526.0,59528.5,59460.0,59474.3
1782414000000,59474.3,59496.6,59373.9,59380.4
1782414180000,59380.4,59407.0,59319.9,59336.2
1782414360000,59336.2,59350.6,59288.0,59289.9
1782414540000,59289.9,59351.4,59289.9,59294.0
1782414720000,59294.0,59294.0,59200.0,59220.7
1782414900000,59220.7,59272.1,59207.6,59211.2
1782415080000,59211.2,59259.9,59200.2,59217.7
1782415260000,59217.7,59286.4,59156.7,59157.2
1782415440000,59157.2,59337.9,59152.7,59307.7
1782415620000,59307.7,59329.0,59250.0,59323.2
1782415800000,59323.2,59369.0,59302.6,59306.9
1782415980000,59306.9,59377.2,59268.2,59346.0
1782416160000,59346.0,59370.1,59282.5,59297.6
1782416340000,59297.6,59421.9,59297.5,59353.3
1782416520000,59353.3,59366.1,59265.5,59280.0
1782416700000,59280.0,59275.4,59173.2,59183.5
1782416880000,59183.5,59295.4,59156.2,59280.6
1782417060000,59280.6,59305.8,59246.8,59264.4
1782417240000,59264.4,59338.3,59250.1,59306.5
1782417420000,59306.5,59325.8,59246.1,59297.1
1782417600000,59297.1,59649.9,59298.7,59556.8
1782417780000,59556.8,59723.5,59552.0,59651.0
1782417960000,59651.0,59714.9,59574.0,59664.0
1782418140000,59664.0,59664.1,59541.0,59572.1
1782418320000,59572.1,59596.6,59519.6,59553.5
1782418500000,59553.5,59623.0,59525.1,59552.6
1782418680000,59552.6,59617.8,59552.6,59578.0
1782418860000,59578.0,59622.8,59563.1,59606.8
1782419040000,59606.8,59707.8,59591.7,59696.4
1782419220000,59696.4,59711.5,59595.8,59600.1
1782419400000,59600.1,59639.7,59439.9,59459.5
1782419580000,59459.5,59559.1,59459.4,59539.9
1782419760000,59539.9,59591.7,59487.4,59492.7
1782419940000,59492.7,59515.7,59386.9,59415.2
1782420120000,59415.2,59499.9,59420.8,59499.0
1782420300000,59499.0,59499.9,59450.0,59450.1
1782420480000,59450.1,59466.1,59370.0,59372.8
1782420660000,59372.8,59415.2,59343.9,59344.0
1782420840000,59344.0,59378.3,59312.7,59354.8
1782421020000,59354.8,59444.1,59347.1,59428.9
1782421200000,59428.9,59475.2,59422.7,59450.5
1782421380000,59450.5,59553.7,59431.7,59462.1
1782421560000,59462.1,59522.0,59455.2,59522.0
1782421740000,59522.0,59576.0,59508.2,59555.9
1782421920000,59555.9,59595.7,59511.1,59595.7
1782422100000,59595.7,59607.5,59527.6,59533.6
1782422280000,59533.6,59569.2,59527.7,59559.8
1782422460000,59559.8,59597.1,59550.1,59563.3
1782422640000,59563.3,59686.1,59563.3,59651.3
1782422820000,59651.3,59686.1,59637.9,59686.1
1782423000000,59686.1,59855.7,59676.3,59833.0
1782423180000,59833.0,59985.5,59806.7,59984.9
1782423360000,59984.9,59973.6,59874.8,59904.8
1782423540000,59904.8,59904.9,59820.2,59832.9
1782423720000,59832.9,59944.5,59805.6,59935.3
1782423900000,59935.3,59967.9,59870.8,59890.9
1782424080000,59890.9,59974.8,59863.5,59953.8
1782424260000,59953.8,60029.9,59927.9,60015.5
1782424440000,60015.5,60062.6,59961.2,59966.4
1782424620000,59966.4,60234.2,59966.4,60180.7
1782424800000,60180.7,60180.8,60075.9,60155.2
1782424980000,60155.2,60170.0,60069.7,60090.0
1782425160000,60090.0,60106.0,59943.5,59974.3
1782425340000,59974.3,60012.4,59851.0,59944.0
1782425520000,59944.0,59949.7,59850.1,59859.4
1782425700000,59859.4,59960.7,59851.7,59959.6
1782425880000,59959.6,59984.6,59773.6,59785.4
1782426060000,59785.4,59835.8,59761.1,59828.9
1782426240000,59828.9,59834.0,59791.6,59803.4
1782426420000,59803.4,59817.0,59755.0,59763.5
1782426600000,59763.5,59808.2,59718.6,59742.6
1782426780000,59742.6,59784.4,59721.6,59784.4
1782426960000,59784.4,59849.9,59750.0,59761.9
1782427140000,59761.9,59795.9,59727.3,59782.4
1782427320000,59782.4,59787.4,59747.1,59764.9
1782427500000,59764.9,59840.0,59763.0,59763.0
1782427680000,59763.0,59787.2,59705.4,59772.0
1782427860000,59772.0,59784.0,59739.1,59775.2
1782428040000,59775.2,59825.9,59764.4,59807.9
1782428220000,59807.9,59899.6,59807.9,59815.2
1782428400000,59815.2,59886.7,59801.7,59871.1
1782428580000,59871.1,59896.8,59832.6,59832.6
1782428760000,59832.6,59857.8,59806.6,59821.9
1782428940000,59821.9,59827.9,59760.7,59827.7
1782429120000,59827.7,59924.9,59827.6,59917.7
1782429300000,59917.7,60016.3,59895.3,59990.8
1782429480000,59990.8,60074.4,59990.8,60072.7
1782429660000,60072.7,60124.8,60060.0,60113.7
1782429840000,60113.7,60149.3,60089.2,60097.1
1782430020000,60097.1,60130.7,60060.6,60067.4
1782430200000,60067.4,60164.3,60059.9,60115.7
1782430380000,60115.7,60126.6,60088.0,60101.9
1782430560000,60101.9,60118.7,60031.8,60060.5
1782430740000,60060.5,60071.3,60014.9,60014.9
1782430920000,60014.9,60039.0,59932.6,59950.8
1782431100000,59950.8,59950.8,59872.4,59879.0
1782431280000,59879.0,59887.0,59785.7,59801.4
1782431460000,59801.4,59811.1,59769.1,59809.7
1782431640000,59809.7,59809.7,59709.2,59742.8
1782431820000,59742.8,59788.0,59742.8,59769.9
1782432000000,59769.9,59838.0,59740.9,59838.0
1782432180000,59838.0,59850.0,59770.0,59839.4
1782432360000,59839.4,59857.5,59770.6,59775.0
1782432540000,59775.0,59882.2,59775.0,59811.7
1782432720000,59811.7,59873.8,59772.9,59860.1
1782432900000,59860.1,59860.2,59766.1,59839.3
1782433080000,59839.3,59849.2,59743.0,59804.9
1782433260000,59804.9,59819.0,59766.0,59793.3
1782433440000,59793.3,59809.4,59690.9,59710.0
1782433620000,59710.0,59768.8,59674.5,59748.8
1782433800000,59748.8,59769.7,59705.0,59718.0
1782433980000,59718.0,59774.3,59700.1,59700.1
1782434160000,59700.1,59777.3,59670.6,59770.6
1782434340000,59770.6,59850.0,59731.9,59786.3
1782434520000,59786.3,59815.0,59760.1,59760.1
1782434700000,59760.1,59800.6,59739.8,59764.5
1782434880000,59764.5,59769.6,59688.3,59688.3
1782435060000,59688.3,59767.6,59688.3,59711.5
1782435240000,59711.5,59715.5,59612.2,59646.1
1782435420000,59646.1,59668.7,59608.1,59640.0
1782435600000,59640.0,59761.3,59633.2,59706.1
1782435780000,59706.1,59709.7,59458.4,59466.6
1782435960000,59466.6,59565.4,59417.3,59552.0
1782436140000,59552.0,59669.4,59510.2,59645.4
1782436320000,59645.4,59645.4,59549.2,59574.0
1782436500000,59574.0,59643.3,59549.2,59620.3
1782436680000,59620.3,59620.4,59545.1,59590.5
1782436860000,59590.5,59599.9,59450.0,59463.1
1782437040000,59463.1,59485.7,59375.5,59375.5
1782437220000,59375.5,59408.2,59266.7,59272.3
1782437400000,59272.3,59318.6,59214.1,59221.2
1782437580000,59221.2,59307.6,59200.0,59223.1
1782437760000,59223.1,59290.3,59203.7,59274.7
1782437940000,59274.7,59356.0,59244.4,59325.1
1782438120000,59325.1,59340.0,59237.4,59284.1
1782438300000,59284.1,59319.0,59250.1,59298.2
1782438480000,59298.2,59402.0,59298.2,59399.4
1782438660000,59399.4,59417.0,59345.4,59351.9
1782438840000,59351.9,59407.5,59341.6,59401.3
1782439020000,59401.3,59413.1,59348.0,59413.1
1782439200000,59413.1,59432.3,59348.1,59388.9
1782439380000,59388.9,59401.7,59335.8,59343.8
1782439560000,59343.8,59380.0,59331.4,59331.8
1782439740000,59331.8,59341.2,59140.0,59163.2
1782439920000,59163.2,59167.8,58620.0,58651.7
1782440100000,58651.7,58816.5,58421.6,58790.4
1782440280000,58790.4,58818.7,58561.0,58561.0
1782440460000,58561.0,58587.8,58355.2,58414.9
1782440640000,58414.9,58655.0,58325.6,58648.1
1782440820000,58648.1,58865.1,58648.1,58859.1
1782441000000,58859.1,58968.0,58715.8,58734.9
1782441180000,58734.9,58990.3,58658.5,58867.1
1782441360000,58867.1,58899.9,58673.9,58720.2
1782441540000,58720.2,58832.7,58720.2,58766.9
1782441720000,58766.9,58879.9,58758.1,58788.4
1782441900000,58788.4,58806.4,58680.0,58695.0
1782442080000,58695.0,58717.5,58537.5,58687.8
1782442260000,58687.8,58695.2,58435.2,58460.0
1782442440000,58460.0,58533.0,58403.5,58440.8
1782442620000,58440.8,58587.5,58439.6,58536.1
1782442800000,58536.1,58593.9,58296.4,58361.8
1782442980000,58361.8,58687.0,58331.1,58662.5
1782443160000,58662.5,58736.2,58552.0,58672.4
1782443340000,58672.4,58933.0,58661.0,58932.9
1782443520000,58932.9,58944.0,58821.0,58870.3
1782443700000,58870.3,58908.9,58800.0,58817.9
1782443880000,58817.9,58899.9,58802.6,58855.8
1782444060000,58855.8,58906.1,58771.9,58781.2
1782444240000,58781.2,58897.0,58776.7,58878.9
1782444420000,58878.9,59166.5,58871.4,59070.8
1782444600000,59070.8,59229.9,58983.4,59193.7
1782444780000,59193.7,59242.8,59158.1,59200.1
1782444960000,59200.1,59385.7,59186.5,59385.7
1782445140000,59385.7,59525.0,59378.5,59405.8
1782445320000,59405.8,59493.0,59366.0,59470.1
1782445500000,59470.1,59833.6,59464.0,59826.5
1782445680000,59826.5,59826.5,59626.1,59730.1
1782445860000,59730.1,59865.9,59689.0,59750.0
1782446040000,59750.0,60112.1,59742.0,59977.5
1782446220000,59977.5,60025.6,59858.7,60017.1
1782446400000,60017.1,60078.3,59805.5,59836.6
1782446580000,59836.6,59909.9,59831.7,59877.9
1782446760000,59877.9,60020.0,59820.0,59969.4
1782446940000,59969.4,60011.2,59878.0,60002.8
1782447120000,60002.8,59996.4,59860.8,59885.8
1782447300000,59885.8,60220.8,59860.6,60196.1
1782447480000,60196.1,60196.1,59935.1,59959.9
1782447660000,59959.9,60000.0,59910.0,59965.9
1782447840000,59965.9,59991.3,59865.7,59872.8
1782448020000,59872.8,59985.6,59872.7,59965.2
1782448200000,59965.2,59998.9,59911.7,59916.4
1782448380000,59916.4,59950.0,59871.8,59923.1
1782448560000,59923.1,59945.9,59872.5,59899.4
1782448740000,59899.4,59958.0,59866.0,59944.3
1782448920000,59944.3,59954.3,59893.0,59949.4
1782449100000,59949.4,59958.0,59868.0,59917.2
1782449280000,59917.2,59930.0,59860.2,59860.3
1782449460000,59860.3,59904.9,59824.3,59835.1
1782449640000,59835.1,59878.7,59810.1,59859.3
1782449820000,59859.3,59900.6,59853.6,59899.9
1782450000000,59899.9,59926.1,59830.0,59830.0
1782450180000,59830.0,59883.6,59815.0,59829.1
1782450360000,59829.1,59896.4,59818.8,59847.7
1782450540000,59847.7,59943.7,59823.6,59917.6
1782450720000,59917.6,59952.1,59900.0,59952.1
1782450900000,59952.1,60024.0,59904.3,59930.0
1782451080000,59930.0,59950.0,59886.1,59913.9
1782451260000,59913.9,59931.9,59704.2,59704.2
1782451440000,59704.2,59866.9,59704.3,59858.1
1782451620000,59858.1,59975.2,59858.0,59936.9
1782451800000,59936.9,59993.9,59931.7,59986.9
1782451980000,59986.9,60026.4,59929.1,59999.7
1782452160000,59999.7,60009.6,59940.0,59946.0
1782452340000,59946.0,59954.4,59878.0,59888.1
1782452520000,59888.1,59895.5,59830.7,59861.2
1782452700000,59861.2,59870.4,59761.2,59785.9
1782452880000,59785.9,59876.6,59765.0,59823.3
1782453060000,59823.3,59885.8,59805.8,59880.7
1782453240000,59880.7,59927.3,59872.8,59920.2
1782453420000,59920.2,59948.1,59888.1,59921.9
1782453600000,59921.9,59921.9,59778.1,59788.1
1782453780000,59788.1,59788.1,59669.7,59758.7
1782453960000,59758.7,59796.8,59715.6,59726.7
1782454140000,59726.7,59768.3,59717.6,59734.1
1782454320000,59734.1,59768.3,59681.0,59686.1
1782454500000,59686.1,59760.4,59686.0,59726.9
1782454680000,59726.9,59846.0,59708.2,59836.6
1782454860000,59836.6,60043.5,59810.5,60005.9
1782455040000,60005.9,60073.7,59962.3,59964.5
1782455220000,59964.5,60026.8,59890.9,60017.7
1782455400000,60017.7,60025.5,59925.1,60010.4
1782455580000,60010.4,60045.0,59935.9,60001.6
1782455760000,60001.6,60165.1,60000.2,60152.6
1782455940000,60152.6,60338.9,60085.1,60169.8
1782456120000,60169.8,60393.6,60148.3,60363.1
1782456300000,60363.1,60436.1,60263.7,60365.0
1782456480000,60365.0,60388.0,60246.9,60246.9
1782456660000,60246.9,60267.5,60204.6,60263.6
1782456840000,60263.6,60290.6,60230.4,60238.9
1782457020000,60238.9,60319.9,60236.9,60299.0
1782457200000,60299.0,60322.0,60265.1,60273.7
1782457380000,60273.7,60314.0,60252.5,60281.8
1782457560000,60281.8,60378.9,60281.8,60309.1
1782457740000,60309.1,60425.5,60293.6,60391.3
1782457920000,60391.3,60518.0,60346.1,60491.7
1782458100000,60491.7,60586.9,60441.0,60575.8
1782458280000,60575.8,60589.9,60495.4,60495.5
1782458460000,60495.5,60538.5,60481.7,60526.2
1782458640000,60526.2,60567.2,60481.7,60567.2
1782458820000,60567.2,60681.0,60552.9,60560.4
1782459000000,60560.4,60675.9,60539.8,60642.9
1782459180000,60642.9,60669.4,60525.4,60531.8
1782459360000,60531.8,60665.7,60531.7,60653.9
1782459540000,60653.9,60725.8,60641.3,60670.0
1782459720000,60670.0,60679.0,60554.9,60554.9
1782459900000,60554.9,60570.0,60461.3,60470.0
1782460080000,60470.0,60515.5,60467.5,60514.1
1782460260000,60514.1,60557.6,60479.0,60538.1
1782460440000,60538.1,60607.1,60526.2,60547.8
1782460620000,60547.8,60562.4,60494.5,60494.5
1782460800000,60494.5,60542.6,60359.0,60369.2
1782460980000,60369.2,60418.2,60330.5,60335.5
1782461160000,60335.5,60344.7,60224.5,60247.6
1782461340000,60247.6,60286.9,60217.2,60281.0
1782461520000,60281.0,60307.6,60200.0,60237.8
1782461700000,60237.8,60274.1,60202.1,60256.1
1782461880000,60256.1,60273.5,60155.7,60171.8
1782462060000,60171.8,60332.8,60171.8,60280.5
1782462240000,60280.5,60345.3,60273.8,60275.5
1782462420000,60275.5,60315.9,60226.0,60280.8
1782462600000,60280.8,60316.9,60195.4,60220.3
1782462780000,60220.3,60240.9,60115.7,60146.9
1782462960000,60146.9,60233.0,60145.6,60221.1
1782463140000,60221.1,60234.3,60153.4,60194.5
1782463320000,60194.5,60229.8,60166.8,60184.8
1782463500000,60184.8,60249.7,60159.2,60163.4
1782463680000,60163.4,60170.9,60116.7,60150.0
1782463860000,60150.0,60209.6,60131.1,60202.4
1782464040000,60202.4,60209.5,60118.2,60195.2
1782464220000,60195.2,60246.0,60178.9,60215.2
1782464400000,60215.2,60229.8,60129.1,60130.4
1782464580000,60130.4,60155.7,60053.1,60093.9
1782464760000,60093.9,60110.0,60044.4,60092.8
1782464940000,60092.8,60120.0,60051.0,60109.2
1782465120000,60109.2,60148.7,60058.8,60141.1
1782465300000,60141.1,60150.5,60100.1,60125.3
1782465480000,60125.3,60144.2,60052.3,60133.8
1782465660000,60133.8,60150.9,60076.9,60110.0
1782465840000,60110.0,60131.5,60082.0,60115.0
1782466020000,60115.0,60120.8,60087.7,60098.2
1782466200000,60098.2,60102.8,60054.0,60061.8
1782466380000,60061.8,60104.3,60027.0,60099.9
1782466560000,60099.9,60100.0,60031.3,60070.1
1782466740000,60070.1,60091.9,59987.0,60030.0
1782466920000,60030.0,60057.0,59920.9,59974.7
1782467100000,59974.7,60004.4,59914.4,59923.7
1782467280000,59923.7,59923.7,59777.3,59816.9
1782467460000,59816.9,59847.0,59548.1,59630.1
1782467640000,59630.1,59833.0,59600.1,59747.2
1782467820000,59747.2,59758.4,59659.6,59709.2
1782468000000,59709.2,59720.0,59625.2,59665.6
1782468180000,59665.6,59709.1,59650.0,59705.7
1782468360000,59705.7,59775.7,59665.7,59716.8
1782468540000,59716.8,59757.4,59652.6,59679.9
1782468720000,59679.9,59799.5,59655.4,59718.0
1782468900000,59718.0,59834.2,59717.9,59785.2
1782469080000,59785.2,59788.6,59703.4,59703.5
1782469260000,59703.5,59750.1,59700.1,59745.9
1782469440000,59745.9,59772.9,59702.1,59755.3
1782469620000,59755.3,59790.8,59691.5,59701.3
1782469800000,59701.3,59786.6,59674.9,59750.0
1782469980000,59750.0,59787.9,59732.3,59787.8
1782470160000,59787.8,59787.7,59574.9,59582.5
1782470340000,59582.5,59599.8,59432.4,59528.8
1782470520000,59528.8,59541.6,59490.1,59532.1
1782470700000,59532.1,59547.0,59341.5,59355.1
1782470880000,59355.1,59450.0,59328.2,59421.3
1782471060000,59421.3,59433.4,59300.5,59350.0
1782471240000,59350.0,59408.9,59329.4,59368.4
1782471420000,59368.4,59371.0,59213.1,59290.0
1782471600000,59290.0,59380.1,59235.6,59361.6
1782471780000,59361.6,59569.0,59359.6,59519.9
1782471960000,59519.9,59548.7,59450.1,59478.3
1782472140000,59478.3,59486.4,59370.6,59466.2
1782472320000,59466.2,59479.5,59443.3,59465.9
1782472500000,59465.9,59474.8,59345.2,59354.2
1782472680000,59354.2,59446.3,59340.0,59399.5
1782472860000,59399.5,59478.8,59379.5,59478.8
1782473040000,59478.8,59478.8,59426.5,59453.3
1782473220000,59453.3,59459.6,59356.6,59398.4
1782473400000,59398.4,59458.7,59391.8,59407.0
1782473580000,59407.0,59478.8,59396.0,59478.7
1782473760000,59478.7,59514.6,59425.2,59466.8
1782473940000,59466.8,59475.0,59369.7,59423.6
1782474120000,59423.6,59489.7,59361.1,59419.2
1782474300000,59419.2,59419.3,59367.6,59390.0
1782474480000,59390.0,59431.6,59329.9,59356.2
1782474660000,59356.2,59395.5,59262.5,59279.2
1782474840000,59279.2,59387.8,59258.0,59334.2
1782475020000,59334.2,59427.9,59327.7,59392.4
1782475200000,59392.4,59456.7,59350.1,59350.1
1782475380000,59350.1,59494.3,59321.0,59486.4
1782475560000,59486.4,59486.4,59416.0,59454.9
1782475740000,59454.9,59450.8,59357.7,59402.1
1782475920000,59402.1,59489.2,59392.8,59436.6
1782476100000,59436.6,59592.1,59425.6,59592.0
1782476280000,59592.0,59615.5,59502.8,59504.2
1782476460000,59504.2,59565.7,59484.8,59533.1
1782476640000,59533.1,59677.7,59530.6,59635.8
1782476820000,59635.8,59710.0,59616.3,59709.9
1782477000000,59709.9,59765.6,59635.6,59765.5
1782477180000,59765.5,59992.6,59721.1,59733.7
1782477360000,59733.7,59737.1,59393.2,59438.8
1782477540000,59438.8,59444.4,59111.0,59192.8
1782477720000,59192.8,59217.7,58940.4,59118.9
1782477900000,59118.9,59577.8,59041.2,59369.3
1782478080000,59369.3,59371.5,59184.8,59371.5
1782478260000,59371.5,59389.7,59244.2,59333.0
1782478440000,59333.0,59345.9,59203.9,59239.6
1782478620000,59239.6,59286.9,59155.1,59167.5
1782478800000,59167.5,59227.4,59129.6,59151.8
1782478980000,59151.8,59243.0,59105.2,59160.9
1782479160000,59160.9,59174.5,59060.0,59122.4
1782479340000,59122.4,59130.0,58926.7,59016.1
1782479520000,59016.1,59260.8,59018.2,59075.9
1782479700000,59075.9,59153.9,58982.1,59000.0
1782479880000,59000.0,59039.6,58445.5,58925.5
1782480060000,58925.5,59038.6,58740.6,58945.4
1782480240000,58945.4,58956.2,58805.9,58901.5
1782480420000,58901.5,58914.2,58800.0,58890.7
1782480600000,58890.7,59142.3,58840.5,59082.1
1782480780000,59082.1,59300.1,58810.0,59119.4
1782480960000,59119.4,59236.4,59007.2,59215.8
1782481140000,59215.8,59241.7,59107.4,59194.3
1782481320000,59194.3,59487.0,59191.5,59455.0
1782481500000,59455.0,59511.5,59300.8,59447.8
1782481680000,59447.8,59548.8,59389.7,59547.2
1782481860000,59547.2,59738.1,59499.2,59716.0
1782482040000,59716.0,59968.6,59675.7,59968.5
1782482220000,59968.5,60189.5,59963.1,60146.8
1782482400000,60146.8,60274.2,59853.4,59872.8
1782482580000,59872.8,60037.8,59786.6,59871.3
1782482760000,59871.3,60032.6,59835.1,59972.1
1782482940000,59972.1,60029.6,59890.1,59961.6
1782483120000,59961.6,60061.0,59929.0,59958.5
1782483300000,59958.5,60049.9,59888.8,59892.9
1782483480000,59892.9,60029.9,59793.2,59965.4
1782483660000,59965.4,60050.0,59943.2,59996.0
1782483840000,59996.0,60119.6,59935.2,60008.8
1782484020000,60008.8,60222.0,60004.5,60032.6
1782484200000,60032.6,60048.3,59900.1,59924.9
1782484380000,59924.9,59945.9,59788.5,59790.9
1782484560000,59790.9,59801.4,59557.4,59650.5
1782484740000,59650.5,59659.6,59522.7,59597.5
1782484920000,59597.5,59677.8,59562.0,59578.1
1782485100000,59578.1,59696.9,59540.3,59692.7
1782485280000,59692.7,59886.9,59687.8,59746.8
1782485460000,59746.8,59768.1,59604.4,59604.5
1782485640000,59604.5,59604.5,59361.2,59477.4
1782485820000,59477.4,59663.0,59477.4,59568.9
1782486000000,59568.9,59679.0,59560.1,59679.0
1782486180000,59679.0,59760.0,59581.9,59607.3
1782486360000,59607.3,59816.5,59572.2,59736.8
1782486540000,59736.8,60067.9,59736.8,59887.5
1782486720000,59887.5,59887.4,59726.4,59802.0
1782486900000,59802.0,59940.7,59755.8,59883.0
1782487080000,59883.0,59975.4,59853.9,59920.4
1782487260000,59920.4,60063.5,59917.7,60058.1
1782487440000,60058.1,60350.0,60055.7,60350.0
1782487620000,60350.0,60350.7,60095.8,60163.2
1782487800000,60163.2,60261.5,60137.0,60185.0
1782487980000,60185.0,60199.9,60116.4,60186.4
1782488160000,60186.4,60431.3,60186.4,60382.5
1782488340000,60382.5,60476.8,60350.4,60363.2
1782488520000,60363.2,60478.4,60363.2,60400.1
1782488700000,60400.1,60414.6,60250.1,60293.2
1782488880000,60293.2,60395.7,60266.0,60383.7
1782489060000,60383.7,60395.8,60116.4,60170.9
1782489240000,60170.9,60300.0,60134.6,60299.9
1782489420000,60299.9,60325.3,60260.0,60294.5
1782489600000,60294.5,60572.1,60294.3,60432.8
1782489780000,60432.8,60477.0,60351.6,60368.8
1782489960000,60368.8,60423.0,60235.1,60243.3
1782490140000,60243.3,60249.3,60149.0,60168.5
1782490320000,60168.5,60187.3,60125.4,60154.5
1782490500000,60154.5,60260.0,60149.9,60172.6
1782490680000,60172.6,60178.2,59954.8,59984.1
1782490860000,59984.1,60060.2,59938.4,60000.1
1782491040000,60000.1,60074.5,59983.1,60019.1
1782491220000,60019.1,60081.9,60009.0,60023.2
1782491400000,60023.2,60166.2,60024.6,60114.0
1782491580000,60114.0,60366.5,60095.4,60300.9
1782491760000,60300.9,60301.0,60166.9,60166.9
1782491940000,60166.9,60252.8,60130.3,60142.4
1782492120000,60142.4,60199.9,60024.7,60040.2
1782492300000,60040.2,60107.5,60022.4,60072.1
1782492480000,60072.1,60157.6,60054.9,60105.6
1782492660000,60105.6,60135.1,59983.8,60053.9
1782492840000,60053.9,60111.6,60000.1,60006.5
1782493020000,60006.5,60079.1,60006.4,60017.8
1782493200000,60017.8,60089.7,59981.8,60089.7
1782493380000,60089.7,60164.6,60078.1,60135.3
1782493560000,60135.3,60156.5,60084.8,60156.4
1782493740000,60156.4,60266.3,60143.6,60188.5
1782493920000,60188.5,60240.0,60160.1,60190.1
1782494100000,60190.1,60198.2,60042.6,60050.5
1782494280000,60050.5,60117.3,60010.0,60084.5
1782494460000,60084.5,60200.1,60033.1,60098.7
1782494640000,60098.7,60132.7,60066.3,60120.6
1782494820000,60120.6,60229.9,60117.1,60157.0
1782495000000,60157.0,60194.5,60121.4,60159.2
1782495180000,60159.2,60180.0,59994.1,60004.2
1782495360000,60004.2,60022.3,59933.2,59955.8
1782495540000,59955.8,60000.0,59921.8,59970.9
1782495720000,59970.9,60104.6,59951.1,60043.1
1782495900000,60043.1,60091.6,60012.0,60055.5
1782496080000,60055.5,60081.9,59966.0,59977.2
1782496260000,59977.2,60028.5,59951.3,59960.2
1782496440000,59960.2,60034.5,59940.3,59964.3
1782496620000,59964.3,60070.9,59930.0,59999.9
1782496800000,59999.9,60064.1,59994.0,60015.1
1782496980000,60015.1,60111.0,59988.9,60088.4
1782497160000,60088.4,60138.0,60048.5,60088.0
1782497340000,60088.0,60130.0,60039.9,60130.0
1782497520000,60130.0,60134.7,60051.9,60067.0
1782497700000,60067.0,60091.6,59982.5,59989.8
1782497880000,59989.8,60036.2,59955.5,60025.8
1782498060000,60025.8,60062.9,60006.5,60016.7
1782498240000,60016.7,60020.0,59943.8,59948.5
1782498420000,59948.5,59951.5,59782.8,59807.7
1782498600000,59807.7,59822.7,59750.0,59810.9
1782498780000,59810.9,59864.0,59792.1,59801.6
1782498960000,59801.6,59814.1,59741.6,59746.2
1782499140000,59746.2,59781.9,59740.1,59747.9
1782499320000,59747.9,59770.7,59717.9,59754.9
1782499500000,59754.9,59755.2,59626.2,59658.0
1782499680000,59658.0,59676.6,59616.7,59625.1
1782499860000,59625.1,59657.4,59601.7,59616.5
1782500040000,59616.5,59643.7,59601.7,59605.7
1782500220000,59605.7,59665.8,59538.1,59648.9
1782500400000,59648.9,59699.7,59586.4,59691.6
1782500580000,59691.6,59700.0,59650.5,59668.4
1782500760000,59668.4,59863.2,59667.6,59818.8
1782500940000,59818.8,60077.0,59817.1,59986.4
1782501120000,59986.4,60035.1,59950.0,60002.1
1782501300000,60002.1,60002.1,59928.2,59944.1
1782501480000,59944.1,59980.2,59894.1,59898.3
1782501660000,59898.3,59965.8,59850.1,59858.0
1782501840000,59858.0,59933.1,59859.0,59913.9
1782502020000,59913.9,59947.2,59890.6,59907.5
1782502200000,59907.5,60029.0,59887.2,60016.4
1782502380000,60016.4,60073.0,59957.1,59984.3
1782502560000,59984.3,59984.4,59866.2,59866.2
1782502740000,59866.2,59961.3,59855.1,59896.4
1782502920000,59896.4,59930.9,59857.6,59857.7
1782503100000,59857.7,59899.5,59850.1,59851.9
1782503280000,59851.9,59888.7,59820.3,59888.7
1782503460000,59888.7,59905.5,59842.1,59861.3
1782503640000,59861.3,59869.0,59811.7,59822.7
1782503820000,59822.7,59869.0,59715.2,59724.7
1782504000000,59724.7,59970.0,59718.7,59838.5
1782504180000,59838.5,59880.2,59727.6,59727.6
1782504360000,59727.6,59797.8,59710.1,59781.3
1782504540000,59781.3,59784.2,59662.1,59686.0
1782504720000,59686.0,59714.8,59658.0,59702.1
1782504900000,59702.1,59791.1,59702.2,59726.9
1782505080000,59726.9,59781.9,59726.9,59765.6
1782505260000,59765.6,59765.6,59670.0,59699.5
1782505440000,59699.5,59767.4,59699.4,59722.5
1782505620000,59722.5,59770.8,59710.2,59755.6
1782505800000,59755.6,59761.7,59588.1,59611.0
1782505980000,59611.0,59655.5,59582.2,59618.6
1782506160000,59618.6,59662.1,59558.7,59658.8
1782506340000,59658.8,59694.4,59615.6,59615.7
1782506520000,59615.7,59640.3,59594.9,59627.2
1782506700000,59627.2,59685.3,59616.3,59663.0
1782506880000,59663.0,59776.9,59655.9,59767.9
1782507060000,59767.9,59775.3,59718.2,59725.5
1782507240000,59725.5,59754.3,59700.0,59720.6
1782507420000,59720.6,59725.7,59651.4,59694.6
1782507600000,59694.6,59714.6,59670.6,59695.9
1782507780000,59695.9,59695.9,59649.3,59669.0
1782507960000,59669.0,59713.2,59665.5,59713.1
1782508140000,59713.1,59746.7,59696.3,59696.7
1782508320000,59696.7,59737.8,59687.4,59737.8
1782508500000,59737.8,59737.8,59680.0,59680.0
1782508680000,59680.0,59702.9,59658.6,59699.5
1782508860000,59699.5,59812.8,59699.5,59808.6
1782509040000,59808.6,59799.1,59760.4,59778.1
1782509220000,59778.1,59867.3,59759.5,59851.2
1782509400000,59851.2,59942.1,59835.1,59906.0
1782509580000,59906.0,59906.1,59860.5,59864.0
1782509760000,59864.0,59889.7,59846.6,59879.6
1782509940000,59879.6,59967.0,59865.5,59931.4
1782510120000,59931.4,60028.0,59931.4,59999.9
1782510300000,59999.9,60020.0,59924.6,59924.7
1782510480000,59924.7,59937.9,59895.0,59917.2
1782510660000,59917.2,59944.0,59906.5,59944.0
1782510840000,59944.0,59971.4,59893.5,59935.1
1782511020000,59935.1,59957.2,59887.6,59887.7
1782511200000,59887.7,59923.8,59874.8,59882.9
1782511380000,59882.9,59887.0,59717.2,59805.2
1782511560000,59805.2,59849.7,59780.1,59845.8
1782511740000,59845.8,59927.6,59832.2,59884.9
1782511920000,59884.9,59894.0,59830.0,59881.8
1782512100000,59881.8,59937.9,59879.1,59920.7
1782512280000,59920.7,59955.6,59913.1,59916.8
1782512460000,59916.8,59919.5,59891.7,59911.2
1782512640000,59911.2,59938.5,59897.4,59907.6
1782512820000,59907.6,59907.6,59861.5,59861.5
1782513000000,59861.5,59879.3,59834.3,59879.2
1782513180000,59879.2,59904.3,59853.7,59870.3
1782513360000,59870.3,59927.2,59850.1,59914.2
1782513540000,59914.2,59926.0,59901.3,59914.8
1782513720000,59914.8,59956.0,59907.3,59934.3
1782513900000,59934.3,59947.1,59892.3,59931.8
1782514080000,59931.8,59996.8,59931.8,59996.8
1782514260000,59996.8,60015.1,59956.3,59958.0
1782514440000,59958.0,60046.7,59962.9,60044.2
1782514620000,60044.2,60051.0,60007.5,60007.5
1782514800000,60007.5,60029.6,59983.8,59983.9
1782514980000,59983.9,60090.8,59983.8,60060.0
1782515160000,60060.0,60064.1,60044.6,60049.9
1782515340000,60049.9,60060.4,60023.7,60044.6
1782515520000,60044.6,60060.0,60023.6,60053.3
1782515700000,60053.3,60055.8,59966.9,59979.6
1782515880000,59979.6,60003.8,59950.1,60001.3
1782516060000,60001.3,60002.0,59976.4,59988.9
1782516240000,59988.9,60043.5,59988.8,59996.5
1782516420000,59996.5,59997.6,59942.9,59942.9
1782516600000,59942.9,59963.1,59891.8,59949.4
1782516780000,59949.4,59976.0,59949.5,59962.5
1782516960000,59962.5,59997.7,59957.1,59985.6
1782517140000,59985.6,60023.0,59985.5,59998.6
1782517320000,59998.6,60059.0,60006.0,60034.5
1782517500000,60034.5,60067.0,60034.4,60049.7
1782517680000,60049.7,60058.5,60045.6,60045.7
1782517860000,60045.7,60053.9,60025.0,60027.6
1782518040000,60027.6,60068.3,60027.5,60049.5
1782518220000,60049.5,60087.7,60046.5,60071.9
1782518400000,60071.9,60099.9,60058.6,60069.4
1782518580000,60069.4,60088.0,60035.6,60072.1
1782518760000,60072.1,60100.0,60072.0,60100.0
1782518940000,60100.0,60167.3,60064.4,60129.2
1782519120000,60129.2,60129.2,60080.9,60084.5
1782519300000,60084.5,60099.6,60041.8,60069.0
1782519480000,60069.0,60075.4,60020.0,60020.1
1782519660000,60020.1,60026.9,60003.0,60023.2
1782519840000,60023.2,60029.6,60001.6,60012.8
1782520020000,60012.8,60029.9,60006.7,60019.0
1782520200000,60019.0,60019.8,59879.8,59900.1
1782520380000,59900.1,59900.1,59846.2,59887.6
1782520560000,59887.6,59914.6,59883.6,59914.6
1782520740000,59914.6,59981.9,59914.5,59947.9
1782520920000,59947.9,59953.5,59904.6,59949.1
1782521100000,59949.1,59949.1,59923.1,59935.6
1782521280000,59935.6,60031.8,59932.0,60015.6
1782521460000,60015.6,60043.1,60011.3,60019.2
1782521640000,60019.2,60047.9,60015.2,60015.7
1782521820000,60015.7,60034.9,60013.7,60030.4
1782522000000,60030.4,60045.7,59995.7,60000.0
1782522180000,60000.0,59999.5,59940.0,59960.9
1782522360000,59960.9,59966.8,59946.0,59963.4
1782522540000,59963.4,59963.7,59937.2,59951.1
1782522720000,59951.1,59969.2,59941.1,59941.2
1782522900000,59941.2,59967.0,59911.4,59961.7
1782523080000,59961.7,59980.5,59958.9,59967.1
1782523260000,59967.1,59974.8,59944.5,59971.9
1782523440000,59971.9,59990.0,59971.1,59973.9
1782523620000,59973.9,59975.1,59950.0,59974.1
1782523800000,59974.1,59974.1,59904.8,59909.8
1782523980000,59909.8,59981.1,59909.7,59970.0
1782524160000,59970.0,59970.0,59924.0,59931.5
1782524340000,59931.5,59952.7,59927.5,59946.0
1782524520000,59946.0,59963.1,59945.9,59946.0
1782524700000,59946.0,59960.6,59946.0,59957.5
1782524880000,59957.5,59972.0,59940.0,59962.9
1782525060000,59962.9,59962.8,59923.2,59927.2
1782525240000,59927.2,59933.5,59912.6,59926.7
1782525420000,59926.7,59959.4,59923.6,59924.1
1782525600000,59924.1,59927.3,59890.0,59913.1
1782525780000,59913.1,59968.2,59913.0,59965.0
1782525960000,59965.0,59972.8,59950.0,59963.2
1782526140000,59963.2,60017.6,59963.1,60017.6
1782526320000,60017.6,60100.0,60017.5,60090.1
1782526500000,60090.1,60163.9,60055.9,60070.0
1782526680000,60070.0,60240.1,60060.2,60228.7
1782526860000,60228.7,60284.5,60208.8,60247.3
1782527040000,60247.3,60330.0,60240.0,60329.9
1782527220000,60329.9,60349.1,60268.0,60275.4
1782527400000,60275.4,60275.5,60168.3,60234.5
1782527580000,60234.5,60289.9,60226.2,60260.2
1782527760000,60260.2,60260.2,60203.4,60242.3
1782527940000,60242.3,60295.7,60242.4,60288.0
1782528120000,60288.0,60288.0,60260.5,60260.5
1782528300000,60260.5,60330.3,60260.5,60312.3
1782528480000,60312.3,60312.4,60240.0,60291.0
1782528660000,60291.0,60322.9,60279.4,60316.4
1782528840000,60316.4,60332.9,60272.5,60277.8
1782529020000,60277.8,60288.0,60254.0,60256.6
1782529200000,60256.6,60387.8,60208.3,60333.5
1782529380000,60333.5,60341.2,60223.1,60239.4
1782529560000,60239.4,60239.5,60155.0,60176.0
1782529740000,60176.0,60188.0,60165.4,60176.0
1782529920000,60176.0,60200.4,60134.8,60144.1
1782530100000,60144.1,60225.0,60134.6,60225.0
1782530280000,60225.0,60245.3,60212.2,60237.0
1782530460000,60237.0,60287.5,60232.4,60287.5
1782530640000,60287.5,60325.9,60264.3,60266.0
1782530820000,60266.0,60294.6,60265.9,60278.9
1782531000000,60278.9,60308.6,60254.1,60277.9
1782531180000,60277.9,60332.9,60268.4,60330.2
1782531360000,60330.2,60366.0,60300.0,60327.6
1782531540000,60327.6,60327.6,60274.1,60294.7
1782531720000,60294.7,60297.2,60282.8,60282.9
1782531900000,60282.9,60330.6,60274.0,60330.6
1782532080000,60330.6,60333.0,60284.7,60284.8
1782532260000,60284.8,60284.8,60253.2,60256.1
1782532440000,60256.1,60283.5,60231.2,60275.5
1782532620000,60275.5,60296.4,60254.1,60272.0
1782532800000,60272.0,60335.8,60274.7,60322.9
1782532980000,60322.9,60433.1,60315.0,60379.3
1782533160000,60379.3,60414.5,60369.5,60389.8
1782533340000,60389.8,60389.8,60341.2,60368.3
1782533520000,60368.3,60416.4,60368.3,60381.1
1782533700000,60381.1,60394.4,60350.0,60363.1
1782533880000,60363.1,60414.6,60363.0,60386.9
1782534060000,60386.9,60386.9,60363.3,60379.9
1782534240000,60379.9,60467.0,60379.9,60427.7
1782534420000,60427.7,60427.7,60363.1,60366.1
1782534600000,60366.1,60371.9,60351.0,60361.3
1782534780000,60361.3,60419.7,60361.2,60369.3
1782534960000,60369.3,60369.9,60323.2,60341.2
1782535140000,60341.2,60366.9,60341.3,60350.1
1782535320000,60350.1,60354.1,60340.0,60347.9
1782535500000,60347.9,60350.0,60310.0,60333.9
1782535680000,60333.9,60336.8,60290.4,60290.9
1782535860000,60290.9,60293.6,60269.2,60275.7
1782536040000,60275.7,60268.7,60218.0,60237.6
1782536220000,60237.6,60237.6,60189.4,60216.0
1782536400000,60216.0,60239.6,60213.9,60229.2
1782536580000,60229.2,60229.2,60167.1,60209.2
1782536760000,60209.2,60229.0,60195.0,60229.0
1782536940000,60229.0,60268.7,60228.9,60254.8
1782537120000,60254.8,60286.0,60254.7,60276.9
1782537300000,60276.9,60277.0,60201.0,60233.7
1782537480000,60233.7,60245.5,60225.9,60243.9
1782537660000,60243.9,60259.9,60224.6,60236.7
1782537840000,60236.7,60243.2,60222.1,60229.6
1782538020000,60229.6,60251.8,60132.7,60132.9
1782538200000,60132.9,60172.2,60102.6,60172.2
1782538380000,60172.2,60206.7,60147.3,60177.6
1782538560000,60177.6,60200.0,60170.4,60179.5
1782538740000,60179.5,60203.8,60167.5,60190.9
1782538920000,60190.9,60205.9,60173.1,60198.8
1782539100000,60198.8,60245.6,60192.1,60245.6
1782539280000,60245.6,60247.6,60203.6,60234.9
1782539460000,60234.9,60245.0,60215.9,60215.9
1782539640000,60215.9,60228.9,60208.9,60222.6
1782539820000,60222.6,60238.1,60206.2,60208.3
1782540000000,60208.3,60214.6,60128.9,60128.9
1782540180000,60128.9,60174.6,60128.9,60174.5
1782540360000,60174.5,60178.5,60155.5,60164.4
1782540540000,60164.4,60173.8,60088.0,60092.8
1782540720000,60092.8,60121.0,60087.8,60121.0
1782540900000,60121.0,60137.9,60079.4,60133.7
1782541080000,60133.7,60175.2,60133.6,60169.5
1782541260000,60169.5,60176.2,60160.0,60176.2
1782541440000,60176.2,60194.7,60169.1,60178.2
1782541620000,60178.2,60205.0,60178.1,60178.9
1782541800000,60178.9,60336.3,60178.8,60309.6
1782541980000,60309.6,60327.3,60253.4,60265.9
1782542160000,60265.9,60287.6,60258.4,60260.5
1782542340000,60260.5,60420.0,60252.7,60392.2
1782542520000,60392.2,60392.2,60357.9,60383.0
1782542700000,60383.0,60467.8,60382.9,60438.2
1782542880000,60438.2,60486.0,60382.3,60384.5
1782543060000,60384.5,60384.6,60321.8,60339.9
1782543240000,60339.9,60348.2,60329.0,60343.1
1782543420000,60343.1,60346.9,60331.1,60345.3
1782543600000,60345.3,60369.2,60313.1,60316.8
1782543780000,60316.8,60322.9,60300.1,60319.3
1782543960000,60319.3,60333.0,60293.2,60297.5
1782544140000,60297.5,60298.4,60266.0,60269.1
1782544320000,60269.1,60294.8,60269.0,60293.7
1782544500000,60293.7,60329.9,60283.6,60291.0
1782544680000,60291.0,60349.5,60283.3,60335.9
1782544860000,60335.9,60414.5,60328.8,60414.4
1782545040000,60414.4,60424.6,60367.5,60378.3
1782545220000,60378.3,60405.0,60374.5,60400.1
1782545400000,60400.1,60410.7,60354.1,60373.3
1782545580000,60373.3,60420.0,60373.2,60406.3
1782545760000,60406.3,60409.7,60376.1,60408.9
1782545940000,60408.9,60425.0,60390.0,60402.9
1782546120000,60402.9,60440.5,60402.8,60417.8
1782546300000,60417.8,60480.5,60417.8,60448.9
1782546480000,60448.9,60492.3,60448.9,60492.2
1782546660000,60492.2,60519.1,60454.1,60468.4
1782546840000,60468.4,60554.4,60464.0,60530.5
1782547020000,60530.5,60530.6,60480.0,60521.7
1782547200000,60521.7,60522.5,60436.8,60436.8
1782547380000,60436.8,60461.7,60420.6,60438.4
1782547560000,60438.4,60516.8,60423.6,60462.7
1782547740000,60463.0,60491.4,60450.1,60463.6
1782547920000,60463.7,60469.6,60450.0,60463.5
1782548100000,60463.5,60511.9,60440.1,60440.1
1782548280000,60440.1,60451.1,60422.4,60439.5
1782548460000,60439.5,60450.0,60430.1,60446.0
1782548640000,60446.0,60459.0,60445.9,60447.1
1782548820000,60446.0,60459.0,60420.8,60426.5
1782549000000,60429.2,60437.6,60421.5,60431.5
1782549180000,60431.4,60438.8,60421.1,60438.8
1782549360000,60438.8,60438.8,60364.9,60375.1
1782549540000,60375.1,60390.7,60360.4,60380.9
1782549720000,60380.9,60381.0,60340.9,60351.1
1782549900000,60351.2,60389.9,60347.6,60378.9
1782550080000,60378.9,60410.5,60378.8,60410.5
1782550260000,60410.5,60485.3,60410.4,60453.2
1782550440000,60453.2,60500.0,60433.1,60439.8
1782550620000,60439.8,60439.9,60425.1,60425.2
1782550800000,60425.2,60428.6,60394.2,60401.7
1782550980000,60401.7,60439.2,60401.6,60439.2
1782551160000,60439.2,60480.6,60435.0,60440.2
1782551340000,60440.2,60440.1,60347.4,60347.5
1782551520000,60347.5,60356.0,60315.0,60332.1
1782551700000,60332.1,60332.2,60261.0,60285.6
1782551880000,60285.5,60333.4,60285.5,60333.2
1782552060000,60333.2,60333.3,60303.0,60312.5
1782552240000,60312.6,60329.8,60305.7,60329.8
1782552420000,60329.7,60347.9,60329.2,60342.4
1782552600000,60342.4,60400.0,60342.3,60400.0
1782552780000,60399.9,60420.2,60380.4,60393.4
1782552960000,60393.4,60395.0,60380.4,60389.3
1782553140000,60389.3,60397.9,60380.4,60389.3
1782553320000,60389.3,60389.3,60372.6,60372.6
1782553500000,60372.7,60414.6,60371.7,60391.7
1782553680000,60391.7,60403.6,60369.3,60377.2
1782553860000,60377.2,60377.4,60359.6,60359.8
1782554040000,60359.8,60386.1,60359.8,60386.1
1782554220000,60386.1,60414.6,60386.0,60391.3
1782554400000,60391.3,60426.0,60391.2,60402.6
1782554580000,60402.6,60407.6,60374.8,60407.6
1782554760000,60407.6,60407.6,60400.0,60407.5
1782554940000,60407.6,60430.0,60395.8,60428.3
1782555120000,60428.3,60449.9,60424.4,60449.9
1782555300000,60449.9,60450.0,60426.0,60429.0
1782555480000,60449.9,60450.0,60418.9,60449.9
1782555660000,60449.9,60461.9,60435.6,60461.8
1782555840000,60466.4,60466.5,60446.8,60450.1
1782556020000,60450.0,60450.1,60414.5,60430.8
1782556200000,60430.9,60430.9,60378.0,60387.0
1782556380000,60386.9,60403.9,60380.4,60401.4
1782556560000,60401.5,60415.6,60394.8,60406.9
1782556740000,60406.9,60422.9,60400.8,60418.3
1782556920000,60416.9,60416.9,60381.6,60401.7
1782557100000,60401.6,60401.7,60372.2,60372.4
1782557280000,60377.3,60391.6,60350.0,60352.4
1782557460000,60352.4,60359.2,60350.0,60358.9
1782557640000,60358.8,60370.0,60356.5,60368.7
1782557820000,60368.7,60391.3,60368.7,60390.3
1782558000000,60390.2,60407.2,60372.0,60404.6
1782558180000,60404.6,60425.3,60347.1,60347.1
1782558360000,60347.1,60361.5,60335.6,60347.4
1782558540000,60347.3,60369.8,60347.3,60365.3
1782558720000,60365.3,60386.2,60365.3,60371.8
1782558900000,60371.7,60371.8,60294.9,60311.9
1782559080000,60311.9,60311.9,60288.2,60298.8
1782559260000,60298.9,60326.1,60298.9,60310.3
1782559440000,60310.3,60312.6,60273.4,60273.4
1782559620000,60273.4,60273.4,60200.9,60234.6
1782559800000,60273.4,60273.4,60200.9,60240.0
1782559980000,60239.9,60274.9,60221.1,60247.5
1782560160000,60249.5,60269.8,60162.0,60178.9
1782560340000,60179.0,60209.9,60175.9,60193.7
1782560520000,60193.7,60238.9,60185.5,60238.9
1782560700000,60239.9,60391.2,60239.9,60322.0
1782560880000,60321.9,60349.9,60286.5,60286.5
1782561060000,60292.8,60329.9,60288.0,60322.7
1782561240000,60322.7,60345.2,60308.7,60333.2
1782561420000,60333.2,60348.9,60331.9,60331.9
1782561600000,60331.9,60332.0,60294.3,60294.3
1782561780000,60294.3,60315.4,60271.0,60308.8
1782561960000,60308.7,60308.8,60282.9,60293.8
1782562140000,60293.9,60308.8,60222.6,60243.2
1782562320000,60243.2,60265.6,60236.4,60265.6
1782562500000,60265.6,60274.0,60260.9,60274.0
1782562680000,60274.0,60290.0,60267.9,60281.6
1782562860000,60281.6,60320.5,60272.8,60275.7
1782563040000,60275.7,60288.0,60272.6,60280.0
1782563220000,60280.0,60306.4,60275.0,60306.3
1782563400000,60306.3,60358.1,60306.3,60348.7
1782563580000,60348.7,60348.7,60309.0,60322.7
1782563760000,60348.7,60357.4,60304.7,60304.8
1782563940000,60304.7,60304.8,60277.5,60287.1
1782564120000,60287.0,60310.6,60274.0,60294.9
1782564300000,60295.0,60305.5,60277.3,60295.8
1782564480000,60295.8,60321.8,60295.9,60320.5
1782564660000,60320.5,60379.4,60316.5,60379.2
1782564840000,60379.3,60407.1,60364.3,60373.1
1782565020000,60373.0,60394.4,60364.4,60391.8
1782565200000,60394.0,60399.9,60384.3,60396.2
1782565380000,60396.2,60450.1,60375.2,60386.7
1782565560000,60386.7,60386.8,60357.6,60361.2
1782565740000,60361.2,60400.0,60361.2,60388.3
1782565920000,60361.2,60407.6,60361.2,60405.7
1782566100000,60405.7,60405.7,60362.5,60369.6
1782566280000,60369.6,60429.3,60369.5,60428.8
1782566460000,60428.7,60450.0,60417.1,60426.5
1782566640000,60426.5,60464.3,60426.4,60435.8
1782566820000,60435.8,60447.3,60421.6,60443.2
1782567000000,60443.1,60443.2,60419.9,60419.9
1782567180000,60419.9,60438.0,60419.9,60437.9
1782567360000,60437.9,60641.2,60437.9,60572.7
1782567540000,60572.7,60631.3,60555.0,60567.9
1782567720000,60564.6,60576.2,60545.9,60574.2
1782567900000,60576.1,60606.5,60537.4,60585.3
1782568080000,60585.2,60585.3,60525.9,60538.2
1782568260000,60538.1,60560.5,60526.0,60548.1
1782568440000,60548.1,60547.9,60511.6,60536.2
1782568620000,60536.2,60578.9,60524.0,60554.6
1782568800000,60554.6,60563.7,60480.3,60487.1
1782568980000,60487.1,60500.5,60480.0,60480.1
1782569160000,60480.1,60556.9,60480.1,60542.9
1782569340000,60480.1,60597.0,60480.1,60556.9
1782569520000,60553.3,60697.4,60550.6,60644.4
1782569700000,60645.7,60645.7,60577.6,60609.7
1782569880000,60609.7,60614.0,60581.4,60581.5
1782570060000,60581.5,60604.9,60570.1,60594.5
1782570240000,60594.6,60620.0,60561.8,60603.4
1782570420000,60603.4,60611.7,60570.1,60570.1
1782570600000,60570.1,60604.5,60567.2,60600.0
1782570780000,60599.9,60600.0,60567.2,60567.3
1782570960000,60567.2,60572.7,60500.4,60546.2
1782571140000,60567.2,60609.8,60500.4,60601.1
1782571320000,60601.6,60639.4,60590.1,60607.4
1782571500000,60607.3,60644.0,60600.0,60613.4
1782571680000,60623.3,60649.9,60606.0,60606.0
1782571860000,60606.0,60606.0,60580.0,60595.7
1782572040000,60595.6,60595.7,60580.6,60586.3
1782572220000,60586.2,60596.0,60586.2,60589.0
1782572400000,60588.9,60596.7,60569.3,60586.1
1782572580000,60586.1,60586.1,60541.1,60574.7
1782572760000,60574.7,60691.0,60574.7,60651.8
1782572940000,60651.7,60846.5,60651.7,60829.7
1782573120000,60651.7,60888.7,60651.7,60850.3
1782573300000,60851.6,60854.4,60741.7,60741.8
1782573480000,60748.7,60765.8,60715.5,60738.0
1782573660000,60738.0,60738.0,60688.0,60713.5
1782573840000,60713.6,60759.7,60713.5,60715.8
1782574020000,60715.9,60806.2,60694.6,60782.4
1782574200000,60782.5,60799.9,60730.8,60750.4
1782574380000,60750.3,60797.6,60744.6,60750.1
1782574560000,60750.0,60924.7,60750.0,60875.1
1782574740000,60875.1,60875.1,60780.0,60780.1
1782574920000,60780.1,60781.2,60762.1,60762.2
1782575100000,60762.2,60762.2,60722.0,60728.9
1782575280000,60728.9,60773.3,60728.9,60749.9
1782575460000,60749.9,60754.9,60732.6,60735.4
1782575640000,60735.5,60790.4,60734.2,60790.4
1782575820000,60788.8,60832.5,60784.1,60817.3
1782576000000,60817.3,60833.7,60757.6,60774.3
1782576180000,60774.3,60799.3,60760.8,60769.5
1782576360000,60769.5,60809.8,60767.0,60771.3
1782576540000,60771.3,60780.0,60711.9,60732.7
1782576720000,60732.7,60738.2,60723.0,60725.5
1782576900000,60725.6,60725.6,60688.8,60707.9
1782577080000,60707.9,60708.7,60659.2,60707.9
1782577260000,60707.9,60725.4,60659.2,60684.1
1782577440000,60679.2,60699.9,60676.7,60676.7
1782577620000,60676.7,60699.3,60672.5,60692.9
1782577800000,60692.9,60705.0,60648.1,60674.5
1782577980000,60674.6,60679.7,60653.2,60653.3
1782578160000,60653.2,60725.4,60653.2,60718.0
1782578340000,60718.0,60762.6,60718.0,60757.7
1782578520000,60757.7,60767.0,60747.7,60767.0
1782578700000,60770.0,60772.5,60740.5,60746.8
1782578880000,60749.7,60799.2,60749.7,60785.7
1782579060000,60785.7,60800.0,60776.8,60785.9
1782579240000,60785.7,60800.0,60744.6,60756.6
1782579420000,60756.5,60785.0,60750.1,60784.9
1782579600000,60784.9,60796.6,60555.0,60555.1
1782579780000,60555.1,60600.0,60388.1,60522.7
1782579960000,60525.7,60549.5,60487.8,60528.6
1782580140000,60530.0,60550.0,60488.0,60549.9
1782580320000,60550.5,60569.8,60530.4,60544.2
1782580500000,60544.1,60584.5,60440.1,60542.1
1782580680000,60542.0,60595.6,60540.2,60576.4
1782580860000,60576.4,60595.8,60542.9,60569.1
1782581040000,60569.1,60581.5,60507.6,60511.6
1782581220000,60569.1,60581.5,60507.6,60552.2
1782581400000,60552.1,60578.0,60474.8,60533.2
1782581580000,60533.3,60566.9,60499.9,60561.9
1782581760000,60561.9,60617.9,60542.9,60605.6
1782581940000,60605.6,60630.0,60567.6,60575.2
1782582120000,60575.2,60595.0,60569.8,60575.5
1782582300000,60575.4,60572.2,60528.4,60538.5
1782582480000,60538.6,60590.0,60521.0,60558.0
1782582660000,60557.9,60599.2,60557.9,60585.1
1782582840000,60585.1,60589.6,60556.2,60556.3
1782583020000,60553.2,60553.3,60494.3,60495.6
1782583200000,60495.6,60500.0,60423.2,60429.3
1782583380000,60434.1,60475.4,60420.2,60450.4
1782583560000,60450.4,60494.8,60425.9,60494.8
1782583740000,60494.8,60539.9,60487.6,60515.0
1782583920000,60514.9,60516.7,60494.5,60494.5
1782584100000,60494.5,60535.8,60494.5,60516.4
1782584280000,60516.4,60516.4,60478.7,60486.1
1782584460000,60485.7,60485.7,60432.2,60469.6
1782584640000,60469.6,60478.5,60454.6,60469.1
1782584820000,60469.1,60487.9,60452.1,60487.8
1782585000000,60487.8,60514.2,60472.1,60513.4
1782585180000,60513.4,60538.1,60502.8,60538.0
1782585360000,60513.4,60541.6,60502.8,60529.0
1782585540000,60529.0,60529.1,60521.1,60521.1
1782585720000,60521.1,60541.5,60521.1,60538.4
1782585900000,60538.4,60538.5,60513.2,60518.5
1782586080000,60518.5,60518.6,60488.4,60506.8
1782586260000,60506.9,60506.9,60495.4,60500.2
1782586440000,60500.2,60547.3,60500.2,60526.4
1782586620000,60526.4,60542.9,60514.8,60542.9
1782586800000,60542.8,60567.4,60530.0,60567.4
1782586980000,60567.4,60568.0,60553.4,60561.8
1782587160000,60567.4,60571.9,60544.8,60564.7
1782587340000,60572.9,60576.9,60549.1,60561.4
1782587520000,60561.4,60576.9,60561.3,60566.3
1782587700000,60566.3,60570.3,60535.0,60535.1
1782587880000,60535.1,60544.7,60416.4,60423.4
1782588060000,60423.4,60432.7,60408.0,60413.8
1782588240000,60413.8,60426.0,60235.5,60243.6
1782588420000,60243.7,60305.7,60231.9,60298.6
1782588600000,60298.6,60301.0,60100.0,60134.9
1782588780000,60137.9,60202.5,60132.5,60200.6
1782588960000,60200.5,60211.7,60052.0,60107.5
1782589140000,60200.5,60211.7,60052.0,60144.0
1782589320000,60144.1,60184.5,60140.5,60170.0
1782589500000,60170.0,60219.6,60145.6,60165.7
1782589680000,60165.7,60195.0,60119.9,60160.9
1782589860000,60160.9,60176.2,60150.0,60176.1
1782590040000,60176.1,60188.2,60114.2,60128.4
1782590220000,60128.4,60157.9,60128.4,60150.0
1782590400000,60149.9,60219.9,60141.7,60211.4
1782590580000,60211.4,60238.9,60204.6,60226.7
1782590760000,60226.7,60248.1,60226.3,60226.6
1782590940000,60226.6,60266.3,60226.4,60254.5
1782591120000,60254.5,60255.9,60235.3,60237.6
1782591300000,60236.6,60280.9,60236.5,60241.0
1782591480000,60241.0,60264.6,60230.4,60264.6
1782591660000,60267.9,60278.9,60246.2,60250.3
1782591840000,60250.3,60255.9,60222.8,60234.5
1782592020000,60234.6,60245.7,60228.8,60242.8
1782592200000,60242.8,60247.2,60230.4,60233.8
1782592380000,60233.8,60240.1,60233.8,60240.0
1782592560000,60240.0,60240.2,60230.0,60231.8
1782592740000,60231.9,60251.4,60223.2,60243.8
1782592920000,60243.8,60247.4,60224.0,60224.0
1782593100000,60224.0,60275.3,60224.1,60275.3
1782593280000,60275.3,60275.3,60249.8,60260.8
1782593460000,60275.3,60275.3,60246.8,60250.9
1782593640000,60251.0,60254.3,60242.7,60242.7
1782593820000,60242.8,60264.2,60242.7,60264.2
1782594000000,60271.1,60331.3,60272.8,60310.4
1782594180000,60310.5,60327.2,60276.0,60327.1
1782594360000,60327.2,60344.7,60324.9,60324.9
1782594540000,60324.9,60340.7,60324.8,60332.5
1782594720000,60332.5,60378.9,60329.1,60365.6
1782594900000,60365.7,60365.7,60330.3,60359.5
1782595080000,60359.5,60363.1,60333.3,60360.7
1782595260000,60360.7,60434.0,60360.7,60408.7
1782595440000,60360.7,60434.0,60360.7,60383.7
1782595620000,60384.6,60424.5,60389.6,60424.5
1782595800000,60424.4,60457.7,60424.4,60435.1
1782595980000,60435.0,60444.4,60350.1,60354.9
1782596160000,60354.8,60362.0,60312.9,60329.0
1782596340000,60329.0,60329.0,60250.0,60264.7
1782596520000,60264.8,60264.7,60203.3,60219.4
1782596700000,60219.3,60252.5,60200.0,60233.3
1782596880000,60233.3,60270.0,60159.1,60173.9
1782597060000,60157.9,60192.0,60108.9,60158.9
1782597240000,60159.0,60197.2,60153.7,60176.3
1782597420000,60177.8,60178.9,60168.6,60173.4
1782597600000,60173.4,60173.4,60078.0,60084.7
1782597780000,60075.1,60089.6,60018.3,60046.1
1782597960000,60046.2,60118.7,60046.1,60115.6
1782598140000,60115.6,60122.9,60090.6,60121.1
1782598320000,60121.2,60122.8,60098.0,60098.0
1782598500000,60098.0,60098.1,59820.1,59899.9
1782598680000,59899.9,60006.7,59900.0,60006.7
1782598860000,60006.6,60064.2,59997.5,60042.3
1782599040000,60033.1,60060.0,60025.0,60059.9
1782599220000,60059.9,60143.1,60050.2,60105.2
1782599400000,60105.3,60169.0,60096.7,60128.7
1782599580000,60128.7,60164.5,60108.0,60156.4
1782599760000,60128.7,60230.0,60108.0,60224.2
1782599940000,60227.0,60227.1,60176.8,60187.0
1782600120000,60189.0,60190.8,60135.0,60147.1
1782600300000,60147.1,60151.6,60131.0,60132.6
1782600480000,60132.6,60199.3,60132.7,60199.2
1782600660000,60199.2,60200.0,60176.0,60176.1
1782600840000,60176.1,60200.0,60161.8,60199.9
1782601020000,60199.9,60217.8,60192.8,60204.3
1782601200000,60204.3,60240.1,60194.6,60240.1
1782601380000,60240.1,60240.1,60214.0,60231.1
1782601560000,60231.0,60300.6,60231.1,60255.3
1782601740000,60231.0,60300.6,60210.8,60232.7
1782601920000,60234.7,60243.6,59988.9,60016.2
1782602100000,60009.1,60071.4,59994.9,60021.4
1782602280000,60028.8,60051.5,59957.2,59991.1
1782602460000,59991.0,59988.1,59916.1,59951.7
1782602640000,59951.7,59987.8,59946.1,59976.6
1782602820000,59976.5,59989.8,59937.9,59962.7
1782603000000,59962.8,59992.7,59937.9,59956.7
1782603180000,59956.7,60023.3,59956.6,60002.2
1782603360000,60002.2,60011.0,59966.7,60007.8
1782603540000,60007.8,60048.0,60000.0,60046.9
1782603720000,60060.1,60064.0,60031.9,60031.9
1782603900000,60030.5,60039.0,60006.1,60010.1
1782604080000,60010.0,60054.0,60001.5,60053.9
1782604260000,60054.0,60054.0,60036.1,60037.2
1782604440000,60037.2,60047.4,59985.5,59985.5
1782604620000,59985.5,60007.2,59979.6,60000.3
1782604800000,60000.4,60055.8,59983.3,59983.4
1782604980000,59983.4,60054.3,59983.3,60048.3
1782605160000,60048.4,60115.9,60048.3,60114.1
1782605340000,60114.1,60123.0,60084.6,60103.9
1782605520000,60105.7,60112.0,60080.0,60107.2
1782605700000,60107.3,60125.0,60099.8,60124.7
1782605880000,60124.6,60149.0,60125.0,60125.1
1782606060000,60125.0,60149.0,60125.0,60128.9
1782606240000,60128.9,60143.1,60111.6,60135.3
1782606420000,60135.3,60165.8,60135.2,60137.4
1782606600000,60141.9,60150.0,60120.0,60126.0
1782606780000,60125.9,60137.8,60096.0,60096.0
1782606960000,60096.0,60133.9,60057.1,60125.3
1782607140000,60125.3,60134.9,60107.1,60125.4
1782607320000,60125.4,60150.0,60110.0,60149.9
1782607500000,60149.9,60168.7,60110.2,60110.2
1782607680000,60149.9,60168.7,60110.2,60126.2
1782607860000,60126.2,60138.6,60115.0,60129.3
1782608040000,60129.3,60148.2,60124.7,60132.7
1782608220000,60132.7,60161.9,60117.5,60125.2
1782608400000,60125.1,60140.6,60119.9,60125.2
1782608580000,60125.2,60125.3,59973.5,59989.5
1782608760000,59994.3,60025.3,59949.9,60025.3
1782608940000,60025.4,60025.4,59985.0,60003.2
1782609120000,60003.3,60057.4,59985.1,60055.8
1782609300000,60055.7,60103.2,60034.8,60103.2
1782609480000,60103.2,60120.0,60054.3,60088.0
1782609660000,60103.2,60145.5,60054.3,60142.6
1782609840000,60142.6,60198.9,60137.0,60193.1
1782610020000,60193.0,60212.3,60162.3,60181.1
1782610200000,60181.1,60185.3,60159.8,60168.5
1782610380000,60177.0,60226.4,60176.9,60226.4
1782610560000,60226.3,60226.4,60193.7,60197.3
1782610740000,60197.3,60243.9,60183.0,60243.8
1782610920000,60243.9,60243.9,60210.0,60231.2
1782611100000,60231.1,60253.4,60213.4,60219.9
1782611280000,60219.9,60226.3,60203.9,60226.2
1782611460000,60226.3,60232.2,60213.9,60224.2
1782611640000,60224.2,60224.2,60175.2,60204.8
1782611820000,60204.8,60204.8,60176.2,60193.1
1782612000000,60193.1,60234.0,60193.0,60230.7
1782612180000,60230.6,60247.8,60221.4,60234.9
1782612360000,60234.9,60255.8,60230.9,60248.3
1782612540000,60248.4,60251.4,60241.8,60251.3
1782612720000,60251.4,60260.0,60248.5,60255.9
1782612900000,60256.0,60313.0,60250.0,60288.5
1782613080000,60288.5,60288.5,60152.0,60172.7
1782613260000,60172.6,60180.6,60030.6,60030.6
1782613440000,60030.6,60074.4,60017.1,60064.7
1782613620000,60064.8,60107.9,60064.7,60087.2
1782613800000,60064.8,60112.5,60064.7,60106.8
1782613980000,60106.8,60117.0,60082.8,60107.1
1782614160000,60107.0,60125.0,60103.1,60117.5
1782614340000,60117.5,60122.9,60076.2,60076.3
1782614520000,60076.3,60100.0,60066.4,60100.0
1782614700000,60099.9,60120.0,60099.9,60106.7
1782614880000,60106.7,60121.2,60074.1,60121.2
1782615060000,60121.2,60147.0,60115.9,60144.7
1782615240000,60144.7,60144.7,60125.9,60141.8
1782615420000,60141.8,60156.1,60121.3,60121.3
1782615600000,60121.3,60178.0,60121.2,60178.0
1782615780000,60177.9,60177.9,60158.2,60158.4
1782615960000,60158.4,60178.0,60148.2,60167.5
1782616140000,60167.6,60228.0,60162.9,60220.3
1782616320000,60220.3,60243.1,60220.2,60230.4
1782616500000,60230.4,60230.5,60168.4,60197.1
1782616680000,60197.2,60249.9,60197.2,60223.3
1782616860000,60223.3,60246.5,60223.3,60228.6
1782617040000,60228.5,60239.7,60219.1,60231.5
1782617220000,60231.4,60231.4,60225.1,60229.4
1782617400000,60229.4,60250.3,60187.7,60187.8
1782617580000,60187.8,60202.2,60167.0,60170.0
1782617760000,60170.0,60186.6,60165.6,60165.6
1782617940000,60170.0,60186.6,60165.6,60172.5
1782618120000,60172.5,60177.3,60149.8,60166.4
1782618300000,60166.4,60166.5,60152.6,60157.9
1782618480000,60157.9,60180.0,60157.9,60173.9
1782618660000,60174.0,60178.2,60128.2,60128.2
1782618840000,60128.3,60151.2,60128.2,60151.1
1782619020000,60151.2,60185.0,60151.1,60169.5
1782619200000,60169.6,60188.7,60105.7,60109.8
1782619380000,60109.8,60175.0,60109.8,60159.9
1782619560000,60159.9,60199.2,60159.9,60199.2
1782619740000,60199.2,60203.2,60162.1,60163.6
1782619920000,60163.5,60181.0,60161.2,60180.9
1782620100000,60181.0,60199.9,60181.0,60187.6
1782620280000,60187.6,60195.1,60170.1,60173.9
1782620460000,60173.9,60200.0,60173.8,60196.7
1782620640000,60196.8,60205.4,60191.8,60202.7
1782620820000,60202.7,60203.6,60165.1,60172.6
1782621000000,60172.6,60172.6,60070.8,60070.9
1782621180000,60070.9,60098.1,60060.0,60086.5
1782621360000,60086.5,60115.6,60086.5,60097.9
1782621540000,60097.9,60139.1,60097.8,60116.5
1782621720000,60116.5,60150.7,60116.4,60146.3
1782621900000,60146.3,60157.9,60132.4,60157.9
1782622080000,60157.9,60167.7,60141.0,60155.4
1782622260000,60155.4,60155.5,60140.9,60141.2
1782622440000,60141.1,60141.2,60101.0,60101.1
1782622620000,60101.1,60105.7,60093.0,60105.6
1782622800000,60108.1,60112.3,60041.3,60055.7
1782622980000,60055.7,60055.8,59934.3,59944.9
1782623160000,59944.8,60016.7,59944.8,59997.1
1782623340000,59997.0,60022.0,59986.2,60001.6
1782623520000,60001.6,60001.6,59969.9,59990.2
1782623700000,59990.3,59992.6,59919.4,59984.0
1782623880000,59984.0,59999.2,59971.9,59984.7
1782624060000,59984.7,59984.7,59933.4,59935.2
1782624240000,59984.7,59984.7,59745.6,59801.5
1782624420000,59801.3,59834.2,59720.0,59807.1
1782624600000,59802.7,59855.9,59760.1,59855.9
1782624780000,59856.0,59933.0,59850.7,59906.2
1782624960000,59900.6,59912.7,59870.0,59892.6
1782625140000,59892.6,59906.3,59885.7,59890.7
1782625320000,59890.7,59906.3,59883.0,59892.8
1782625500000,59892.7,59907.3,59891.7,59900.6
1782625680000,59900.6,59927.3,59900.5,59921.8
1782625860000,59921.8,59929.8,59908.5,59915.9
1782626040000,59915.9,59987.2,59915.8,59954.9
1782626220000,59954.9,59969.7,59945.1,59956.6
1782626400000,59954.9,59997.3,59945.1,59997.3
1782626580000,59997.3,59997.3,59922.1,59939.8
1782626760000,59939.8,59949.8,59917.2,59949.8
1782626940000,59949.8,59968.0,59901.5,59908.8
1782627120000,59908.8,59918.2,59810.1,59811.8
1782627300000,59811.8,59843.8,59772.9,59827.9
1782627480000,59833.1,59932.4,59820.1,59916.4
1782627660000,59916.4,59916.5,59888.1,59889.0
1782627840000,59889.0,59905.6,59868.3,59891.9
1782628020000,59891.9,59900.0,59884.3,59900.0
1782628200000,59900.0,59937.9,59893.6,59937.9
1782628380000,59900.0,59948.6,59893.6,59941.9
1782628560000,59942.0,59942.0,59928.0,59933.6
1782628740000,59933.7,59967.9,59933.4,59962.9
1782628920000,59962.8,59968.5,59937.9,59937.9
1782629100000,59937.9,59959.9,59928.1,59959.9
1782629280000,59959.9,60011.5,59959.8,59988.7
1782629460000,60005.4,60010.5,59993.4,60000.0
1782629640000,59999.5,59999.4,59960.0,59982.2
1782629820000,59982.3,59984.9,59970.0,59970.1
1782630000000,59970.1,60161.4,59965.8,60129.2
1782630180000,59970.1,60161.4,59965.8,60071.4
1782630360000,60071.4,60098.4,60071.3,60078.1
1782630540000,60075.6,60130.1,60063.8,60111.7
1782630720000,60111.6,60119.9,60104.7,60112.9
1782630900000,60112.9,60114.8,60106.0,60110.4
1782631080000,60110.3,60113.1,60104.5,60109.0
1782631260000,60109.1,60115.0,60100.1,60114.9
1782631440000,60114.9,60114.9,60073.3,60076.3
1782631620000,60076.4,60084.0,60076.0,60076.0
1782631800000,60075.9,60099.9,60073.4,60073.8
1782631980000,60073.8,60113.7,60073.7,60097.8
1782632160000,60073.8,60222.3,60073.7,60166.0
1782632340000,60166.0,60210.0,60166.0,60202.3
1782632520000,60200.1,60200.1,60169.8,60193.8
1782632700000,60193.8,60228.8,60186.0,60226.4
1782632880000,60224.0,60238.1,60196.1,60208.8
1782633060000,60208.8,60208.8,60168.9,60173.5
1782633240000,60173.4,60188.0,60169.9,60175.0
1782633420000,60174.9,60192.5,60166.6,60192.4
1782633600000,60192.4,60227.0,60160.6,60194.6
1782633780000,60194.6,60198.6,60141.6,60141.7
1782633960000,60141.7,60166.7,60134.6,60162.7
1782634140000,60162.7,60162.6,60109.8,60132.6
1782634320000,60132.6,60159.5,60132.6,60159.4
1782634500000,60159.4,60188.2,60132.5,60170.0
1782634680000,60170.0,60188.0,60134.4,60187.9
1782634860000,60187.9,60200.0,60173.8,60179.3
1782635040000,60179.4,60209.7,60179.2,60209.7
1782635220000,60209.7,60209.7,60196.0,60196.4
1782635400000,60196.5,60210.1,60196.4,60206.1
1782635580000,60206.1,60226.9,60200.7,60226.9
1782635760000,60226.9,60529.6,60226.9,60477.2
1782635940000,60474.6,60487.9,60382.1,60384.5
1782636120000,60384.5,60432.9,60380.1,60424.1
1782636300000,60424.1,60464.9,60408.0,60414.2
1782636480000,60414.1,60426.3,60380.7,60387.0
1782636660000,60387.7,60387.7,60365.7,60382.4
1782636840000,60386.7,60386.8,60360.0,60372.1
1782637020000,60372.2,60372.2,60340.0,60341.4
1782637200000,60340.1,60358.1,60321.6,60339.1
1782637380000,60339.1,60339.1,60263.4,60330.1
1782637560000,60330.1,60395.7,60330.0,60378.0
1782637740000,60378.0,60444.0,60368.9,60394.4
1782637920000,60378.0,60444.0,60324.9,60340.6
1782638100000,60340.6,60370.4,60340.6,60350.1
1782638280000,60350.1,60350.1,60301.4,60301.5
1782638460000,60301.4,60322.2,60286.2,60317.4
1782638640000,60317.3,60330.1,60297.0,60316.2
1782638820000,60316.2,60316.2,60287.8,60303.1
1782639000000,60303.1,60322.0,60283.0,60321.9
1782639180000,60321.9,60359.5,60321.9,60359.4
1782639360000,60359.4,60365.1,60315.0,60326.0
1782639540000,60326.0,60343.1,60326.0,60334.9
1782639720000,60334.9,60386.9,60334.8,60351.3
1782639900000,60351.3,60371.1,60317.0,60317.0
1782640080000,60317.1,60317.0,60251.4,60256.9
1782640260000,60256.9,60304.5,60233.8,60259.3
1782640440000,60259.4,60284.9,60223.1,60235.0
1782640620000,60234.9,60258.0,60226.5,60230.0
1782640800000,60229.9,60271.8,60204.6,60231.0
1782640980000,60230.9,60240.2,60154.4,60175.5
1782641160000,60175.4,60185.9,60162.0,60167.3
1782641340000,60167.4,60190.1,60167.3,60190.0
1782641520000,60190.0,60266.6,60190.0,60232.4
1782641700000,60232.5,60263.5,60219.0,60244.2
1782641880000,60244.2,60249.7,60154.4,60155.0
1782642060000,60155.1,60170.9,60139.0,60148.0
1782642240000,60148.0,60148.0,60037.0,60077.0
1782642420000,60077.0,60102.9,60077.0,60078.1
1782642600000,60081.7,60117.0,60077.2,60092.9
1782642780000,60092.9,60093.9,60066.2,60080.0
1782642960000,60080.0,60084.6,60046.0,60052.8
1782643140000,60052.7,60117.0,60048.5,60097.5
1782643320000,60097.6,60112.0,60095.7,60101.7
1782643500000,60101.5,60133.0,60100.2,60133.0
1782643680000,60132.9,60143.0,60105.6,60143.0
1782643860000,60141.6,60160.1,60124.9,60140.0
1782644040000,60140.0,60149.9,60140.0,60146.4
1782644220000,60146.4,60146.5,60134.8,60138.5
1782644400000,60138.4,60244.6,60138.4,60241.7
1782644580000,60239.5,60238.8,60187.6,60196.8
1782644760000,60197.4,60205.4,60131.5,60145.7
1782644940000,60145.6,60145.7,60091.5,60104.7
1782645120000,60104.7,60105.0,60095.0,60100.9
1782645300000,60100.9,60139.6,60098.8,60139.6
1782645480000,60144.6,60207.0,60144.6,60190.1
1782645660000,60191.2,60325.2,60191.1,60278.5
1782645840000,60278.5,60346.0,60262.6,60333.3
1782646020000,60333.4,60333.4,60288.6,60288.6
1782646200000,60288.5,60304.3,60275.0,60294.3
1782646380000,60294.3,60304.0,60277.0,60300.1
1782646560000,60294.3,60304.0,60235.4,60247.5
1782646740000,60247.6,60289.2,60247.5,60270.8
1782646920000,60270.7,60280.8,60250.0,60276.0
1782647100000,60276.1,60300.0,60241.7,60248.5
1782647280000,60248.5,60263.9,60228.6,60249.4
1782647460000,60249.3,60314.3,60243.3,60300.3
1782647640000,60300.3,60351.3,60300.3,60305.6
1782647820000,60305.6,60316.7,60300.1,60315.0
1782648000000,60315.0,60324.3,60292.9,60300.1
1782648180000,60300.1,60331.1,60291.1,60331.1
1782648360000,60331.1,60379.8,60305.4,60305.4
1782648540000,60305.4,60319.4,60300.0,60302.9
1782648720000,60302.9,60302.9,60266.6,60279.2
1782648900000,60279.2,60318.6,60167.7,60180.8
1782649080000,60186.1,60219.0,60161.2,60189.9
1782649260000,60189.9,60223.9,60189.9,60219.0
1782649440000,60222.0,60226.7,60212.8,60219.8
1782649620000,60219.8,60319.3,60208.9,60314.7
1782649800000,60314.5,60435.9,60294.5,60315.1
1782649980000,60315.1,60350.0,60273.1,60284.4
1782650160000,60284.4,60284.5,60210.1,60210.2
1782650340000,60210.1,60239.5,60181.2,60181.2
1782650520000,60181.2,60230.7,60174.6,60213.3
1782650700000,60213.3,60260.4,60213.2,60231.0
1782650880000,60231.1,60260.0,60228.0,60260.0
1782651060000,60259.9,60267.3,60254.7,60260.4
1782651240000,60255.2,60291.0,60240.0,60287.9
1782651420000,60283.5,60281.2,60262.9,60275.9
1782651600000,60269.9,60269.9,60060.0,60062.1
1782651780000,60063.5,60085.7,59987.9,60005.9
1782651960000,60005.9,60064.0,59939.2,60000.0
1782652140000,60000.0,60041.2,59967.6,60038.1
1782652320000,60038.1,60121.9,60025.9,60099.7
1782652500000,60099.6,60115.5,60046.4,60064.6
1782652680000,60064.6,60089.5,60045.0,60089.5
1782652860000,60091.6,60140.3,60088.5,60128.9
1782653040000,60128.9,60142.0,60068.2,60077.0
1782653220000,60076.9,60106.6,60062.6,60097.7
1782653400000,60097.7,60160.7,60088.4,60142.8
1782653580000,60138.5,60155.9,60108.0,60108.0
1782653760000,60108.1,60127.8,60108.0,60117.9
1782653940000,60118.0,60123.9,60013.4,60055.5
1782654120000,60057.3,60110.3,60034.9,60100.0
1782654300000,60100.0,60108.6,60067.2,60075.1
1782654480000,60075.1,60080.0,60060.0,60075.0
1782654660000,60075.0,60100.0,60066.8,60084.3
1782654840000,60084.3,60084.4,60036.1,60053.7
1782655020000,60053.6,60071.2,60031.5,60044.6
1782655200000,60044.6,60071.2,60044.6,60054.9
1782655380000,60055.0,60097.5,60003.5,60028.7
1782655560000,60028.7,60091.1,60028.0,60061.5
1782655740000,60061.4,60131.4,60061.4,60129.8
1782655920000,60129.9,60150.0,60122.8,60150.0
1782656100000,60150.0,60150.0,60087.9,60091.6
1782656280000,60089.4,60228.5,60076.5,60189.9
1782656460000,60189.9,60200.0,60089.5,60143.5
1782656640000,60143.5,60144.7,60089.6,60093.6
1782656820000,60143.5,60144.7,60089.6,60121.9
1782657000000,60130.1,60147.3,60074.7,60106.7
1782657180000,60106.8,60170.0,60106.7,60140.7
1782657360000,60140.8,60147.6,60059.5,60080.9
1782657540000,60080.8,60100.7,60077.5,60089.4
1782657720000,60089.4,60089.4,60051.4,60084.9
1782657900000,60084.9,60098.9,60050.0,60098.9
1782658080000,60098.9,60144.9,60038.5,60050.9
1782658260000,60050.9,60064.8,60019.4,60019.4
1782658440000,60019.4,60027.0,59983.1,60014.4
1782658620000,60014.4,60026.5,59995.2,59995.2
1782658800000,59995.2,60037.4,59972.2,60016.0
1782658980000,59995.2,60068.1,59972.2,60051.1
1782659160000,60039.9,60065.4,59958.4,59958.5
1782659340000,59934.8,59939.0,59852.0,59914.2
1782659520000,59914.2,60053.2,59914.2,60046.4
1782659700000,60046.4,60075.0,59971.8,60028.3
1782659880000,60028.3,60103.2,60020.2,60031.2
1782660060000,60031.2,60033.0,60000.0,60010.8
1782660240000,60010.8,60050.9,60010.8,60021.4
1782660420000,60021.4,60028.2,60003.8,60008.1
1782660600000,60008.7,60028.2,59974.9,60010.8
1782660780000,60010.8,60069.9,59966.4,59966.5
1782660960000,59966.5,59976.8,59866.6,59906.1
1782661140000,59909.1,59912.2,59882.9,59886.4
1782661320000,59886.5,59945.7,59886.5,59939.1
1782661500000,59939.0,59939.1,59885.0,59886.2
1782661680000,59886.3,59907.2,59850.3,59907.2
1782661860000,59907.2,59971.8,59782.8,59785.2
1782662040000,59785.2,59836.3,59785.1,59823.5
1782662220000,59823.5,59850.0,59823.5,59850.0
1782662400000,59850.0,59915.5,59834.4,59908.6
1782662580000,59900.1,59905.4,59852.5,59887.4
1782662760000,59887.4,59889.0,59851.3,59875.7
1782662940000,59875.7,59875.7,59779.8,59846.9
1782663120000,59846.9,59848.6,59800.0,59800.1
1782663300000,59846.9,59859.2,59753.4,59857.2
1782663480000,59854.2,59871.7,59801.6,59801.6
1782663660000,59800.1,59838.4,59750.4,59772.1
1782663840000,59772.1,59772.1,59645.1,59698.1
1782664020000,59701.0,59741.7,59680.0,59731.1
1782664200000,59741.3,59768.3,59674.4,59700.5
1782664380000,59700.5,59711.8,59574.9,59630.2
1782664560000,59630.4,59679.9,59608.5,59650.0
1782664740000,59650.0,59728.0,59650.0,59714.9
1782664920000,59713.1,59720.0,59579.6,59589.8
1782665100000,59589.8,59644.2,59550.0,59644.2
1782665280000,59644.4,59707.2,59633.4,59644.8
1782665460000,59648.5,59659.8,59595.2,59640.0
1782665640000,59640.0,59661.0,59622.4,59649.1
1782665820000,59649.0,59666.8,59644.8,59655.9
1782666000000,59656.0,59680.0,59622.0,59635.2
1782666180000,59635.2,59693.2,59635.2,59654.1
1782666360000,59654.9,59818.7,59660.9,59740.3
1782666540000,59740.3,59756.9,59578.6,59604.0
1782666720000,59604.0,59625.0,59522.2,59611.5
1782666900000,59611.4,59659.4,59600.0,59621.8
1782667080000,59621.7,59644.3,59566.0,59639.0
1782667260000,59639.0,59639.8,59589.0,59628.9
1782667440000,59628.9,59641.8,59567.6,59581.9
1782667620000,59582.0,59600.1,59563.6,59567.7
1782667800000,59567.7,59606.7,59547.4,59606.7
1782667980000,59606.6,59615.0,59454.6,59469.3
1782668160000,59472.6,59495.7,59366.7,59398.6
1782668340000,59398.6,59506.2,59379.9,59480.4
1782668520000,59484.7,59532.7,59476.3,59501.1
1782668700000,59500.1,59563.4,59490.0,59529.3
1782668880000,59517.7,59536.8,59488.0,59514.4
1782669060000,59514.5,59604.8,59514.4,59552.5
1782669240000,59550.1,59607.2,59542.8,59575.1
1782669420000,59575.1,59589.4,59549.6,59557.3
1782669600000,59557.3,59643.7,59544.8,59639.7
1782669780000,59639.7,59672.5,59600.0,59609.2
1782669960000,59609.2,59666.5,59584.3,59666.5
1782670140000,59609.2,59666.5,59584.3,59624.9
1782670320000,59624.9,59649.8,59613.6,59613.7
1782670500000,59616.3,59637.7,59592.0,59612.3
1782670680000,59617.0,59629.2,59588.9,59588.9
1782670860000,59588.8,59632.3,59584.3,59610.2
1782671040000,59617.9,59646.3,59603.2,59603.3
1782671220000,59603.3,59616.3,59566.1,59576.8
1782671400000,59576.4,59648.9,59576.4,59631.5
1782671580000,59631.5,59630.1,59571.3,59571.4
1782671760000,59571.4,59600.0,59551.6,59559.2
1782671940000,59559.2,59601.6,59544.8,59595.6
1782672120000,59595.7,59611.6,59568.3,59568.3
1782672300000,59568.3,59595.0,59560.9,59567.5
1782672480000,59567.4,59567.5,59469.7,59496.6
1782672660000,59496.3,59571.1,59480.4,59548.0
1782672840000,59541.9,59575.0,59500.5,59570.5
1782673020000,59562.0,59599.6,59559.9,59580.7
1782673200000,59580.7,59584.3,59521.8,59521.8
1782673380000,59504.2,59520.0,59430.2,59479.4
1782673560000,59479.4,59516.9,59479.3,59497.6
1782673740000,59497.5,59522.7,59485.4,59486.1
1782673920000,59486.1,59492.9,59469.9,59478.6
1782674100000,59478.6,59490.5,59427.1,59431.2
1782674280000,59431.2,59457.5,59410.6,59413.1
1782674460000,59431.2,59508.6,59407.6,59480.0
1782674640000,59483.5,59510.6,59474.0,59490.2
1782674820000,59490.1,59520.0,59486.2,59519.9
1782675000000,59520.0,59658.5,59506.0,59612.9
1782675180000,59612.9,59636.9,59485.1,59485.1
1782675360000,59485.1,59512.4,59389.2,59395.6
1782675540000,59397.8,59432.0,59390.5,59405.5
1782675720000,59405.0,59417.0,59400.0,59408.1
1782675900000,59408.1,59412.0,59236.6,59250.0
1782676080000,59250.0,59366.2,59249.2,59354.3
1782676260000,59354.3,59384.0,59310.1,59384.0
1782676440000,59384.0,59470.2,59383.9,59443.5
1782676620000,59427.1,59477.2,59415.0,59454.3
1782676800000,59451.3,59500.1,59443.8,59474.5
1782676980000,59478.7,59518.7,59478.7,59510.9
1782677160000,59511.0,59521.8,59496.6,59496.7
1782677340000,59496.7,59571.4,59496.6,59539.6
1782677520000,59539.7,59657.5,59539.6,59637.4
1782677700000,59637.4,59747.6,59627.6,59669.9
1782677880000,59669.9,59670.0,59650.0,59650.6
1782678060000,59650.6,59679.4,59650.0,59679.4
1782678240000,59679.4,59721.4,59653.4,59669.2
1782678420000,59669.2,59727.4,59665.4,59693.5
1782678600000,59693.5,59700.3,59650.0,59650.0
1782678780000,59651.4,59659.6,59649.9,59650.1
1782678960000,59650.1,59694.9,59606.4,59679.9
1782679140000,59680.0,59685.0,59659.9,59669.0
1782679320000,59669.0,59669.1,59644.8,59646.2
1782679500000,59646.2,59671.2,59625.3,59671.2
1782679680000,59671.2,59701.4,59636.9,59637.2
1782679860000,59637.2,59643.7,59623.2,59639.9
1782680040000,59639.9,59644.3,59632.1,59639.4
1782680220000,59639.9,59644.3,59632.1,59634.1
1782680400000,59634.0,59636.9,59623.0,59627.5
1782680580000,59627.5,59666.0,59627.5,59666.0
1782680760000,59670.1,59681.7,59637.6,59670.2
1782680940000,59667.6,59674.5,59650.0,59650.1
1782681120000,59650.1,59670.1,59622.9,59670.0
1782681300000,59670.1,59670.1,59633.9,59645.2
1782681480000,59645.2,59684.2,59634.4,59683.1
1782681660000,59683.1,59692.5,59635.4,59671.5
1782681840000,59671.5,59676.0,59651.9,59671.5
1782682020000,59671.5,59714.2,59668.3,59683.2
1782682200000,59671.5,59714.2,59668.3,59694.1
1782682380000,59693.9,59703.4,59686.7,59693.3
1782682560000,59693.4,59772.4,59665.6,59672.4
1782682740000,59674.1,59684.4,59642.0,59672.4
1782682920000,59672.4,59686.8,59631.6,59631.6
1782683100000,59628.6,59655.0,59438.3,59455.1
1782683280000,59474.2,59485.1,59351.0,59382.5
1782683460000,59382.4,59399.5,59300.7,59322.5
1782683640000,59322.5,59393.2,59311.6,59351.1
1782683820000,59351.1,59418.1,59333.6,59418.0
1782684000000,59418.0,59799.9,59418.0,59714.5
1782684180000,59418.0,59883.2,59418.0,59785.9
1782684360000,59795.3,59861.2,59676.5,59676.5
1782684540000,59666.0,59722.1,59576.1,59576.2
1782684720000,59583.7,59652.3,59577.1,59606.7
1782684900000,59606.7,59614.2,59537.8,59571.9
1782685080000,59571.8,59571.9,59151.0,59175.1
1782685260000,59191.7,59477.7,59190.6,59438.1
1782685440000,59434.8,59500.0,59302.1,59307.1
1782685620000,59307.2,59390.0,59228.0,59357.2
1782685800000,59357.2,59433.8,59297.1,59297.1
1782685980000,59357.2,59433.8,59142.9,59228.5
1782686160000,59228.4,59299.3,59217.9,59260.8
1782686340000,59260.8,59294.2,59105.7,59132.1
1782686520000,59118.8,59173.8,59041.8,59077.1
1782686700000,59077.1,59193.6,59077.0,59091.5
1782686880000,59095.3,59190.0,59096.0,59118.4
1782687060000,59118.5,59136.7,58888.0,58980.6
1782687240000,58980.6,59097.8,58938.7,59040.7
1782687420000,59041.0,59066.7,58988.0,59043.1
1782687600000,59043.1,59277.9,58975.0,59205.4
1782687780000,59205.4,59253.0,59153.7,59165.3
1782687960000,59174.9,59323.1,59174.9,59284.0
1782688140000,59280.8,59300.0,59252.7,59300.0
1782688320000,59300.0,59341.2,59235.9,59240.8
1782688500000,59237.2,59278.2,59220.0,59272.5
1782688680000,59272.5,59391.6,59257.6,59321.4
1782688860000,59321.6,59381.8,59268.1,59344.3
1782689040000,59341.6,59399.0,59334.1,59398.8
1782689220000,59398.8,59556.5,59385.3,59515.2
1782689400000,59512.2,59640.4,59496.4,59586.8
1782689580000,59586.9,59620.0,59533.6,59613.0
1782689760000,59613.0,59820.4,59601.8,59797.4
1782689940000,59613.0,59820.4,59601.8,59759.0
1782690120000,59759.1,59781.3,59691.4,59699.9
1782690300000,59699.9,59775.0,59673.4,59717.4
1782690480000,59712.0,59750.4,59680.0,59716.8
1782690660000,59716.7,59732.4,59627.6,59696.2
1782690840000,59696.2,59696.2,59622.0,59630.0
1782691020000,59629.9,59640.5,59544.7,59550.3
1782691200000,59550.3,59559.1,59357.9,59397.3
1782691380000,59397.3,59460.4,59304.7,59336.1
1782691560000,59334.7,59392.1,59237.7,59356.5
1782691740000,59356.5,59523.6,59356.5,59505.0
1782691920000,59505.1,59673.3,59487.1,59553.9
1782692100000,59557.1,59575.0,59320.1,59401.2
1782692280000,59407.8,59426.3,59300.8,59300.9
1782692460000,59300.9,59327.8,59167.1,59226.0
1782692640000,59235.6,59330.6,59228.5,59272.9
1782692820000,59272.9,59290.8,59180.9,59180.9
1782693000000,59180.9,59226.9,58980.4,59061.0
1782693180000,59055.1,59200.1,59055.1,59111.3
1782693360000,59106.6,59180.9,58978.2,59096.1
1782693540000,59096.1,59291.8,59066.2,59291.8
1782693720000,59291.7,59361.4,59260.4,59355.5
1782693900000,59355.4,59355.5,59212.0,59212.1
1782694080000,59212.1,59430.6,59145.8,59352.7
1782694260000,59343.6,59459.4,59331.8,59455.6
1782694440000,59434.8,59609.0,59431.0,59550.6
1782694620000,59550.6,59678.1,59528.6,59649.0
1782694800000,59637.2,59671.6,59458.0,59499.9
1782694980000,59503.1,59526.1,59437.6,59453.9
1782695160000,59460.3,59609.4,59463.0,59508.8
1782695340000,59508.9,59534.2,59473.3,59488.8
1782695520000,59488.8,59507.9,59427.4,59462.5
1782695700000,59462.5,59493.8,59256.7,59258.4
1782695880000,59253.3,59297.1,59204.5,59281.8
1782696060000,59276.5,59313.2,59244.4,59284.0
1782696240000,59283.9,59420.0,59268.0,59395.0
1782696420000,59394.9,59408.7,59268.1,59276.2
1782696600000,59276.3,59339.0,59174.6,59339.0
1782696780000,59342.7,59348.9,59209.3,59345.9
1782696960000,59342.0,59470.8,59316.0,59432.7
1782697140000,59432.7,59548.1,59422.8,59544.7
1782697320000,59544.7,59550.0,59493.2,59523.6
1782697500000,59523.5,59547.6,59430.3,59450.1
1782697680000,59450.1,59551.6,59433.7,59434.7
1782697860000,59434.7,59504.4,59403.8,59435.1
1782698040000,59438.9,59509.3,59438.9,59444.2
1782698220000,59440.0,59460.0,59411.0,59413.1
1782698400000,59413.0,59483.3,59352.2,59471.5
1782698580000,59471.5,59490.7,59333.8,59410.4
1782698760000,59410.4,59412.0,59247.0,59281.3
1782698940000,59267.0,59283.6,59181.7,59190.1
1782699120000,59190.2,59190.1,58867.3,58995.4
1782699300000,58995.5,59197.2,58950.4,59138.7
1782699480000,59138.7,59196.5,59092.8,59196.5
1782699660000,59196.4,59319.3,59172.6,59269.1
1782699840000,59263.8,59336.7,59243.5,59336.7
1782700020000,59345.3,59571.7,59339.4,59522.8
1782700200000,59522.8,59538.3,59477.7,59515.5
1782700380000,59538.1,59549.7,59477.0,59513.0
1782700560000,59513.0,59648.3,59490.2,59642.0
1782700740000,59642.6,59680.9,59616.0,59664.5
1782700920000,59668.0,59784.9,59669.0,59751.5
1782701100000,59751.4,59787.9,59730.0,59735.9
1782701280000,59735.8,59763.6,59679.9,59747.5
1782701460000,59747.5,59747.6,59689.5,59691.4
1782701640000,59693.4,59774.0,59683.7,59768.6
1782701820000,59768.6,59786.2,59700.1,59730.6
1782702000000,59731.7,59972.9,59731.7,59890.1
1782702180000,59893.5,60147.2,59833.0,59990.1
1782702360000,60000.6,60129.4,59933.0,60094.4
1782702540000,60091.8,60166.1,60051.5,60066.8
1782702720000,60066.9,60066.8,59960.1,59975.1
1782702900000,59978.3,60000.0,59960.1,59983.7
1782703080000,59983.7,60050.0,59942.3,60049.9
1782703260000,60049.9,60064.2,60000.0,60006.5
1782703440000,60006.6,60153.7,59988.8,60153.7
1782703620000,60153.7,60210.8,60102.0,60151.7
1782703800000,60151.7,60188.0,60015.0,60029.1
1782703980000,60029.1,60044.1,59978.0,59992.8
1782704160000,59980.1,59992.6,59846.6,59870.1
1782704340000,59870.2,59928.3,59850.1,59867.6
1782704520000,59871.2,59906.0,59855.0,59895.6
1782704700000,59891.3,59995.6,59852.2,59989.6
1782704880000,59988.1,59999.9,59937.6,59951.7
1782705060000,59951.7,60055.0,59927.6,60002.1
1782705240000,60002.0,60015.3,59939.9,59949.0
1782705420000,59949.0,60039.5,59940.7,60019.9
1782705600000,60019.9,60031.5,59967.2,59978.0
1782705780000,59978.0,60010.0,59944.1,59961.2
1782705960000,59955.5,59967.8,59904.6,59957.1
1782706140000,59957.1,59967.7,59888.0,59898.6
1782706320000,59903.6,59916.2,59875.0,59897.4
1782706500000,59897.4,59953.0,59879.4,59948.5
1782706680000,59944.6,59944.6,59863.2,59883.4
1782706860000,59883.4,59883.5,59810.5,59849.1
1782707040000,59859.6,59975.1,59859.5,59953.9
1782707220000,59953.9,59953.9,59912.8,59927.2
1782707400000,59931.7,59939.8,59872.5,59894.5
1782707580000,59895.9,59895.9,59853.9,59857.2
1782707760000,59857.2,59887.6,59800.1,59875.4
1782707940000,59875.4,59875.4,59717.0,59768.7
1782708120000,59768.7,59817.9,59742.9,59814.5
1782708300000,59814.5,59822.9,59775.3,59797.3
1782708480000,59795.1,59814.3,59756.8,59806.9
1782708660000,59806.9,59883.9,59785.2,59861.5
1782708840000,59861.5,59874.6,59764.7,59799.9
1782709020000,59800.0,59824.5,59800.0,59806.1
1782709200000,59806.1,59839.8,59721.3,59726.9
1782709380000,59726.9,59730.4,59436.2,59455.0
1782709560000,59464.2,59596.0,59464.1,59587.8
1782709740000,59588.6,59588.7,59462.0,59486.1
1782709920000,59486.4,59519.9,59360.3,59504.9
1782710100000,59504.9,59691.5,59501.0,59599.3
1782710280000,59592.2,59638.7,59540.6,59601.2
1782710460000,59601.3,59648.4,59575.5,59648.4
1782710640000,59648.3,59692.9,59620.2,59661.2
1782710820000,59654.7,59694.6,59644.0,59666.8
1782711000000,59663.6,59711.3,59616.5,59674.6
1782711180000,59669.2,59815.2,59665.4,59740.6
1782711360000,59733.2,59743.0,59690.1,59734.9
1782711540000,59726.6,59745.8,59701.4,59719.5
1782711720000,59719.4,59902.5,59719.4,59888.7
1782711900000,59888.6,59983.3,59873.8,59931.5
1782712080000,59936.9,59940.8,59876.6,59900.0
1782712260000,59900.0,59962.3,59899.9,59943.1
1782712440000,59943.0,60022.4,59934.0,60011.3
1782712620000,60011.3,60086.4,60007.1,60076.3
1782712800000,60011.3,60196.4,60007.1,60100.1
1782712980000,60093.0,60124.9,60060.7,60065.7
1782713160000,60066.3,60174.9,60056.9,60100.0
1782713340000,60100.1,60146.2,60091.8,60100.5
1782713520000,60103.8,60159.9,60100.0,60149.7
1782713700000,60149.6,60299.1,60094.3,60288.9
1782713880000,60288.8,60324.5,60226.9,60297.9
1782714060000,60297.9,60297.9,60203.8,60280.1
1782714240000,60280.1,60280.1,60204.4,60204.4
1782714420000,60204.5,60217.6,60130.1,60140.4
1782714600000,60140.3,60180.0,60123.9,60158.5
1782714780000,60158.5,60164.4,60083.3,60089.3
1782714960000,60089.3,60094.0,60043.6,60049.7
1782715140000,60089.3,60124.7,60043.6,60086.8
1782715320000,60086.8,60100.0,60050.0,60051.3
1782715500000,60048.1,60084.8,60048.0,60065.6
1782715680000,60065.7,60098.5,60022.2,60049.9
1782715860000,60049.9,60138.7,60049.9,60125.7
1782716040000,60125.7,60131.0,60051.7,60055.6
1782716220000,60062.5,60075.7,60050.6,60051.0
1782716400000,60051.0,60054.1,59900.7,59911.9
1782716580000,59911.9,60036.7,59906.0,60000.2
1782716760000,60000.2,60027.6,59977.2,59980.3
1782716940000,59980.2,59999.9,59954.6,59959.5
1782717120000,59959.5,60053.0,59956.9,60053.0
1782717300000,60053.0,60162.5,60052.9,60084.3
1782717480000,60084.3,60109.9,60028.2,60064.8
1782717660000,60064.8,60075.1,60005.4,60011.5
1782717840000,60018.1,60035.1,59992.5,60027.1
1782718020000,60027.2,60119.3,60011.8,60072.1
1782718200000,60072.2,60092.9,60058.8,60064.7
1782718380000,60064.7,60083.9,60032.7,60077.9
1782718560000,60077.9,60110.8,60065.3,60066.7
1782718740000,60066.6,60085.4,60036.1,60036.1
1782718920000,60036.1,60047.6,60018.2,60026.8
1782719100000,60026.8,60063.0,60014.9,60043.9
1782719280000,60043.9,60095.9,60031.2,60067.1
1782719460000,60088.1,60108.8,60067.0,60094.9
1782719640000,60095.0,60095.0,60046.4,60051.2
1782719820000,60051.2,60053.3,59998.9,59998.9
1782720000000,59998.9,60070.1,59975.0,60022.3
1782720180000,60022.3,60064.5,59960.1,60010.2
1782720360000,60010.2,60013.1,59868.5,59940.8
1782720540000,59949.9,59988.5,59948.9,59950.1
1782720720000,59954.7,59968.3,59912.8,59938.3
1782720900000,59938.3,59984.2,59924.6,59984.2
1782721080000,59984.2,60038.3,59924.3,59924.3
1782721260000,59924.3,59986.6,59849.9,59849.9
1782721440000,59924.3,59986.6,59795.0,59798.2
1782721620000,59798.1,59844.3,59781.8,59812.0
1782721800000,59803.9,59820.3,59728.2,59754.2
1782721980000,59754.3,59885.3,59712.8,59813.1
1782722160000,59813.1,59889.8,59813.1,59827.2
1782722340000,59827.2,59877.7,59831.4,59832.5
1782722520000,59832.4,59849.0,59775.4,59840.2
1782722700000,59840.1,59914.9,59831.2,59906.9
1782722880000,59906.9,59908.1,59861.4,59884.6
1782723060000,59884.7,59900.0,59857.6,59877.8
1782723240000,59877.8,59877.8,59805.0,59817.2
1782723420000,59814.8,59834.9,59806.9,59806.9
1782723600000,59814.8,59865.0,59777.8,59807.4
1782723780000,59814.7,59849.9,59810.2,59812.3
1782723960000,59822.9,59856.8,59811.9,59851.1
1782724140000,59847.1,59869.8,59836.3,59869.8
1782724320000,59869.9,59932.7,59852.4,59920.9
1782724500000,59921.0,60039.0,59914.3,60030.7
1782724680000,60030.7,60084.6,59956.6,59980.2
1782724860000,59980.2,60009.9,59933.3,59944.7
1782725040000,59944.6,59944.7,59751.8,59794.0
1782725220000,59793.9,59949.9,59793.9,59907.9
1782725400000,59906.0,59977.4,59905.9,59940.9
1782725580000,59940.9,59953.9,59856.2,59865.3
1782725760000,59865.3,59912.2,59861.2,59904.4
1782725940000,59896.9,59940.5,59873.1,59882.8
1782726120000,59882.8,59976.1,59882.7,59947.7
1782726300000,59947.7,60034.3,59941.5,60030.6
1782726480000,60030.7,60041.8,59979.8,60008.1
1782726660000,60014.5,60021.7,59895.2,59947.5
1782726840000,59947.5,60048.8,59943.4,60010.7
1782727020000,60010.7,60049.9,60005.0,60031.4
1782727200000,60031.4,60174.7,60031.4,60172.4
1782727380000,60172.4,60165.7,60098.4,60141.8
1782727560000,60141.8,60175.7,60105.6,60122.9
1782727740000,60141.8,60287.1,60105.6,60198.7
1782727920000,60198.8,60230.0,60173.0,60207.1
1782728100000,60207.1,60260.0,60169.1,60235.5
1782728280000,60235.6,60287.0,60235.6,60260.9
1782728460000,60260.9,60275.0,60210.2,60217.8
1782728640000,60210.4,60217.8,60171.7,60199.6
1782728820000,60199.6,60206.9,60155.8,60191.3
1782729000000,60191.2,60195.9,60084.5,60104.0
1782729180000,60115.9,60143.1,60074.5,60099.7
1782729360000,60099.8,60129.7,60048.3,60092.8
1782729540000,60092.8,60119.6,60075.2,60094.3
1782729720000,60094.3,60111.2,60085.0,60106.4
1782729900000,60094.3,60132.0,60049.3,60078.1
1782730080000,60073.2,60085.4,60050.0,60077.2
1782730260000,60077.2,60114.5,60040.1,60058.9
1782730440000,60055.8,60075.5,60040.1,60050.3
1782730620000,60053.2,60066.5,60050.0,60062.3
1782730800000,60062.3,60075.9,59996.2,60014.9
1782730980000,60014.9,60023.0,59975.4,59984.9
1782731160000,59984.9,60019.1,59969.0,59994.6
1782731340000,59994.5,60000.0,59935.0,59938.4
1782731520000,59938.3,59955.0,59919.0,59919.0
1782731700000,59919.0,59940.0,59850.2,59850.3
1782731880000,59850.3,59894.7,59850.2,59880.8
1782732060000,59880.8,59897.6,59869.3,59885.9
1782732240000,59886.0,59971.5,59885.9,59961.3
1782732420000,59961.3,59974.2,59928.5,59965.8
1782732600000,59965.8,60193.2,59929.9,60032.0
1782732780000,60031.9,60031.9,59923.3,59941.5
1782732960000,59936.7,59938.0,59860.7,59860.8
1782733140000,59860.8,59860.8,59784.1,59829.3
1782733320000,59829.3,59869.1,59807.9,59830.4
1782733500000,59830.4,59867.9,59816.9,59848.9
1782733680000,59848.9,59863.6,59773.5,59827.3
1782733860000,59827.3,59827.4,59770.4,59777.4
1782734040000,59777.4,59894.3,59777.4,59880.0
1782734220000,59883.2,59964.1,59866.7,59940.1
1782734400000,59927.3,60115.0,59565.1,60115.0
1782734580000,60106.7,60487.4,60006.6,60433.5
1782734760000,60457.5,60722.0,60386.5,60462.0
1782734940000,60464.1,60549.8,60372.5,60464.7
1782735120000,60473.2,60757.9,60473.2,60643.7
1782735300000,60643.8,60714.6,60572.3,60642.4
1782735480000,60649.9,60742.1,60633.5,60646.6
1782735660000,60645.2,60645.2,60385.0,60404.5
1782735840000,60404.4,60477.9,60388.5,60436.1
1782736020000,60436.1,60458.8,60406.1,60406.1
1782736200000,60406.1,60438.8,60320.0,60330.1
1782736380000,60330.1,60365.4,60300.0,60300.0
1782736560000,60300.0,60309.4,59909.0,59929.2
1782736740000,59912.1,59947.7,59786.8,59888.1
1782736920000,59882.3,59942.7,59850.1,59922.2
1782737100000,59920.0,60025.9,59900.0,59993.0
1782737280000,59993.0,60000.0,59875.0,59923.2
1782737460000,59923.3,59940.9,59751.3,59903.7
1782737640000,59903.7,59940.1,59895.4,59930.0
1782737820000,59930.0,59960.0,59911.0,59923.5
1782738000000,59930.0,60067.4,59911.0,60046.8
1782738180000,60041.8,60189.3,60035.8,60189.3
1782738360000,60192.6,60217.6,60066.5,60080.5
1782738540000,60083.1,60170.0,60043.6,60168.2
1782738720000,60178.0,60311.6,60165.5,60191.9
1782738900000,60191.8,60246.8,60180.2,60239.0
1782739080000,60238.9,60281.9,60203.2,60207.6
1782739260000,60207.6,60207.7,60050.0,60086.0
1782739440000,60088.5,60098.5,59962.6,59988.6
1782739620000,59988.6,60012.8,59933.9,59954.2
1782739800000,59950.9,60253.3,59804.0,60099.2
1782739980000,59950.9,60253.3,59804.0,59858.5
1782740160000,59870.9,59929.5,59724.7,59785.1
1782740340000,59793.5,59830.7,59538.0,59565.4
1782740520000,59552.9,59642.3,59421.0,59450.0
1782740700000,59432.2,59541.1,59302.8,59426.1
1782740880000,59415.1,59474.6,59303.2,59460.7
1782741060000,59467.8,59577.0,59392.3,59481.8
1782741240000,59472.9,59512.0,59333.6,59430.7
1782741420000,59424.4,59562.1,59375.4,59559.4
1782741600000,59559.4,59575.0,59373.3,59418.7
1782741780000,59428.2,59497.8,59266.6,59299.9
1782741960000,59290.8,59394.8,59150.2,59280.0
1782742140000,59303.8,59327.9,59116.3,59126.1
1782742320000,59125.0,59159.2,59063.0,59077.5
1782742500000,59070.1,59230.1,58990.1,59126.3
1782742680000,59129.5,59191.1,59029.8,59142.9
1782742860000,59143.0,59238.7,59105.1,59185.9
1782743040000,59186.0,59400.0,59135.3,59350.0
1782743220000,59346.3,59543.1,59342.1,59484.5
1782743400000,59481.7,59520.7,59324.0,59348.1
1782743580000,59348.1,59680.6,59348.2,59550.3
1782743760000,59577.4,59599.1,59488.9,59510.6
1782743940000,59504.2,59564.1,59417.1,59499.5
1782744120000,59501.1,59518.5,59285.7,59300.5
1782744300000,59293.6,59363.8,59271.6,59279.3
1782744480000,59274.3,59457.0,59222.8,59377.3
1782744660000,59377.2,59483.1,59292.9,59479.9
1782744840000,59478.6,59587.6,59458.4,59466.1
1782745020000,59466.2,59480.0,59355.4,59444.1
1782745200000,59444.0,59455.0,59282.2,59282.3
1782745380000,59282.3,59289.5,59111.0,59195.7
1782745560000,59282.3,59289.5,59100.1,59187.1
1782745740000,59190.5,59283.1,59086.4,59093.5
1782745920000,59093.1,59258.0,59067.6,59239.6
1782746100000,59230.1,59319.4,59223.4,59269.2
1782746280000,59270.3,59375.7,59270.3,59302.2
1782746460000,59304.8,59335.6,59130.0,59140.7
1782746640000,59138.8,59278.5,59111.3,59273.7
1782746820000,59277.6,59475.0,59250.1,59469.2
1782747000000,59469.6,59691.5,59469.6,59583.6
1782747180000,59579.8,59677.0,59571.6,59677.0
1782747360000,59676.9,59855.0,59672.9,59840.4
1782747540000,59676.9,59855.0,59667.4,59712.4
1782747720000,59719.8,59832.5,59659.8,59809.5
1782747900000,59809.4,59920.0,59736.7,59880.1
1782748080000,59880.2,59939.2,59861.7,59930.2
1782748260000,59929.7,59929.3,59814.9,59870.0
1782748440000,59869.3,59922.3,59848.3,59854.5
1782748620000,59854.5,59861.5,59785.9,59800.2
1782748800000,59800.2,59817.9,59754.4,59754.4
1782748980000,59754.4,59919.3,59754.4,59885.4
1782749160000,59885.5,59885.4,59790.4,59835.5
1782749340000,59835.5,59835.6,59731.7,59769.9
1782749520000,59835.5,59835.6,59685.8,59709.9
1782749700000,59709.9,59756.7,59707.2,59746.7
1782749880000,59750.0,59766.0,59689.0,59704.4
1782750060000,59704.4,59700.9,59638.5,59681.9
1782750240000,59681.9,59700.9,59581.5,59581.6
1782750420000,59581.5,59594.3,59562.6,59583.7
1782750600000,59583.6,59723.8,59583.6,59655.7
1782750780000,59650.2,59707.4,59631.2,59700.3
1782750960000,59700.2,59794.2,59677.5,59749.9
1782751140000,59749.9,59828.9,59750.1,59822.7
1782751320000,59822.7,59872.8,59816.6,59852.2
1782751500000,59859.4,59888.5,59806.3,59880.3
1782751680000,59880.4,59995.0,59871.9,59884.9
1782751860000,59884.9,59896.8,59811.2,59832.2
1782752040000,59832.3,59869.4,59803.0,59869.3
1782752220000,59869.3,59896.7,59858.9,59870.9
1782752400000,59870.9,59990.0,59870.9,59990.0
1782752580000,59990.0,60264.2,59990.2,60219.0
1782752760000,60203.8,60229.8,60144.0,60160.5
1782752940000,60168.0,60286.3,60144.8,60262.2
1782753120000,60262.1,60465.7,60248.7,60440.7
1782753300000,60440.8,60599.9,60440.7,60582.4
1782753480000,60582.3,60624.1,60506.7,60590.4
1782753660000,60590.4,60590.4,60389.5,60398.2
1782753840000,60397.5,60469.6,60380.2,60383.7
1782754020000,60383.7,60543.7,60380.2,60530.2
1782754200000,60526.9,60666.6,60492.6,60509.4
1782754380000,60509.5,60514.8,60444.5,60455.8
1782754560000,60450.0,60468.9,60377.4,60377.5
1782754740000,60377.5,60536.1,60368.0,60534.1
1782754920000,60525.3,60635.1,60499.0,60603.4
1782755100000,60594.9,60631.8,60520.9,60520.9
1782755280000,60520.9,60587.8,60464.2,60494.6
1782755460000,60494.6,60556.5,60459.1,60510.0
1782755640000,60510.0,60534.5,60465.9,60507.5
1782755820000,60507.5,60518.7,60376.8,60389.8
1782756000000,60507.5,60518.7,60301.0,60354.9
1782756180000,60353.1,60432.6,60350.1,60410.8
1782756360000,60410.7,60483.7,60379.4,60448.6
1782756540000,60458.8,60483.8,60419.9,60469.2
1782756720000,60469.2,60500.0,60461.4,60495.7
1782756900000,60499.9,60499.9,60358.5,60384.9
1782757080000,60384.3,60456.9,60371.6,60438.6
1782757260000,60438.6,60459.0,60411.0,60413.0
1782757440000,60413.0,60427.8,60400.1,60400.4
1782757620000,60400.5,60402.0,60208.8,60254.3
1782757800000,60254.3,60317.8,60230.4,60317.8
1782757980000,60317.8,60317.8,60214.0,60256.1
1782758160000,60250.2,60281.6,60182.7,60268.8
1782758340000,60266.6,60285.3,60202.4,60229.8
1782758520000,60229.8,60261.2,60202.9,60261.2
1782758700000,60264.5,60274.1,60220.0,60244.2
1782758880000,60246.9,60267.5,60206.7,60218.9
1782759060000,60218.9,60220.5,60165.4,60219.9
1782759240000,60219.9,60239.9,60207.1,60233.7
1782759420000,60233.7,60275.4,60217.1,60275.4
1782759600000,60275.4,60287.8,60168.9,60168.9
1782759780000,60169.0,60193.3,60135.0,60142.7
1782759960000,60169.0,60193.3,60129.4,60160.5
1782760140000,60177.4,60242.5,60165.0,60238.9
1782760320000,60238.8,60246.0,60172.6,60172.6
1782760500000,60176.1,60227.6,60164.0,60191.1
1782760680000,60198.9,60325.0,60168.3,60294.3
1782760860000,60294.4,60369.3,60287.4,60366.5
1782761040000,60366.5,60403.7,60321.0,60378.4
1782761220000,60378.4,60458.6,60378.2,60427.3
1782761400000,60430.2,60445.7,60397.2,60403.0
1782761580000,60403.0,60403.0,60292.8,60299.3
1782761760000,60299.2,60367.9,60284.0,60344.2
1782761940000,60344.2,60379.4,60329.0,60369.6
1782762120000,60344.2,60444.8,60319.1,60443.1
1782762300000,60443.1,60506.1,60433.1,60438.2
1782762480000,60442.4,60505.8,60408.9,60482.1
1782762660000,60475.2,60540.0,60462.0,60508.8
1782762840000,60495.0,60517.7,60389.8,60406.6
1782763020000,60399.7,60457.5,60399.6,60412.6
1782763200000,60412.5,60529.9,60402.3,60524.0
1782763380000,60523.9,60535.0,60454.7,60479.5
1782763560000,60472.1,60483.2,60410.3,60441.6
1782763740000,60441.5,60469.8,60400.0,60419.1
1782763920000,60419.1,60461.8,60403.9,60415.6
1782764100000,60410.0,60416.2,60373.8,60386.0
1782764280000,60385.9,60386.0,60334.4,60378.0
1782764460000,60378.0,60419.0,60350.0,60415.5
1782764640000,60415.4,60464.7,60369.2,60412.5
1782764820000,60412.4,60416.9,60369.2,60380.6
1782765000000,60380.6,60412.1,60371.9,60404.9
1782765180000,60404.9,60451.3,60398.1,60438.1
1782765360000,60438.1,60449.9,60386.6,60417.3
1782765540000,60417.3,60454.8,60401.7,60420.0
1782765720000,60420.0,60428.8,60386.0,60392.7
1782765900000,60392.7,60392.7,60321.4,60332.8
1782766080000,60332.8,60378.4,60322.5,60331.6
1782766260000,60331.6,60340.0,60281.6,60285.2
1782766440000,60285.3,60297.1,60272.5,60278.4
1782766620000,60278.4,60281.3,60266.0,60266.1
1782766800000,60266.1,60304.5,60271.2,60293.8
1782766980000,60293.7,60333.3,60232.1,60247.1
1782767160000,60247.1,60327.0,60247.1,60326.9
1782767340000,60326.9,60337.3,60293.7,60325.9
1782767520000,60325.9,60390.5,60325.8,60383.8
1782767700000,60383.7,60383.9,60310.1,60310.2
1782767880000,60310.2,60320.4,60290.1,60313.2
1782768060000,60313.2,60315.0,60279.9,60298.4
1782768240000,60298.4,60298.4,60276.1,60276.7
1782768420000,60298.4,60329.2,60276.1,60325.1
1782768600000,60325.2,60375.3,60325.2,60367.9
1782768780000,60367.9,60404.6,60367.9,60387.6
1782768960000,60387.1,60415.0,60371.5,60414.9
1782769140000,60415.0,60470.0,60414.9,60463.0
1782769320000,60465.3,60465.9,60380.6,60436.1
1782769500000,60436.1,60480.9,60436.1,60480.9
1782769680000,60480.8,60493.3,60454.5,60463.7
1782769860000,60463.6,60518.6,60463.6,60518.6
1782770040000,60518.6,60565.6,60500.0,60501.8
1782770220000,60501.7,60508.3,60434.7,60454.9
1782770400000,60454.9,60470.2,60430.1,60448.4
1782770580000,60448.4,60469.9,60424.1,60456.2
1782770760000,60448.4,60469.9,60379.3,60401.0
1782770940000,60401.1,60422.5,60352.7,60365.6
1782771120000,60360.2,60426.0,60333.1,60426.0
1782771300000,60426.0,60457.0,60423.9,60436.0
1782771480000,60436.0,60493.2,60406.1,60493.2
1782771660000,60493.2,60493.2,60407.6,60422.1
1782771840000,60422.1,60441.1,60400.0,60428.3
1782772020000,60428.3,60438.0,60414.0,60414.1
1782772200000,60414.1,60433.5,60384.9,60408.0
1782772380000,60408.0,60408.0,60317.7,60321.6
1782772560000,60321.6,60360.4,60317.7,60354.0
1782772740000,60321.6,60360.4,60317.7,60333.3
1782772920000,60332.2,60371.0,60330.0,60359.9
1782773100000,60360.0,60378.0,60355.9,60378.0
1782773280000,60377.9,60396.0,60357.8,60374.7
1782773460000,60374.7,60374.7,60341.9,60362.6
1782773640000,60362.7,60406.0,60362.6,60388.6
1782773820000,60388.5,60388.6,60319.1,60326.4
1782774000000,60326.5,60353.9,60321.7,60346.1
1782774180000,60346.0,60350.0,60317.9,60318.0
1782774360000,60318.0,60325.0,60302.9,60322.2
1782774540000,60322.2,60325.0,60300.1,60324.9
1782774720000,60324.9,60335.9,60304.2,60316.1
1782774900000,60324.9,60339.1,60304.2,60309.6
1782775080000,60309.6,60309.6,60263.3,60272.0
1782775260000,60272.0,60277.6,60161.7,60187.1
1782775440000,60187.1,60229.0,60181.6,60203.3
1782775620000,60203.4,60227.9,60198.4,60199.5
1782775800000,60199.6,60233.1,60185.6,60219.8
1782775980000,60217.1,60261.1,60208.4,60217.3
1782776160000,60217.3,60267.6,60207.5,60254.1
1782776340000,60254.1,60254.2,60222.3,60232.4
1782776520000,60232.4,60239.0,60216.9,60219.6
1782776700000,60219.5,60265.4,60217.0,60236.5
1782776880000,60236.5,60265.5,60207.6,60242.0
1782777060000,60235.7,60240.0,60209.8,60209.8
1782777240000,60205.0,60207.3,60186.4,60190.7
1782777420000,60190.7,60242.0,60185.1,60224.7
1782777600000,60224.7,60224.7,60164.3,60175.5
1782777780000,60175.5,60250.0,60175.4,60222.8
1782777960000,60222.7,60228.1,60165.0,60174.7
1782778140000,60174.7,60228.1,60115.1,60206.3
1782778320000,60206.2,60210.3,60150.1,60168.8
1782778500000,60168.7,60207.0,60138.2,60187.7
1782778680000,60187.7,60193.8,60088.0,60112.4
1782778860000,60112.4,60112.4,60058.0,60063.4
1782779040000,60112.4,60112.4,60050.0,60065.6
1782779220000,60065.7,60065.7,59890.9,59908.4
1782779400000,59908.4,59911.3,59668.6,59801.2
1782779580000,59800.1,59871.7,59788.4,59863.6
1782779760000,59854.9,59863.2,59744.6,59788.4
1782779940000,59787.6,59787.7,59667.5,59709.0
1782780120000,59709.0,59759.9,59674.4,59749.2
1782780300000,59747.6,59863.4,59721.9,59811.0
1782780480000,59816.4,59850.0,59739.6,59752.5
1782780660000,59752.5,59896.4,59752.6,59862.6
1782780840000,59862.6,59862.6,59800.0,59800.1
1782781020000,59862.6,59862.6,59795.6,59806.1
1782781200000,59806.0,59837.4,59768.1,59781.1
1782781380000,59781.1,59841.0,59753.1,59809.1
1782781560000,59809.3,59831.1,59738.8,59794.3
1782781740000,59792.3,59810.8,59751.4,59778.4
1782781920000,59783.4,59827.2,59756.9,59800.7
1782782100000,59798.3,59888.8,59779.3,59869.0
1782782280000,59873.1,59965.8,59850.0,59937.3
1782782460000,59937.3,59937.3,59887.0,59913.7
1782782640000,59911.0,60018.2,59900.1,60009.6
1782782820000,60009.7,60022.1,59974.1,60010.2
1782783000000,60010.2,60024.9,59987.8,60003.1
1782783180000,60010.2,60024.9,59957.3,59961.9
1782783360000,59963.8,59979.6,59800.0,59803.7
1782783540000,59802.2,59850.2,59759.8,59794.4
1782783720000,59795.0,59819.7,59790.0,59804.0
1782783900000,59803.9,59835.2,59801.2,59824.1
1782784080000,59824.2,59890.0,59824.1,59877.6
1782784260000,59877.6,59890.0,59860.4,59890.0
1782784440000,59889.9,59903.1,59879.5,59894.6
1782784620000,59894.7,59922.2,59894.7,59917.9
1782784800000,59919.6,59928.0,59860.0,59864.2
1782784980000,59864.2,59871.6,59843.1,59864.2
1782785160000,59864.2,59876.6,59848.5,59858.9
1782785340000,59858.9,59892.1,59812.2,59812.2
1782785520000,59812.2,59816.7,59740.1,59761.2
1782785700000,59761.2,59761.9,59719.6,59740.0
1782785880000,59740.0,59809.0,59740.0,59809.0
1782786060000,59809.0,59894.4,59808.9,59894.3
1782786240000,59894.4,59940.5,59876.1,59930.6
1782786420000,59930.5,59968.0,59924.6,59947.3
1782786600000,59947.3,59947.3,59892.0,59900.0
1782786780000,59900.0,59955.0,59899.9,59954.9
1782786960000,59900.0,59994.0,59899.9,59991.8
1782787140000,59991.9,60004.3,59979.9,59996.4
1782787320000,59996.5,60004.1,59983.5,59983.6
1782787500000,59983.6,60009.6,59985.2,60009.6
1782787680000,60009.6,60020.0,60000.0,60000.1
1782787860000,60000.1,60021.4,59995.5,60015.1
1782788040000,60015.1,60015.1,59961.3,59967.0
1782788220000,59966.9,59975.8,59907.4,59920.5
1782788400000,59920.5,59946.9,59916.4,59943.1
1782788580000,59943.1,59959.7,59912.7,59917.2
1782788760000,59917.2,59950.0,59832.1,59840.2
1782788940000,59917.2,59950.0,59832.1,59900.1
1782789120000,59900.0,59921.5,59869.6,59877.0
1782789300000,59876.9,59956.3,59866.2,59956.3
1782789480000,59956.2,60008.0,59956.2,59994.7
1782789660000,59990.9,59990.9,59889.7,59889.7
1782789840000,59889.6,59884.0,59791.3,59844.9
1782790020000,59844.9,59855.3,59828.0,59832.9
1782790200000,59832.9,59832.9,59770.1,59770.2
1782790380000,59770.1,59778.5,59723.1,59751.0
1782790560000,59751.1,59770.1,59729.5,59748.9
1782790740000,59748.9,59749.0,59720.0,59720.1
1782790920000,59720.1,59732.6,59713.8,59713.9
1782791100000,59720.1,59732.6,59600.0,59627.1
1782791280000,59631.7,59674.3,59631.7,59662.5
1782791460000,59658.1,59663.7,59600.0,59607.2
1782791640000,59600.0,59616.2,59570.0,59599.1
1782791820000,59599.1,59620.0,59586.0,59596.2
1782792000000,59596.1,59599.5,59536.0,59536.0
1782792180000,59536.0,59561.7,59512.0,59530.8
1782792360000,59542.8,59549.4,59420.0,59448.9
1782792540000,59448.9,59460.9,59400.0,59448.3
1782792720000,59448.3,59557.9,59448.3,59529.7
1782792900000,59529.7,59530.4,59445.9,59447.4
1782793080000,59529.7,59530.4,59410.0,59444.5
1782793260000,59444.5,59500.0,59444.4,59492.6
1782793440000,59491.3,59507.6,59446.8,59507.6
1782793620000,59507.6,59554.4,59504.9,59521.6
1782793800000,59521.6,59620.1,59520.0,59609.4
1782793980000,59609.4,59649.9,59601.9,59645.5
1782794160000,59645.5,59672.1,59602.8,59602.9
1782794340000,59602.2,59602.2,59537.1,59537.1
1782794520000,59530.9,59585.4,59510.1,59580.2
1782794700000,59580.2,59580.2,59516.5,59516.5
1782794880000,59516.5,59529.6,59500.3,59511.3
1782795060000,59513.4,59520.0,59475.7,59475.7
1782795240000,59475.7,59475.7,59421.0,59439.1
1782795420000,59437.3,59483.3,59437.3,59458.2
1782795600000,59458.3,59507.8,59452.2,59465.7
1782795780000,59465.6,59491.8,59436.6,59477.3
1782795960000,59477.4,59477.4,59412.1,59429.2
1782796140000,59429.1,59438.2,59372.5,59372.5
1782796320000,59372.5,59412.6,59340.3,59408.6
1782796500000,59410.7,59412.6,59351.8,59360.0
1782796680000,59360.1,59412.6,59360.0,59404.9
1782796860000,59404.9,59426.4,59393.7,59417.9
1782797040000,59417.9,59469.0,59388.9,59389.0
1782797220000,59386.3,59386.4,59343.1,59356.4
1782797400000,59356.3,59382.3,59336.0,59354.3
1782797580000,59354.3,59381.7,59344.8,59350.3
1782797760000,59345.6,59404.1,59330.0,59404.0
1782797940000,59408.9,59533.4,59391.1,59514.1
1782798120000,59515.0,59550.7,59514.1,59541.2
1782798300000,59541.2,59567.0,59523.4,59559.9
1782798480000,59559.9,59593.3,59550.0,59550.1
1782798660000,59550.1,59558.6,59540.7,59552.2
1782798840000,59552.2,59617.5,59530.0,59611.3
1782799020000,59552.2,59633.5,59530.0,59627.8
1782799200000,59627.8,59649.7,59552.8,59555.1
1782799380000,59555.1,59563.3,59527.2,59527.2
1782799560000,59527.3,59534.5,59519.9,59534.4
1782799740000,59534.4,59534.5,59508.9,59516.0
1782799920000,59515.9,59555.0,59513.8,59546.9
1782800100000,59546.9,59555.3,59511.0,59526.9
1782800280000,59526.9,59541.7,59508.0,59508.1
1782800460000,59508.1,59552.4,59488.6,59549.6
1782800640000,59549.6,59549.7,59503.0,59510.0
1782800820000,59510.0,59692.9,59514.7,59669.1
1782801000000,59669.2,59691.6,59601.1,59601.8
1782801180000,59601.7,59601.8,59520.5,59531.1
1782801360000,59531.1,59619.5,59531.1,59548.8
1782801540000,59548.8,59561.8,59531.1,59542.9
1782801720000,59543.0,59597.9,59533.7,59541.7
1782801900000,59541.6,59563.8,59524.9,59554.6
1782802080000,59551.7,59585.3,59547.2,59558.5
1782802260000,59558.6,59561.7,59531.2,59531.5
1782802440000,59531.5,59567.1,59529.9,59546.7
1782802620000,59546.8,59575.2,59546.7,59571.7
1782802800000,59571.7,59611.7,59556.1,59600.0
1782802980000,59586.0,59606.8,59530.4,59530.4
1782803160000,59537.9,59547.3,59488.7,59488.7
1782803340000,59488.7,59488.7,59435.5,59435.9
1782803520000,59430.0,59479.1,59423.3,59471.6
1782803700000,59471.6,59513.4,59471.6,59502.0
1782803880000,59502.0,59513.2,59442.6,59456.9
1782804060000,59456.9,59471.0,59448.1,59470.9
1782804240000,59470.9,59547.0,59470.9,59532.2
1782804420000,59532.2,59547.3,59430.0,59450.9
1782804600000,59450.9,59541.9,59450.8,59513.8
1782804780000,59513.8,59539.2,59493.7,59539.1
1782804960000,59539.1,59547.0,59450.0,59483.8
1782805140000,59483.8,59490.7,59443.4,59466.7
1782805320000,59466.7,59538.9,59457.7,59490.3
1782805500000,59490.4,59533.0,59476.3,59522.5
1782805680000,59515.1,59521.7,59456.9,59456.9
1782805860000,59456.9,59482.6,59440.5,59464.3
1782806040000,59464.3,59516.9,59455.3,59511.2
1782806220000,59511.2,59514.1,59494.5,59497.6
1782806400000,59511.2,59532.7,59494.5,59500.6
1782806580000,59497.9,59520.4,59480.8,59509.7
1782806760000,59509.7,59513.2,59458.1,59480.0
1782806940000,59480.1,59500.0,59450.0,59488.7
1782807120000,59488.6,59488.7,59405.0,59405.1
1782807300000,59405.1,59405.1,59357.6,59386.3
1782807480000,59386.2,59411.9,59376.5,59388.1
1782807660000,59388.1,59411.3,59352.3,59403.2
1782807840000,59403.2,59419.2,59366.0,59370.6
1782808020000,59370.6,59393.0,59343.0,59383.8
1782808200000,59382.8,59420.2,59351.3,59357.1
1782808380000,59359.7,59359.7,59258.3,59279.7
1782808560000,59279.7,59287.1,59188.0,59244.9
1782808740000,59243.7,59259.9,59202.4,59217.4
1782808920000,59217.3,59273.4,59211.9,59250.2
1782809100000,59250.2,59263.8,59159.0,59243.7
1782809280000,59243.7,59267.5,59212.0,59239.8
1782809460000,59236.9,59271.1,59211.1,59261.0
1782809640000,59261.1,59355.6,59239.1,59254.7
1782809820000,59254.7,59310.9,59249.9,59288.7
1782810000000,59285.7,59345.9,59276.0,59337.9
1782810180000,59338.0,59379.0,59333.3,59352.3
1782810360000,59338.0,59379.0,59276.0,59286.9
1782810540000,59282.1,59293.4,59256.5,59292.5
1782810720000,59292.6,59341.5,59282.1,59323.3
1782810900000,59323.3,59349.9,59282.5,59282.5
1782811080000,59282.2,59330.8,59255.3,59255.4
1782811260000,59240.9,59296.7,59240.9,59287.1
1782811440000,59287.2,59324.6,59287.1,59297.5
1782811620000,59297.4,59306.2,59274.9,59275.3
1782811800000,59275.3,59289.1,59225.0,59241.9
1782811980000,59241.8,59294.7,59236.2,59294.6
1782812160000,59294.6,59318.0,59274.6,59287.4
1782812340000,59294.6,59350.3,59274.6,59330.0
1782812520000,59330.0,59368.8,59314.3,59331.5
1782812700000,59331.5,59358.2,59331.4,59355.4
1782812880000,59355.5,59395.3,59335.8,59395.2
1782813060000,59386.8,59397.0,59352.9,59369.1
1782813240000,59369.1,59369.1,59340.6,59355.8
1782813420000,59355.8,59357.8,59343.7,59348.7
1782813600000,59348.7,59379.2,59348.6,59363.9
1782813780000,59363.8,59363.8,59309.5,59326.7
1782813960000,59322.0,59390.1,59318.0,59378.1
1782814140000,59378.1,59380.2,59285.7,59303.1
1782814320000,59378.1,59380.2,59285.7,59342.4
1782814500000,59342.5,59400.0,59342.5,59377.1
1782814680000,59377.1,59377.1,59329.3,59329.4
1782814860000,59329.3,59350.1,59308.6,59316.9
1782815040000,59316.9,59359.5,59316.8,59342.3
1782815220000,59342.4,59347.7,59338.0,59344.4
1782815400000,59344.3,59344.4,59313.3,59339.0
1782815580000,59339.0,59347.7,59304.2,59304.2
1782815760000,59304.3,59304.3,59264.5,59287.2
1782815940000,59287.2,59302.6,59277.1,59294.8
1782816120000,59294.8,59316.8,59294.7,59308.9
1782816300000,59308.9,59342.2,59284.2,59326.4
1782816480000,59326.5,59345.2,59265.0,59292.9
1782816660000,59292.9,59324.9,59284.5,59320.1
1782816840000,59321.0,59349.2,59299.3,59349.2
1782817020000,59349.9,59378.8,59303.7,59303.7
1782817200000,59303.6,59350.0,59294.5,59350.0
1782817380000,59343.8,59372.4,59333.5,59365.2
1782817560000,59365.2,59393.8,59344.7,59348.2
1782817740000,59348.2,59379.9,59348.3,59360.1
1782817920000,59360.0,59369.6,59355.4,59357.8
1782818100000,59357.9,59367.7,59300.6,59309.3
1782818280000,59309.3,59315.7,59276.4,59289.1
1782818460000,59309.3,59315.7,59237.2,59241.8
1782818640000,59251.7,59251.8,59181.0,59207.5
1782818820000,59209.4,59229.9,59165.3,59191.1
1782819000000,59191.2,59247.7,59116.6,59120.6
1782819180000,59120.7,59166.6,59100.0,59155.5
1782819360000,59157.8,59209.9,59124.1,59149.3
1782819540000,59147.9,59218.4,59140.2,59218.2
1782819720000,59218.2,59245.0,59200.5,59218.6
1782819900000,59218.5,59275.1,59218.5,59243.1
1782820080000,59243.1,59291.0,59243.1,59289.1
1782820260000,59289.1,59316.2,59212.2,59212.2
1782820440000,59212.2,59212.3,59130.0,59150.9
1782820620000,59212.2,59212.3,59130.0,59162.3
1782820800000,59162.3,59162.3,59063.5,59067.3
1782820980000,59063.5,59067.8,59022.2,59022.3
1782821160000,59031.8,59060.5,58970.9,58991.9
1782821340000,58992.0,59080.0,58991.9,59064.6
1782821520000,59068.8,59081.3,58980.1,58987.7
1782821700000,58987.8,59044.3,58983.5,59019.1
1782821880000,59019.1,59046.3,58929.4,58939.2
1782822060000,58939.3,58942.7,58840.1,58842.9
1782822240000,58840.1,58846.3,58731.1,58759.9
1782822420000,58759.9,58899.7,58751.6,58833.9
1782822600000,58832.8,58861.7,58769.0,58812.6
1782822780000,58814.4,58829.0,58744.9,58782.2
1782822960000,58782.2,58839.9,58772.0,58785.2
1782823140000,58783.1,58850.0,58780.0,58799.4
1782823320000,58813.0,58830.0,58787.3,58813.3
1782823500000,58813.3,58828.8,58650.0,58658.8
1782823680000,58658.9,58713.7,58600.0,58605.6
1782823860000,58605.7,58667.0,58568.8,58637.8
1782824040000,58637.8,58677.4,58485.3,58500.1
1782824220000,58637.8,58677.4,58353.7,58372.6
1782824400000,58374.8,58518.3,58288.5,58333.5
1782824580000,58336.1,58492.3,58300.0,58468.3
1782824760000,58468.3,58617.9,58450.0,58506.5
1782824940000,58506.1,58619.1,58506.1,58540.1
1782825120000,58540.2,58580.0,58385.6,58421.9
1782825300000,58427.8,58535.7,58429.8,58508.7
1782825480000,58508.7,58567.8,58499.5,58560.1
1782825660000,58562.4,58568.0,58456.6,58507.1
1782825840000,58507.1,58521.7,58414.0,58467.7
1782826020000,58467.7,58492.8,58435.2,58484.9
1782826200000,58484.9,58732.0,58340.0,58442.8
1782826380000,58397.8,58426.6,58200.3,58253.5
1782826560000,58251.7,58321.3,58210.2,58295.5
1782826740000,58313.5,58548.3,58291.8,58496.2
1782826920000,58491.6,58556.6,58424.9,58546.3
1782827100000,58535.1,58578.7,58436.1,58448.4
1782827280000,58448.3,58568.8,58431.4,58564.5
1782827460000,58570.1,58773.0,58546.3,58670.3
1782827640000,58670.3,58691.9,58565.7,58608.3
1782827820000,58608.3,58721.8,58585.8,58711.8
1782828000000,58711.9,59245.6,58627.6,59235.9
1782828180000,58711.9,59245.6,58627.6,58947.2
1782828360000,58954.8,59037.0,58951.5,58968.4
1782828540000,58979.9,58993.9,58821.4,58946.3
1782828720000,58937.8,59023.0,58852.9,58970.9
1782828900000,58971.7,59015.4,58858.3,58883.4
1782829080000,58889.1,58983.4,58883.5,58941.3
1782829260000,58939.8,59125.4,58925.8,59092.7
1782829440000,59092.6,59123.9,58966.6,58990.3
1782829620000,58990.4,59078.7,58987.8,59017.7
1782829800000,59017.7,59079.8,58874.2,58922.1
1782829980000,58930.4,58999.7,58901.5,58906.8
1782830160000,58930.4,58999.7,58581.2,58581.3
1782830340000,58572.6,58731.1,58553.3,58676.3
1782830520000,58676.2,58911.1,58669.4,58896.3
1782830700000,58894.9,58894.8,58666.0,58676.9
1782830880000,58675.3,58713.2,58561.0,58561.0
1782831060000,58564.2,58613.4,58561.0,58595.8
1782831240000,58595.9,58606.9,58404.7,58448.1
1782831420000,58456.2,58586.1,58430.0,58461.3
1782831600000,58458.7,58579.4,58405.9,58555.4
1782831780000,58558.6,58558.7,58212.0,58222.3
1782831960000,58220.0,58371.0,58172.0,58304.0
1782832140000,58300.8,58361.8,58244.0,58338.6
1782832320000,58330.9,58460.0,58330.1,58420.0
1782832500000,58420.0,58449.2,58175.5,58187.3
1782832680000,58182.4,58399.4,58174.4,58396.8
1782832860000,58404.4,58418.3,58284.6,58367.5
1782833040000,58367.4,58450.1,58339.3,58415.4
1782833220000,58405.9,58421.1,58339.9,58359.4
1782833400000,58359.4,58429.7,58352.4,58404.7
1782833580000,58404.7,58433.9,58366.1,58375.1
1782833760000,58375.1,58393.0,58233.5,58249.7
1782833940000,58253.4,58365.2,58251.3,58363.5
1782834120000,58363.5,58478.5,58352.8,58415.3
1782834300000,58363.5,58776.1,58352.8,58567.5
1782834480000,58562.1,58596.0,58503.9,58552.5
1782834660000,58552.5,58589.5,58473.4,58511.8
1782834840000,58511.8,58567.3,58473.6,58489.9
1782835020000,58490.0,58498.0,58318.2,58356.1
1782835200000,58356.2,58458.0,58330.9,58435.3
1782835380000,58438.8,58460.4,58408.5,58454.0
1782835560000,58456.2,58617.4,58456.2,58542.2
1782835740000,58542.3,58589.4,58488.1,58499.5
1782835920000,58499.4,58526.9,58371.2,58383.2
1782836100000,58383.3,58453.6,58291.1,58421.3
1782836280000,58421.4,58429.1,58360.8,58397.3
1782836460000,58397.3,58397.2,58306.2,58319.9
1782836640000,58319.9,58346.6,58230.2,58279.2
1782836820000,58282.5,58297.7,58264.3,58290.1
1782837000000,58293.7,58315.9,58270.0,58300.1
1782837180000,58300.1,58388.8,58232.0,58284.2
1782837360000,58284.1,58412.8,58280.4,58409.3
1782837540000,58401.3,58460.9,58381.3,58381.3
1782837720000,58381.4,58381.4,58273.9,58304.2
1782837900000,58307.2,58374.9,58307.2,58357.1
1782838080000,58357.1,58414.7,58348.3,58392.9
1782838260000,58392.9,58466.1,58364.8,58450.6
1782838440000,58450.6,58555.2,58450.5,58551.0
1782838620000,58450.6,58555.2,58408.8,58479.5
1782838800000,58479.2,58501.9,58422.0,58481.9
1782838980000,58481.9,58540.1,58481.8,58490.0
1782839160000,58480.1,58597.6,58480.0,58597.6
1782839340000,58572.9,58592.8,58455.0,58492.9
1782839520000,58492.9,58493.0,58364.0,58387.9
1782839700000,58387.9,58438.4,58367.1,58414.8
1782839880000,58414.8,58462.2,58405.8,58451.9
1782840060000,58452.0,58464.8,58369.8,58373.3
1782840240000,58373.5,58416.1,58349.9,58364.6
1782840420000,58363.9,58379.9,58345.5,58372.4
1782840600000,58372.4,58389.3,58311.0,58340.5
1782840780000,58340.5,58439.5,58339.3,58424.4
1782840960000,58424.4,58427.1,58339.8,58377.1
1782841140000,58377.1,58389.6,58326.0,58378.3
1782841320000,58378.3,58399.9,58350.0,58361.3
1782841500000,58355.5,58355.5,58306.0,58306.1
1782841680000,58302.2,58329.0,58290.0,58309.9
1782841860000,58309.9,58383.3,58309.8,58375.8
1782842040000,58375.9,58410.8,58355.0,58382.2
1782842220000,58382.2,58407.4,58382.1,58396.8
1782842400000,58396.8,58463.0,58374.3,58417.8
1782842580000,58417.8,58417.7,58334.4,58337.4
1782842760000,58337.4,58438.4,58334.0,58425.3
1782842940000,58425.3,58456.4,58408.3,58430.6
1782843120000,58430.5,58476.7,58407.7,58451.9
1782843300000,58430.5,58527.5,58407.7,58512.2
1782843480000,58507.2,58674.8,58507.2,58594.2
1782843660000,58594.2,58594.2,58540.6,58540.6
1782843840000,58540.6,58540.7,58402.9,58465.7
1782844020000,58471.4,58519.8,58465.9,58513.3
1782844200000,58513.2,58536.1,58464.3,58487.8
1782844380000,58487.7,58487.8,58440.0,58466.1
1782844560000,58466.1,58474.3,58376.0,58393.8
1782844740000,58393.8,58414.3,58358.6,58395.9
1782844920000,58395.9,58437.5,58395.8,58436.5
1782845100000,58436.5,58538.9,58436.5,58531.8
1782845280000,58531.8,58600.1,58527.1,58585.1
1782845460000,58531.8,58650.0,58527.1,58640.2
1782845640000,58640.3,58655.8,58614.5,58614.7
1782845820000,58614.7,58667.1,58604.0,58659.9
1782846000000,58659.8,58706.2,58616.2,58632.1
1782846180000,58632.1,58678.2,58571.0,58577.4
1782846360000,58582.9,58678.4,58566.4,58656.3
1782846540000,58656.3,58678.5,58574.9,58584.6
1782846720000,58584.6,58632.9,58584.6,58632.9
1782846900000,58633.0,58650.0,58577.3,58626.0
1782847080000,58626.0,58640.5,58595.2,58610.9
1782847260000,58610.9,58626.5,58561.7,58594.9
1782847440000,58594.9,58604.6,58562.2,58590.7
1782847620000,58580.9,58649.4,58580.9,58649.3
1782847800000,58649.4,58760.0,58634.3,58681.2
1782847980000,58703.4,58787.9,58703.3,58762.7
1782848160000,58762.7,58766.0,58729.3,58735.5
1782848340000,58735.5,58735.4,58668.6,58698.5
1782848520000,58698.6,58747.0,58694.4,58734.2
1782848700000,58734.2,58763.4,58693.7,58751.5
1782848880000,58750.1,58816.6,58710.7,58734.7
1782849060000,58723.9,58762.2,58668.9,58723.7
1782849240000,58723.7,58761.4,58714.6,58759.8
1782849420000,58723.7,58807.6,58714.6,58800.1
1782849600000,58801.3,58810.2,58714.5,58810.2
1782849780000,58800.1,58808.5,58750.9,58793.5
1782849960000,58793.4,58793.4,58743.9,58774.1
1782850140000,58774.2,58851.3,58771.7,58809.2
1782850320000,58810.1,58846.5,58807.6,58837.7
1782850500000,58837.7,58838.4,58791.0,58791.0
1782850680000,58791.0,58805.8,58707.0,58710.6
1782850860000,58707.8,58719.8,58670.9,58717.0
1782851040000,58715.8,58723.0,58683.1,58708.2
1782851220000,58708.3,58735.7,58706.1,58718.9
1782851400000,58718.9,58718.9,58621.5,58647.7
1782851580000,58647.7,58682.0,58644.2,58672.2
1782851760000,58672.2,58697.4,58660.0,58679.5
1782851940000,58679.5,58718.7,58671.6,58686.7
1782852120000,58686.8,58686.8,58633.1,58633.1
1782852300000,58633.1,58761.8,58621.9,58743.1
1782852480000,58746.1,58770.3,58701.2,58714.1
1782852660000,58714.0,58714.0,58661.5,58689.4
1782852840000,58689.5,58750.2,58689.4,58750.2
1782853020000,58750.1,58750.2,58703.6,58708.0
1782853200000,58708.0,58741.3,58698.3,58733.8
1782853380000,58733.8,58739.1,58654.2,58708.1
1782853560000,58733.8,58739.1,58654.2,58693.8
1782853740000,58693.9,58696.6,58526.0,58528.2
1782853920000,58533.8,58579.9,58525.7,58562.9
1782854100000,58557.1,58614.6,58555.7,58581.4
1782854280000,58581.4,58600.0,58566.9,58570.5
1782854460000,58570.4,58575.0,58480.6,58494.9
1782854640000,58494.9,58549.9,58479.9,58547.9
1782854820000,58547.9,58585.6,58543.1,58567.7
1782855000000,58567.8,58611.8,58552.1,58581.7
1782855180000,58581.7,58611.8,58574.5,58604.3
1782855360000,58604.3,58636.2,58598.9,58620.0
1782855540000,58619.9,58636.9,58595.1,58615.2
1782855720000,58615.1,58626.5,58554.8,58560.4
1782855900000,58560.3,58590.4,58553.1,58555.0
1782856080000,58555.1,58577.2,58507.9,58569.8
1782856260000,58569.8,58617.7,58565.8,58603.1
1782856440000,58603.2,58627.8,58577.9,58597.9
1782856620000,58597.9,58612.3,58597.0,58611.3
1782856800000,58611.6,58679.8,58612.3,58673.0
1782856980000,58685.6,58715.6,58658.1,58688.5
1782857160000,58688.4,58716.5,58688.4,58715.5
1782857340000,58715.5,58715.5,58645.1,58653.4
1782857520000,58653.4,58713.8,58624.5,58703.8
1782857700000,58703.8,58716.4,58671.7,58696.2
1782857880000,58696.3,58779.2,58680.0,58712.6
1782858060000,58712.6,58718.0,58662.0,58674.2
1782858240000,58674.2,58685.8,58626.0,58627.3
1782858420000,58627.4,58648.2,58618.0,58623.7
1782858600000,58623.6,58623.7,58478.1,58514.3
1782858780000,58514.4,58521.2,58482.1,58500.0
1782858960000,58498.6,58541.7,58498.5,58541.6
1782859140000,58541.6,58584.5,58541.6,58561.4
1782859320000,58555.2,58568.4,58550.0,58568.4
1782859500000,58572.8,58579.4,58540.3,58579.3
1782859680000,58579.3,58600.0,58574.4,58588.2
1782859860000,58588.2,58588.2,58512.0,58531.6
1782860040000,58531.6,58560.0,58521.0,58560.0
1782860220000,58560.0,58595.9,58559.9,58579.6
1782860400000,58577.7,58599.0,58537.3,58583.7
1782860580000,58583.7,58594.7,58519.4,58567.3
1782860760000,58567.3,58620.0,58560.3,58593.2
1782860940000,58593.2,58603.2,58571.2,58576.3
1782861120000,58576.2,58581.9,58562.6,58580.0
1782861300000,58580.0,58632.0,58579.9,58582.9
1782861480000,58582.9,58602.6,58556.2,58556.2
1782861660000,58556.2,58585.4,58550.0,58562.7
1782861840000,58568.9,58627.5,58568.9,58617.7
1782862020000,58617.7,58624.9,58581.8,58586.0
1782862200000,58586.1,58586.1,58545.0,58585.8
1782862380000,58585.8,58613.4,58564.8,58604.4
1782862560000,58594.9,58594.8,58560.7,58560.8
1782862740000,58560.7,58560.8,58536.4,58546.2
1782862920000,58546.2,58584.8,58543.2,58581.8
1782863100000,58581.9,58617.0,58556.1,58616.9
1782863280000,58616.9,58638.7,58602.8,58624.2
1782863460000,58624.2,58632.2,58610.0,58628.2
1782863640000,58628.2,58630.0,58588.2,58620.1
1782863820000,58628.2,58634.0,58588.2,58605.5
1782864000000,58605.5,58688.5,58605.4,58615.0
1782864180000,58611.9,58720.0,58609.0,58700.1
1782864360000,58700.1,58710.0,58667.5,58694.9
1782864540000,58694.9,58694.9,58626.6,58640.3
1782864720000,58640.2,58650.5,58571.9,58617.6
1782864900000,58618.2,58653.8,58580.0,58580.1
1782865080000,58579.0,58594.5,58486.8,58505.5
1782865260000,58505.5,58506.9,58374.0,58419.5
1782865440000,58419.9,58423.3,58273.9,58278.9
1782865620000,58278.9,58374.9,58279.0,58363.4
1782865800000,58360.6,58550.0,58360.6,58450.0
1782865980000,58449.9,58489.6,58408.3,58408.3
1782866160000,58406.4,58478.8,58406.4,58415.9
1782866340000,58416.0,58430.3,58395.4,58408.6
1782866520000,58411.5,58460.0,58405.7,58451.1
1782866700000,58452.6,58494.3,58439.5,58455.1
1782866880000,58455.1,58490.6,58445.5,58484.8
1782867060000,58484.8,58598.1,58477.6,58563.7
1782867240000,58563.7,58565.5,58516.5,58546.1
1782867420000,58546.1,58556.2,58521.4,58548.8
1782867600000,58548.8,58557.1,58445.5,58466.4
1782867780000,58466.5,58471.4,58254.1,58303.8
1782867960000,58306.0,58340.0,58206.0,58229.3
1782868140000,58233.4,58274.8,58070.0,58106.9
1782868320000,58111.0,58184.6,57773.0,58131.7
1782868500000,58136.9,58319.9,58000.5,58099.7
1782868680000,58101.0,58284.0,58079.6,58262.9
1782868860000,58272.0,58377.0,58210.0,58263.0
1782869040000,58265.0,58291.6,58160.0,58289.1
1782869220000,58289.2,58374.9,58245.6,58313.0
1782869400000,58317.5,58535.3,58300.1,58503.1
1782869580000,58503.1,58516.3,58391.9,58480.6
1782869760000,58480.6,58643.4,58448.0,58623.5
1782869940000,58632.1,58981.0,58620.9,58800.1
1782870120000,58800.0,58935.0,58752.6,58874.4
1782870300000,58872.0,58991.6,58757.1,58791.1
1782870480000,58787.0,58812.8,58703.8,58704.3
1782870660000,58704.4,58800.0,58685.4,58795.7
1782870840000,58795.6,58869.0,58784.0,58804.8
1782871020000,58808.9,58807.5,58741.6,58745.4
1782871200000,58741.7,58807.6,58725.0,58804.9
1782871380000,58804.9,58812.6,58672.9,58673.1
1782871560000,58673.0,58699.9,58639.9,58661.1
1782871740000,58661.1,58735.3,58651.4,58717.0
1782871920000,58716.9,58843.2,58716.9,58771.1
1782872100000,58716.9,58867.8,58716.9,58808.3
1782872280000,58815.1,58837.4,58800.0,58836.3
1782872460000,58827.3,58998.9,58825.1,58965.7
1782872640000,58972.5,58975.6,58870.0,58935.5
1782872820000,58935.5,58982.7,58908.8,58922.1
1782873000000,58923.6,59044.4,58887.9,58935.7
1782873180000,58935.8,59026.4,58904.0,59013.4
1782873360000,59017.1,59055.0,58976.7,59039.4
1782873540000,59042.4,59055.1,58969.8,59050.1
1782873720000,59050.1,59139.2,59049.2,59115.5
1782873900000,59115.4,59152.0,59000.0,59014.7
1782874080000,59115.4,59152.0,58979.5,59066.5
1782874260000,59066.6,59087.9,58991.7,59042.7
1782874440000,59042.1,59100.0,59031.9,59097.2
1782874620000,59097.2,59100.0,59060.0,59063.4
1782874800000,59063.4,59067.5,59001.1,59006.8
1782874980000,59006.7,59036.4,58986.3,59036.3
1782875160000,59036.3,59097.1,59024.1,59024.2
1782875340000,59024.2,59033.9,58965.3,58970.1
1782875520000,58970.1,59008.5,58965.2,58973.1
1782875700000,58973.0,58981.7,58906.7,58908.0
1782875880000,58973.0,58981.7,58875.9,58884.7
1782876060000,58884.6,58914.0,58861.5,58885.0
1782876240000,58885.0,58906.7,58861.5,58892.3
1782876420000,58892.3,58932.7,58881.0,58900.0
1782876600000,58900.0,58915.7,58823.9,58854.0
1782876780000,58854.0,58947.6,58851.9,58902.0
1782876960000,58902.0,59126.0,58893.3,58979.6
1782877140000,58979.6,59021.9,58950.1,58969.5
1782877320000,58969.5,58968.1,58903.1,58915.8
1782877500000,58915.8,59023.7,58903.4,58970.0
1782877680000,58970.0,58985.2,58945.5,58981.1
1782877860000,58981.1,59188.0,58968.1,59187.5
1782878040000,58981.1,59293.0,58968.1,59199.9
1782878220000,59199.9,59199.9,59140.6,59169.7
1782878400000,59169.7,59171.2,59038.4,59043.3
1782878580000,59042.5,59096.6,59030.9,59085.1
1782878760000,59085.0,59118.1,59082.5,59097.8
1782878940000,59097.7,59135.9,59090.0,59093.9
1782879120000,59093.9,59121.9,59073.6,59087.8
1782879300000,59087.8,59139.9,59069.0,59104.9
1782879480000,59104.9,59184.3,59089.9,59184.2
1782879660000,59184.3,59232.1,59165.3,59211.1
1782879840000,59211.1,59232.0,59170.4,59232.0
1782880020000,59232.1,59248.5,59225.6,59248.3
1782880200000,59248.4,59269.9,59217.9,59239.7
1782880380000,59239.7,59243.1,59180.0,59189.3
1782880560000,59189.2,59272.7,59172.2,59242.8
1782880740000,59240.1,59288.2,59219.6,59283.6
1782880920000,59283.7,59344.6,59275.2,59327.9
1782881100000,59329.4,59436.2,59316.9,59316.9
1782881280000,59317.0,59373.2,59316.6,59367.3
1782881460000,59367.2,59365.1,59271.0,59283.3
1782881640000,59283.2,59322.5,59279.9,59319.9
1782881820000,59319.9,59322.0,59285.1,59311.7
1782882000000,59311.7,59311.2,59253.9,59255.6
1782882180000,59255.6,59349.5,59255.6,59343.3
1782882360000,59343.3,59350.0,59291.0,59314.7
1782882540000,59318.7,59318.7,59230.0,59234.0
1782882720000,59232.1,59269.8,59214.0,59259.3
1782882900000,59257.9,59329.8,59257.9,59327.2
1782883080000,59327.3,59327.3,59268.0,59268.1
1782883260000,59268.0,59268.1,59168.1,59212.2
1782883440000,59212.2,59269.3,59176.9,59177.4
1782883620000,59175.1,59192.9,59122.7,59148.8
1782883800000,59148.8,59163.2,59130.0,59154.6
1782883980000,59154.6,59178.5,59120.0,59156.1
1782884160000,59156.2,59156.2,59093.1,59127.9
1782884340000,59127.9,59175.4,59117.7,59157.1
1782884520000,59157.1,59163.5,59138.3,59163.3
1782884700000,59163.2,59177.3,59140.2,59140.3
1782884880000,59140.4,59168.3,59119.4,59156.6
1782885060000,59156.6,59156.6,59109.5,59109.6
1782885240000,59109.6,59120.0,59100.4,59110.8
1782885420000,59110.7,59129.8,59106.7,59122.4
1782885600000,59122.4,59130.0,59025.1,59064.5
1782885780000,59066.1,59069.2,58979.9,58995.2
1782885960000,58995.3,59010.0,58955.2,58956.7
1782886140000,58956.6,58956.7,58911.1,58914.6
1782886320000,58914.7,58920.9,58881.0,58920.9
1782886500000,58920.9,58943.5,58875.2,58906.4
1782886680000,58906.4,58901.0,58777.0,58799.5
1782886860000,58799.5,58840.8,58655.3,58711.4
1782887040000,58709.4,58778.3,58696.9,58774.6
1782887220000,58774.6,58774.6,58720.0,58760.0
1782887400000,58760.0,58804.7,58733.0,58788.1
1782887580000,58788.1,58796.4,58620.7,58670.8
1782887760000,58670.8,58670.9,58500.1,58560.2
1782887940000,58558.3,58655.3,58558.3,58599.9
1782888120000,58600.0,58670.9,58599.9,58670.9
1782888300000,58670.8,58670.9,58585.7,58621.7
1782888480000,58621.7,58690.7,58621.6,58684.7
1782888660000,58684.7,58745.2,58684.6,58716.0
1782888840000,58716.0,58738.4,58700.2,58738.3
1782889020000,58738.3,58738.3,58702.5,58726.1
1782889200000,58726.7,58765.6,58672.8,58720.0
1782889380000,58719.9,58719.9,58615.1,58651.1
1782889560000,58650.1,58650.3,58567.2,58639.4
1782889740000,58639.4,58644.9,58590.2,58612.1
1782889920000,58615.7,58660.1,58606.6,58647.8
1782890100000,58648.3,58703.1,58624.2,58664.4
1782890280000,58664.4,58664.4,58606.3,58606.4
1782890460000,58606.4,58771.3,58606.4,58768.8
1782890640000,58768.8,58797.6,58740.9,58752.2
1782890820000,58752.2,58763.6,58709.3,58709.3
1782891000000,58752.2,58763.6,58607.0,58649.9
1782891180000,58649.9,58718.9,58645.6,58647.5
1782891360000,58647.5,58728.8,58647.4,58694.5
1782891540000,58694.5,58704.9,58658.4,58695.4
1782891720000,58694.6,58712.0,58655.5,58660.0
1782891900000,58660.0,58707.3,58638.0,58707.3
1782892080000,58707.3,58778.2,58706.2,58726.3
1782892260000,58726.4,58731.5,58708.8,58716.5
1782892440000,58716.5,58722.9,58694.6,58722.8
1782892620000,58722.8,58749.9,58722.6,58744.5
1782892800000,58744.5,58744.5,58628.5,58687.6
1782892980000,58687.6,58750.0,58687.6,58746.4
1782893160000,58746.4,58789.1,58727.0,58740.7
1782893340000,58746.4,58789.1,58675.1,58675.1
1782893520000,58674.0,58708.5,58662.1,58667.6
1782893700000,58667.5,58687.7,58657.8,58676.7
1782893880000,58676.6,58698.5,58650.3,58671.8
1782894060000,58671.8,58671.9,58578.3,58599.9
1782894240000,58599.9,58631.0,58568.1,58630.9
1782894420000,58631.0,58649.0,58584.8,58590.2
1782894600000,58590.2,58633.0,58572.9,58580.6
1782894780000,58580.7,58580.7,58466.6,58564.0
1782894960000,58564.0,58627.8,58522.5,58623.7
1782895140000,58623.7,58631.1,58578.1,58621.6
1782895320000,58623.7,58723.0,58578.1,58713.4
1782895500000,58713.4,58721.1,58672.5,58672.7
1782895680000,58672.7,58695.4,58651.0,58693.1
1782895860000,58690.5,58768.8,58686.3,58756.1
1782896040000,58756.0,58798.3,58756.1,58794.4
1782896220000,58794.4,58963.7,58798.2,58946.0
1782896400000,58950.9,58972.5,58865.9,58902.5
1782896580000,58900.1,58969.9,58890.7,58965.6
1782896760000,58965.7,59069.7,58950.0,58976.2
1782896940000,58976.2,58999.0,58961.5,58966.0
1782897120000,58966.0,58991.2,58922.3,58930.0
1782897300000,58929.9,58976.0,58918.5,58973.2
1782897480000,58973.2,58973.4,58888.7,58896.7
1782897660000,58896.7,58933.6,58875.5,58910.0
1782897840000,58910.0,58919.0,58873.1,58880.2
1782898020000,58880.2,58884.9,58841.6,58862.2
1782898200000,58869.3,58898.9,58860.0,58886.2
1782898380000,58886.2,58920.7,58880.0,58889.8
1782898560000,58889.7,58895.6,58856.8,58861.8
1782898740000,58861.8,58862.9,58799.0,58850.6
1782898920000,58850.7,58869.7,58844.8,58859.7
1782899100000,58859.7,58926.6,58836.8,58856.9
1782899280000,58857.0,58887.7,58818.1,58856.2
1782899460000,58856.2,58924.0,58856.2,58911.0
1782899640000,58911.1,58950.0,58905.7,58912.2
1782899820000,58912.0,58934.0,58912.0,58921.4
1782900000000,58921.3,58923.3,58845.1,58863.2
1782900180000,58863.2,58912.7,58863.1,58868.7
1782900360000,58868.6,58868.7,58825.1,58856.7
1782900540000,58856.8,58857.0,58746.8,58749.7
1782900720000,58749.7,58765.7,58724.2,58733.7
1782900900000,58733.7,58745.5,58665.9,58741.2
1782901080000,58741.2,58766.7,58714.5,58764.3
1782901260000,58764.3,58768.5,58737.0,58737.1
1782901440000,58737.1,58753.3,58634.0,58674.8
1782901620000,58674.8,58724.9,58664.4,58715.4
1782901800000,58715.5,58723.2,58693.2,58710.0
1782901980000,58710.1,58730.6,58677.6,58684.3
1782902160000,58684.3,58709.6,58659.9,58697.0
1782902340000,58692.7,58700.0,58666.0,58682.3
1782902520000,58682.3,58682.4,58590.9,58593.7
1782902700000,58593.6,58647.9,58591.5,58647.2
1782902880000,58647.2,58666.9,58632.6,58662.3
1782903060000,58662.3,58680.1,58624.7,58644.5
1782903240000,58644.5,58650.6,58605.0,58650.6
1782903420000,58650.6,58662.0,58630.4,58631.6
1782903600000,58631.6,58634.7,58560.0,58603.4
1782903780000,58603.4,58660.4,58603.4,58620.9
1782903960000,58621.0,58683.3,58608.8,58639.4
1782904140000,58639.3,58719.7,58627.0,58680.6
1782904320000,58682.4,58717.4,58665.7,58678.1
1782904500000,58679.9,58698.6,58650.0,58675.4
1782904680000,58675.4,58733.5,58663.5,58673.3
1782904860000,58673.3,58690.0,58653.3,58655.0
1782905040000,58655.0,58723.7,58658.0,58696.6
1782905220000,58655.0,58723.7,58658.0,58673.6
1782905400000,58673.6,58717.2,58656.3,58673.2
1782905580000,58673.3,58692.8,58604.1,58692.8
1782905760000,58693.1,58712.3,58664.4,58683.1
1782905940000,58683.0,58683.0,58609.8,58609.8
1782906120000,58609.2,58656.9,58603.7,58656.9
1782906300000,58656.9,58678.1,58650.8,58651.0
1782906480000,58651.0,58662.7,58614.1,58633.7
1782906660000,58633.7,58633.8,58560.1,58566.0
1782906840000,58566.0,58579.3,58525.5,58552.5
1782907020000,58552.5,58604.9,58542.6,58592.9
1782907200000,58592.9,58655.6,58525.0,58525.1
1782907380000,58525.1,58531.1,58505.9,58512.7
1782907560000,58515.0,58515.1,58425.0,58461.8
1782907740000,58461.8,58586.5,58428.2,58428.2
1782907920000,58414.3,58447.1,58355.8,58415.0
1782908100000,58422.9,58535.9,58422.8,58481.5
1782908280000,58481.5,58518.8,58451.8,58487.3
1782908460000,58487.2,58500.1,58437.7,58485.0
1782908640000,58481.7,58522.5,58451.6,58519.6
1782908820000,58519.6,58569.3,58515.2,58530.0
1782909000000,58530.0,58526.1,58454.3,58493.9
1782909180000,58494.0,58567.7,58391.3,58422.1
1782909360000,58422.1,58438.4,58380.0,58391.6
1782909540000,58422.1,58438.4,58351.2,58422.8
1782909720000,58422.8,58424.6,58344.2,58373.0
1782909900000,58373.0,58388.0,58333.5,58333.8
1782910080000,58330.1,58395.0,58294.1,58394.5
1782910260000,58382.6,58393.3,58314.8,58338.2
1782910440000,58334.4,58482.3,58334.3,58468.9
1782910620000,58468.9,58504.9,58441.1,58495.6
1782910800000,58495.6,58737.1,58495.5,58702.9
1782910980000,58699.3,58727.3,58583.8,58630.7
1782911160000,58630.7,58664.5,58580.2,58596.1
1782911340000,58596.1,58680.0,58589.6,58677.0
1782911520000,58677.0,58680.0,58637.1,58642.0
1782911700000,58639.2,58729.0,58634.0,58696.8
1782911880000,58707.9,58717.1,58623.8,58676.8
1782912060000,58676.8,58878.8,58676.7,58817.2
1782912240000,58817.3,58822.0,58721.7,58757.9
1782912420000,58757.9,58823.8,58732.5,58790.5
1782912600000,58790.6,58857.0,58571.0,58784.9
1782912780000,58781.1,58827.3,58686.2,58734.5
1782912960000,58728.4,58939.8,58685.5,58881.4
1782913140000,58888.0,59045.4,58798.1,58970.3
1782913320000,58970.3,59004.4,58900.0,58993.7
1782913500000,58993.7,59237.3,58916.2,59205.2
1782913680000,59203.8,59385.9,59180.8,59317.4
1782913860000,59317.6,59453.1,59300.1,59339.8
1782914040000,59339.8,59421.4,59277.3,59298.9
1782914220000,59302.9,59486.7,59272.5,59473.3
1782914400000,59470.1,59470.1,59239.9,59270.4
1782914580000,59283.6,59409.9,59250.2,59336.3
1782914760000,59336.4,59432.3,59297.1,59421.3
1782914940000,59421.3,59769.2,59392.5,59747.8
1782915120000,59747.8,59965.9,59700.1,59948.7
1782915300000,59946.7,60045.4,59851.3,60045.2
1782915480000,60045.4,60067.9,59955.1,60005.2
1782915660000,60005.2,60044.9,59930.0,59930.1
1782915840000,59934.9,59944.9,59856.2,59887.6
1782916020000,59887.6,59895.0,59755.6,59760.0
1782916200000,59756.4,59794.2,59661.4,59704.9
1782916380000,59695.7,59715.6,59510.2,59549.7
1782916560000,59548.1,59679.0,59526.0,59636.4
1782916740000,59636.6,59740.7,59601.6,59610.5
1782916920000,59610.5,59679.7,59571.7,59582.9
1782917100000,59582.9,59582.9,59393.5,59505.0
1782917280000,59505.0,59674.8,59500.8,59604.2
1782917460000,59505.0,59746.1,59500.8,59710.5
1782917640000,59710.6,59737.6,59488.2,59595.8
1782917820000,59590.3,59590.3,59494.8,59523.7
1782918000000,59523.7,59681.3,59496.9,59677.2
1782918180000,59675.6,59854.0,59655.8,59805.6
1782918360000,59799.2,59966.1,59766.0,59785.6
1782918540000,59786.5,59870.8,59732.8,59852.0
1782918720000,59852.1,59950.2,59791.3,59890.2
1782918900000,59895.0,59921.7,59843.6,59855.1
1782919080000,59860.4,59947.4,59822.2,59917.8
1782919260000,59917.9,60491.4,59917.8,60478.9
1782919440000,60478.9,60519.9,60313.2,60367.3
1782919620000,60353.3,60420.0,60249.9,60293.0
1782919800000,60288.4,60355.9,60234.3,60234.3
1782919980000,60234.3,60258.1,60193.1,60219.5
1782920160000,60219.2,60250.0,60099.9,60143.8
1782920340000,60129.5,60190.0,60129.4,60181.2
1782920520000,60185.9,60231.5,60185.9,60193.0
1782920700000,60193.0,60218.5,60143.0,60208.1
1782920880000,60208.1,60223.8,60057.8,60057.8
1782921060000,60057.9,60136.2,60050.9,60115.9
1782921240000,60115.9,60115.9,60059.3,60100.0
1782921420000,60100.0,60160.1,60096.1,60121.7
1782921600000,60118.6,60141.2,60041.1,60131.3
1782921780000,60131.3,60156.2,60081.6,60104.8
1782921960000,60098.7,60200.6,60098.7,60186.9
1782922140000,60182.4,60189.7,60095.1,60103.9
1782922320000,60108.1,60135.0,60103.8,60111.3
1782922500000,60111.4,60143.1,60058.3,60115.8
1782922680000,60115.7,60115.8,60050.0,60062.6
1782922860000,60062.6,60062.7,59925.0,59983.3
1782923040000,59983.3,60090.5,59966.0,60072.8
1782923220000,60072.8,60244.9,60050.0,60114.7
1782923400000,60114.7,60152.9,60094.3,60105.0
1782923580000,60104.9,60105.0,60054.7,60055.3
1782923760000,60056.9,60057.0,60001.0,60024.9
1782923940000,60025.0,60030.4,60000.0,60000.0
1782924120000,60000.1,60058.7,60000.0,60058.7
1782924300000,60060.1,60070.0,60014.6,60047.4
1782924480000,60047.4,60047.5,59951.1,59987.3
1782924660000,59987.4,59987.4,59894.6,59902.5
1782924840000,59902.5,59912.1,59836.4,59863.1
1782925020000,59863.1,59906.1,59848.8,59902.8
1782925200000,59902.9,59916.9,59841.1,59850.2
1782925380000,59850.2,59858.0,59766.9,59796.3
1782925560000,59793.2,59841.1,59762.6,59839.9
1782925740000,59834.6,59890.0,59796.4,59830.0
1782925920000,59829.5,59887.3,59829.6,59876.2
1782926100000,59876.1,59937.9,59876.1,59884.5
1782926280000,59884.5,60117.9,59884.4,60082.4
1782926460000,60079.5,60141.4,60044.9,60117.3
1782926640000,60117.3,60186.1,60105.3,60154.9
1782926820000,60154.9,60154.9,60109.7,60126.0
1782927000000,60126.1,60162.4,60060.7,60094.3
1782927180000,60094.3,60136.5,60073.3,60133.9
1782927360000,60134.0,60218.2,60133.9,60179.1
1782927540000,60134.0,60218.2,60130.6,60150.0
1782927720000,60145.7,60182.5,60123.0,60128.3
1782927900000,60128.3,60169.0,60126.1,60161.6
1782928080000,60161.5,60184.3,60119.6,60137.6
1782928260000,60137.6,60207.2,60137.5,60207.2
1782928440000,60207.2,60213.1,60160.0,60187.1
1782928620000,60192.6,60200.0,60143.4,60166.6
1782928800000,60166.6,60180.1,60126.1,60126.1
1782928980000,60126.0,60195.3,60120.8,60150.6
1782929160000,60150.6,60165.2,60050.1,60069.9
1782929340000,60070.0,60098.6,59992.7,59999.1
1782929520000,59999.1,60060.4,59995.7,60054.1
1782929700000,59999.1,60127.8,59995.7,60089.2
1782929880000,60092.4,60169.2,60082.9,60108.0
1782930060000,60107.9,60133.1,60082.0,60094.0
1782930240000,60094.0,60119.3,60093.9,60109.3
1782930420000,60109.2,60130.0,60103.4,60120.1
1782930600000,60120.0,60164.5,60055.1,60125.6
1782930780000,60125.5,60209.3,60120.0,60199.0
1782930960000,60199.0,60219.1,60176.9,60199.9
1782931140000,60199.9,60214.7,60192.3,60205.8
1782931320000,60205.7,60209.8,60160.0,60195.6
1782931500000,60205.7,60209.8,60120.0,60151.2
1782931680000,60157.7,60278.8,60130.1,60260.9
1782931860000,60261.0,60265.9,60123.0,60133.6
1782932040000,60127.2,60145.2,60050.0,60138.9
1782932220000,60136.5,60155.8,60098.1,60141.5
1782932400000,60141.6,60274.7,60136.7,60258.8
1782932580000,60259.7,60262.9,60218.5,60248.4
1782932760000,60248.5,60248.5,60192.8,60227.2
1782932940000,60227.3,60263.9,60216.2,60216.2
1782933120000,60216.2,60264.3,60216.2,60256.8
1782933300000,60256.8,60332.9,60244.1,60287.7
1782933480000,60285.7,60291.9,60196.4,60205.8
1782933660000,60205.8,60246.5,60200.0,60238.1
1782933840000,60238.2,60243.5,60075.1,60118.8
1782934020000,60118.9,60153.6,60118.8,60134.3
1782934200000,60134.2,60215.0,60130.3,60215.0
1782934380000,60214.9,60255.3,60187.8,60193.8
1782934560000,60193.8,60219.0,60164.3,60205.9
1782934740000,60205.9,60205.8,60145.1,60145.1
1782934920000,60145.1,60192.9,60120.6,60185.9
1782935100000,60185.9,60185.9,60110.5,60137.1
1782935280000,60137.1,60163.9,60089.0,60142.5
1782935460000,60151.4,60151.4,60073.2,60121.7
1782935640000,60121.6,60134.9,59994.8,60000.0
1782935820000,60000.0,60025.1,59964.1,59991.8
1782936000000,59999.9,60030.1,59901.0,59924.3
1782936180000,59924.2,59957.0,59875.2,59882.2
1782936360000,59882.1,60009.7,59882.1,59944.2
1782936540000,59944.3,59952.9,59895.3,59902.9
1782936720000,59902.9,60000.0,59901.5,59969.3
1782936900000,59969.3,59997.0,59885.8,59885.9
1782937080000,59887.9,59902.9,59844.5,59882.2
1782937260000,59882.2,59949.9,59882.2,59928.2
1782937440000,59882.2,59978.4,59882.2,59956.8
1782937620000,59956.7,59979.5,59934.7,59948.1
1782937800000,59948.1,60039.0,59930.0,60018.8
1782937980000,60024.5,60030.3,59958.4,59963.5
1782938160000,59963.6,59980.5,59931.5,59980.5
1782938340000,59980.5,60044.9,59980.4,59993.9
1782938520000,59993.9,60010.6,59984.3,60010.5
1782938700000,60010.6,60036.1,60003.5,60036.1
1782938880000,60038.4,60171.7,60038.5,60093.6
1782939060000,60093.6,60111.6,60080.0,60084.0
1782939240000,60084.0,60108.4,60083.8,60100.2
1782939420000,60100.3,60100.3,60090.0,60099.9
1782939600000,60099.9,60120.1,60092.7,60116.1
1782939780000,60116.1,60272.2,60113.9,60227.1
1782939960000,60227.1,60245.9,60181.9,60237.8
1782940140000,60237.7,60355.9,60210.4,60355.9
1782940320000,60380.1,60443.4,60338.6,60427.1
1782940500000,60434.8,60474.4,60304.1,60467.9
1782940680000,60467.9,60499.0,60384.2,60430.3
1782940860000,60430.4,60500.0,60408.0,60413.9
1782941040000,60413.9,60573.4,60350.6,60425.6
1782941220000,60425.7,60590.4,60400.3,60504.4
1782941400000,60504.5,60649.9,60504.4,60633.4
1782941580000,60633.4,60699.9,60558.1,60690.1
1782941760000,60690.1,60828.3,60662.2,60736.3
1782941940000,60736.3,60800.0,60626.1,60790.0
1782942120000,60790.1,60800.0,60761.8,60787.7
1782942300000,60788.7,60800.0,60749.6,60799.9
1782942480000,60799.9,60800.0,60781.2,60799.0
1782942660000,60799.0,60800.0,60788.8,60799.9
1782942840000,60799.9,60800.0,60755.3,60799.9
1782943020000,60799.9,60800.0,60779.9,60799.9
1782943200000,60799.9,60800.0,60784.2,60799.9
1782943380000,60799.9,60800.0,60766.6,60783.5
1782943560000,60787.2,60800.0,60787.1,60799.9
1782943740000,60799.9,60800.0,60796.5,60799.9
1782943920000,60799.9,60800.0,60799.9,60799.9
1782944100000,60799.9,60800.0,60785.0,60799.9
1782944280000,60799.9,60800.0,60790.9,60799.9
1782944460000,60799.9,61322.9,60799.9,61022.2
1782944640000,61029.8,61029.8,60800.3,60840.1
1782944820000,60839.1,60839.2,60519.1,60521.6
1782945000000,60521.7,60655.9,60462.2,60533.1
1782945180000,60533.1,60544.6,60438.9,60500.0
1782945360000,60500.0,60520.0,60429.7,60497.9
1782945540000,60497.9,60536.1,60422.8,60521.5
1782945720000,60521.5,60539.0,60450.0,60469.0
1782945900000,60469.0,60469.0,60382.9,60461.3
1782946080000,60461.4,60484.8,60337.4,60365.5
1782946260000,60373.0,60431.3,60319.3,60405.5
1782946440000,60405.5,60436.2,60390.0,60426.7
1782946620000,60423.4,60483.6,60406.0,60446.3
1782946800000,60446.3,60446.3,60269.8,60281.2
1782946980000,60288.4,60358.7,60265.2,60299.2
1782947160000,60299.2,60321.7,60282.5,60299.8
1782947340000,60299.8,60332.6,60261.5,60264.3
1782947520000,60264.3,60265.3,60202.7,60217.2
1782947700000,60217.2,60272.3,60210.1,60266.1
1782947880000,60266.1,60345.2,60241.1,60274.3
1782948060000,60274.3,60278.8,60170.0,60181.7
1782948240000,60181.7,60232.2,60180.0,60207.0
1782948420000,60207.0,60207.1,60168.9,60182.7
1782948600000,60182.8,60237.2,60174.1,60174.1
1782948780000,60174.2,60219.3,60015.9,60055.4
1782948960000,60039.3,60127.1,60016.9,60123.5
1782949140000,60123.5,60172.5,60069.5,60107.5
1782949320000,60107.5,60173.6,60101.5,60120.6
1782949500000,60120.5,60137.6,60017.8,60059.2
1782949680000,60059.2,60079.4,59972.1,59991.4
1782949860000,60059.2,60079.4,59949.2,60045.5
1782950040000,60045.5,60069.2,60021.4,60030.6
1782950220000,60030.6,60048.7,59983.0,59996.9
1782950400000,59999.6,60005.7,59867.2,59893.2
1782950580000,59892.5,59958.0,59870.0,59957.9
1782950760000,59960.0,59968.1,59872.5,59938.9
1782950940000,59938.9,59949.9,59908.1,59910.2
1782951120000,59910.3,59966.7,59902.2,59914.5
1782951300000,59914.5,59943.0,59791.3,59804.3
1782951480000,59804.4,59815.8,59708.3,59749.0
1782951660000,59804.4,59838.9,59708.3,59790.4
1782951840000,59790.4,59849.9,59784.6,59789.3
1782952020000,59789.4,59789.4,59739.9,59752.6
1782952200000,59752.5,59763.6,59673.7,59686.5
1782952380000,59686.6,59697.2,59642.8,59696.5
1782952560000,59696.7,59707.2,59614.3,59614.4
1782952740000,59614.4,59634.7,59589.8,59603.3
1782952920000,59603.4,59614.5,59554.7,59593.8
1782953100000,59593.8,59668.9,59593.8,59661.1
1782953280000,59660.8,59817.1,59650.1,59785.0
1782953460000,59660.8,59817.1,59650.1,59750.0
1782953640000,59745.0,59745.0,59659.3,59661.2
1782953820000,59665.7,59720.3,59656.6,59719.7
1782954000000,59719.7,59754.6,59688.3,59746.8
1782954180000,59740.7,59779.6,59697.0,59720.6
1782954360000,59715.0,59738.3,59687.7,59737.6
1782954540000,59737.6,59811.3,59737.1,59744.3
1782954720000,59744.3,59914.3,59739.6,59895.2
1782954900000,59895.2,59921.4,59812.7,59812.7
1782955080000,59812.8,59979.0,59807.7,59940.8
1782955260000,59940.8,59940.9,59845.7,59905.7
1782955440000,59905.8,59992.7,59901.9,59975.2
1782955620000,59977.7,59992.9,59927.9,59992.9
1782955800000,59993.0,60160.2,59993.0,60158.9
1782955980000,60165.6,60170.8,60079.9,60124.8
1782956160000,60127.6,60159.5,60100.0,60132.0
1782956340000,60123.7,60298.0,60114.2,60168.2
1782956520000,60168.1,60183.2,60140.3,60167.3
1782956700000,60167.2,60290.6,60146.0,60269.4
1782956880000,60269.4,60272.4,60058.1,60060.9
1782957060000,60269.4,60272.4,60056.9,60075.9
1782957240000,60080.4,60144.5,60071.8,60090.6
1782957420000,60090.7,60150.0,60086.0,60149.9
1782957600000,60149.9,60150.0,60092.9,60100.9
1782957780000,60104.3,60172.0,60100.0,60132.2
1782957960000,60136.4,60149.9,60051.4,60084.6
1782958140000,60075.1,60089.7,59988.7,60029.8
1782958320000,60028.1,60124.9,60025.2,60115.7
1782958500000,60115.7,60240.1,60115.7,60174.8
1782958680000,60174.8,60210.0,60140.3,60178.6
1782958860000,60172.1,60185.0,60106.9,60149.5
1782959040000,60172.1,60185.0,60106.9,60178.9
1782959220000,60179.6,60195.4,60140.6,60180.1
1782959400000,60180.1,60258.0,60149.9,60254.8
1782959580000,60257.9,60289.9,60202.7,60289.9
1782959760000,60289.9,60387.9,60251.4,60352.9
1782959940000,60352.2,60370.2,60330.0,60368.9
1782960120000,60369.0,60381.6,60351.3,60379.4
1782960300000,60379.4,60461.4,60375.0,60459.4
1782960480000,60459.3,60467.2,60343.8,60352.9
1782960660000,60352.9,60354.6,60302.5,60326.8
1782960840000,60326.8,60410.0,60326.7,60399.1
1782961020000,60399.1,60438.4,60392.4,60392.5
1782961200000,60392.4,60420.8,60375.9,60401.5
1782961380000,60401.6,60438.0,60358.4,60438.0
1782961560000,60438.0,60448.0,60409.2,60429.6
1782961740000,60425.2,60430.0,60375.7,60407.2
1782961920000,60407.2,60450.0,60402.4,60449.9
1782962100000,60449.9,60479.6,60385.0,60385.8
1782962280000,60385.8,60385.9,60319.1,60332.9
1782962460000,60332.9,60342.4,60265.6,60308.9
1782962640000,60308.9,60367.0,60296.8,60351.9
1782962820000,60351.8,60690.9,60351.8,60522.8
1782963000000,60351.8,60690.9,60351.8,60505.8
1782963180000,60512.9,60611.4,60512.9,60576.5
1782963360000,60579.9,60743.9,60557.0,60725.4
1782963540000,60729.9,60776.9,60700.4,60727.3
1782963720000,60727.3,60785.2,60725.2,60781.3
1782963900000,60781.4,60781.4,60715.3,60749.9
1782964080000,60750.0,60935.8,60702.9,60859.9
1782964260000,60864.6,61053.0,60824.1,60942.3
1782964440000,60942.4,61033.2,60922.6,61006.9
1782964620000,60942.4,61100.9,60922.6,61033.0
1782964800000,61032.9,61033.0,60894.2,61002.5
1782964980000,60986.0,60997.8,60934.0,60941.6
1782965160000,60940.2,60940.2,60839.3,60843.8
1782965340000,60843.2,60931.0,60843.2,60900.6
1782965520000,60900.6,60950.0,60894.3,60916.1
1782965700000,60916.1,60955.7,60865.2,60923.7
1782965880000,60923.8,60926.4,60862.7,60899.9
1782966060000,60899.9,60913.1,60820.4,60840.9
1782966240000,60840.8,60849.9,60812.9,60825.0
1782966420000,60825.0,60835.9,60780.6,60830.5
1782966600000,60830.5,60830.5,60729.4,60755.5
1782966780000,60755.5,60755.5,60726.7,60739.8
1782966960000,60739.7,60783.2,60716.2,60773.2
1782967140000,60780.0,60800.0,60750.0,60750.0
1782967320000,60750.1,60757.3,60703.1,60749.9
1782967500000,60749.8,60767.8,60716.5,60733.0
1782967680000,60730.0,60766.8,60729.5,60766.7
1782967860000,60766.7,60860.2,60760.8,60851.8
1782968040000,60851.8,60861.9,60787.3,60808.0
1782968220000,60808.1,60808.1,60753.6,60757.7
1782968400000,60757.7,60757.7,60640.0,60653.6
1782968580000,60650.1,60700.0,60630.2,60699.9
1782968760000,60700.0,60737.6,60687.1,60704.1
1782968940000,60704.8,60843.1,60704.9,60800.2
1782969120000,60792.0,60837.9,60782.0,60837.9
1782969300000,60837.9,60837.9,60770.0,60819.3
1782969480000,60819.3,60834.9,60806.8,60816.9
1782969660000,60816.9,60852.9,60780.4,60785.2
1782969840000,60816.9,60852.9,60730.2,60736.9
1782970020000,60737.0,60737.0,60706.1,60723.5
1782970200000,60720.7,60749.9,60713.9,60741.1
1782970380000,60743.6,60832.9,60709.2,60825.2
1782970560000,60824.9,60849.9,60659.9,60665.8
1782970740000,60653.1,60661.6,60579.5,60608.7
1782970920000,60608.7,60649.1,60564.5,60583.4
1782971100000,60583.4,60633.4,60524.5,60539.4
1782971280000,60539.4,60551.4,60458.8,60458.9
1782971460000,60458.9,60552.3,60455.2,60545.8
1782971640000,60541.8,60550.0,60502.5,60515.6
1782971820000,60512.2,60513.4,60475.0,60480.0
1782972000000,60479.9,60498.8,60455.3,60466.7
1782972180000,60466.6,60477.7,60414.9,60470.5
1782972360000,60470.5,60470.5,60401.8,60422.1
1782972540000,60422.1,60424.0,60400.0,60414.6
1782972720000,60414.5,60414.6,60380.0,60380.1
1782972900000,60380.1,60443.4,60370.0,60426.7
1782973080000,60423.6,60467.3,60386.6,60466.3
1782973260000,60466.3,60533.0,60465.1,60479.6
1782973440000,60466.3,60533.0,60413.1,60475.7
1782973620000,60475.7,60478.4,60440.0,60448.2
1782973800000,60448.2,60559.6,60445.3,60555.5
1782973980000,60555.8,60623.5,60555.9,60589.2
1782974160000,60589.2,60589.2,60510.5,60562.3
1782974340000,60562.3,60562.3,60534.0,60536.1
1782974520000,60536.1,60536.1,60505.4,60509.6
1782974700000,60509.7,60514.5,60340.0,60352.4
1782974880000,60355.1,60368.7,60260.0,60268.4
1782975060000,60268.4,60294.3,60234.9,60283.2
1782975240000,60283.2,60299.0,60238.3,60247.2
1782975420000,60247.3,60298.2,60238.0,60248.5
1782975600000,60248.4,60267.8,60232.0,60240.5
1782975780000,60240.6,60240.6,60190.0,60204.5
1782975960000,60209.7,60258.7,60180.0,60236.3
1782976140000,60240.0,60281.6,60231.4,60250.5
1782976320000,60250.5,60250.5,60188.2,60211.5
1782976500000,60211.5,60243.9,60166.0,60175.9
1782976680000,60175.8,60196.3,60167.1,60168.1
1782976860000,60168.1,60194.5,60140.4,60167.1
1782977040000,60167.1,60214.2,60156.3,60156.4
1782977220000,60156.3,60185.2,60140.0,60140.0
1782977400000,60156.3,60185.2,60091.3,60150.1
1782977580000,60157.7,60197.8,60139.7,60139.8
1782977760000,60139.8,60149.8,60094.4,60120.6
1782977940000,60121.2,60162.3,60089.9,60152.8
1782978120000,60152.8,60157.2,60095.1,60111.1
1782978300000,60111.1,60132.1,60080.9,60107.2
1782978480000,60107.2,60202.7,60092.8,60165.8
1782978660000,60163.5,60170.6,60130.8,60135.9
1782978840000,60135.8,60135.9,60094.7,60133.7
1782979020000,60133.7,60147.2,60082.5,60126.1
1782979200000,60125.8,60175.0,60113.5,60175.0
1782979380000,60125.8,60228.9,60113.5,60228.9
1782979560000,60233.7,60325.0,60204.9,60315.9
1782979740000,60315.8,60335.6,60234.1,60234.1
1782979920000,60234.1,60286.1,60228.8,60285.5
1782980100000,60285.5,60361.0,60285.5,60323.5
1782980280000,60323.5,60355.8,60312.5,60322.1
1782980460000,60322.0,60344.9,60312.2,60328.1
1782980640000,60328.1,60353.5,60309.3,60353.5
1782980820000,60353.5,60380.0,60330.0,60330.0
1782981000000,60330.0,60366.0,60306.0,60366.0
1782981180000,60366.0,60478.6,60342.4,60467.4
1782981360000,60366.0,60479.1,60342.4,60424.9
1782981540000,60425.0,60448.9,60406.7,60406.8
1782981720000,60406.9,60422.6,60381.0,60422.6
1782981900000,60422.5,60539.1,60381.6,60519.9
1782982080000,60525.2,60525.3,60471.8,60498.8
1782982260000,60498.7,60509.9,60466.1,60509.0
1782982440000,60509.0,60509.9,60478.3,60478.3
1782982620000,60478.4,60491.7,60468.8,60486.7
1782982800000,60486.7,60498.0,60415.8,60477.0
1782982980000,60477.0,60478.8,60426.0,60426.1
1782983160000,60477.0,60478.8,60342.5,60398.6
1782983340000,60402.6,60410.0,60357.0,60403.3
1782983520000,60399.1,60489.9,60399.1,60439.7
1782983700000,60446.0,60462.4,60402.0,60433.4
1782983880000,60433.4,60455.2,60421.9,60445.5
1782984060000,60445.5,60573.5,60445.5,60527.8
1782984240000,60522.6,60566.2,60503.7,60520.0
1782984420000,60520.1,60611.8,60520.0,60585.7
1782984600000,60585.6,60795.3,60585.6,60673.8
1782984780000,60666.5,60744.2,60650.0,60723.6
1782984960000,60666.5,60846.8,60650.0,60802.2
1782985140000,60805.5,61065.0,60746.5,61042.7
1782985320000,61009.5,61199.6,60913.2,61075.0
1782985500000,61071.9,61069.2,60842.2,60958.8
1782985680000,60958.8,61081.4,60934.5,61014.4
1782985860000,61012.9,61377.7,61012.9,61341.5
1782986040000,61334.1,61430.1,61186.4,61257.4
1782986220000,61248.0,61278.0,61155.9,61159.7
1782986400000,61159.6,61164.5,61086.9,61098.6
1782986580000,61108.4,61143.0,61053.1,61054.3
1782986760000,61054.3,61143.3,61054.3,61097.3
1782986940000,61097.3,61150.0,61022.5,61107.2
1782987120000,61107.3,61223.4,61093.3,61214.5
1782987300000,61207.4,61279.8,61075.1,61147.4
1782987480000,61147.4,61162.8,61089.2,61108.4
1782987660000,61108.4,61143.7,61080.1,61116.4
1782987840000,61119.9,61234.2,61120.0,61176.1
1782988020000,61176.1,61213.1,61135.8,61200.0
1782988200000,61199.9,61260.0,61199.9,61231.1
1782988380000,61231.2,61275.0,61222.1,61244.2
1782988560000,61231.2,61275.0,61209.6,61219.4
1782988740000,61219.3,61296.3,61219.3,61289.3
1782988920000,61293.6,61330.0,61171.9,61181.9
1782989100000,61181.9,61248.8,61118.9,61232.4
1782989280000,61232.5,61266.8,61220.0,61246.7
1782989460000,61246.6,61278.5,61231.7,61267.4
1782989640000,61266.3,61311.7,61218.4,61242.1
1782989820000,61242.1,61250.5,61230.1,61238.0
1782990000000,61238.4,61254.9,61184.5,61238.2
1782990180000,61238.3,61250.0,61200.8,61246.6
1782990360000,61246.5,61308.3,61240.0,61286.8
1782990540000,61286.8,61343.3,61263.8,61301.5
1782990720000,61286.8,61343.3,61247.0,61253.1
1782990900000,61250.1,61259.9,61227.3,61236.0
1782991080000,61242.0,61272.5,61238.1,61250.5
1782991260000,61247.5,61330.0,61225.1,61301.6
1782991440000,61299.0,61313.2,61247.8,61263.4
1782991620000,61263.4,61313.4,61245.3,61266.5
1782991800000,61265.6,61331.6,61245.1,61284.9
1782991980000,61293.2,61298.2,61228.0,61252.7
1782992160000,61252.6,61320.9,61234.7,61272.2
1782992340000,61272.2,61271.1,61243.6,61267.3
1782992520000,61272.2,61304.2,61243.6,61267.8
1782992700000,61267.1,61289.9,61240.8,61258.8
1782992880000,61254.4,61277.0,61247.0,61248.9
1782993060000,61248.9,61263.0,61242.0,61250.8
1782993240000,61249.5,61263.0,61100.0,61253.8
1782993420000,61253.9,61367.3,61202.7,61343.3
1782993600000,61335.6,61335.6,61265.2,61287.7
1782993780000,61293.7,61314.1,61265.2,61299.8
1782993960000,61299.7,61343.0,61282.0,61289.4
1782994140000,61289.4,61323.6,61272.0,61282.8
1782994320000,61289.4,61338.9,61272.0,61324.5
1782994500000,61328.9,61391.7,61275.3,61283.6
1782994680000,61278.0,61336.6,61109.9,61196.4
1782994860000,61196.4,61257.4,61158.4,61180.4
1782995040000,61180.4,61217.1,61165.7,61214.6
1782995220000,61214.5,61339.4,61179.4,61313.6
1782995400000,61313.5,61555.0,61274.5,61377.9
1782995580000,61378.2,61396.9,61164.3,61329.4
1782995760000,61329.5,61463.1,61329.4,61371.5
1782995940000,61371.6,61413.4,61281.0,61282.4
1782996120000,61282.3,61382.3,61269.3,61349.3
1782996300000,61282.3,61425.3,61269.3,61383.0
1782996480000,61382.8,61524.5,61369.0,61520.2
1782996660000,61523.4,61523.4,61435.4,61514.6
1782996840000,61519.9,61583.2,61465.1,61529.7
1782997020000,61529.7,61560.3,61494.0,61507.3
1782997200000,61507.3,61557.5,61472.0,61554.3
1782997380000,61554.2,61597.6,61544.1,61590.8
1782997560000,61590.9,61635.6,61534.4,61550.5
1782997740000,61550.5,61632.3,61550.5,61628.0
1782997920000,61628.1,61700.0,61623.8,61653.6
1782998100000,61653.7,61737.6,61638.9,61698.5
1782998280000,61653.7,61789.0,61638.9,61743.9
1782998460000,61749.9,61855.7,61722.6,61851.7
1782998640000,61852.0,61954.7,61756.9,61908.0
1782998820000,61900.6,61911.4,61631.2,61668.2
1782999000000,61668.2,61879.4,61499.9,61707.9
1782999180000,61702.0,61986.2,61704.2,61860.9
1782999360000,61867.6,62035.9,61845.5,61898.8
1782999540000,61898.8,61960.0,61833.0,61843.3
1782999720000,61843.2,62024.1,61834.3,61949.3
1782999900000,61949.3,62014.4,61829.6,61996.5
1783000080000,61996.5,61996.4,61858.6,61868.4
1783000260000,61996.5,61996.4,61780.6,61783.5
1783000440000,61786.8,61890.9,61785.5,61786.9
1783000620000,61799.9,61933.5,61793.0,61902.5
1783000800000,61913.6,62077.3,61863.6,62056.7
1783000980000,62051.1,62049.1,61822.2,61895.5
1783001160000,61895.4,61976.3,61860.4,61919.8
1783001340000,61919.7,61947.7,61830.4,61918.4
1783001520000,61921.2,62172.5,61894.5,62059.3
1783001700000,62059.3,62180.0,61944.6,61951.6
1783001880000,61951.6,61958.6,61657.2,61697.9
1783002060000,61702.2,61825.4,61660.7,61704.6
1783002240000,61707.9,61758.5,61625.0,61721.1
1783002420000,61729.7,61729.8,61555.5,61658.8
1783002600000,61650.4,61787.6,61602.3,61654.9
1783002780000,61656.4,61693.2,61481.7,61507.3
1783002960000,61501.1,61708.8,61493.2,61599.1
1783003140000,61592.1,61613.7,61394.8,61436.7
1783003320000,61427.6,61464.2,61368.8,61404.3
1783003500000,61404.3,61539.5,61400.1,61491.3
1783003680000,61495.1,61676.5,61470.1,61627.2
1783003860000,61628.8,61730.0,61538.1,61573.7
1783004040000,61573.7,61596.9,61507.6,61592.7
1783004220000,61592.7,61674.2,61540.2,61672.1
1783004400000,61669.8,61710.9,61635.0,61681.4
1783004580000,61674.3,61707.0,61513.1,61534.8
1783004760000,61537.6,61544.8,61400.1,61500.3
1783004940000,61500.4,61605.7,61468.3,61591.5
1783005120000,61584.8,61604.1,61540.1,61558.6
1783005300000,61558.7,61629.2,61469.5,61470.1
1783005480000,61476.6,61599.9,61462.2,61578.8
1783005660000,61575.9,61642.2,61569.0,61626.4
1783005840000,61626.5,61767.7,61621.3,61746.1
1783006020000,61741.3,61818.6,61675.9,61684.9
1783006200000,61684.9,61751.7,61663.2,61743.5
1783006380000,61684.9,61798.9,61663.2,61787.9
1783006560000,61797.7,61797.7,61525.0,61618.7
1783006740000,61618.6,61724.9,61611.8,61677.7
1783006920000,61677.7,61718.0,61640.4,61679.3
1783007100000,61679.2,61719.9,61633.0,61633.9
1783007280000,61633.9,61655.2,61535.1,61539.6
1783007460000,61540.2,61592.7,61500.1,61516.5
1783007640000,61527.0,61583.5,61513.9,61550.1
1783007820000,61550.1,61608.5,61550.1,61577.5
1783008000000,61583.9,61640.1,61480.0,61489.1
1783008180000,61494.4,61636.0,61474.5,61620.2
1783008360000,61620.2,61621.2,61567.3,61591.2
1783008540000,61620.2,61684.6,61567.3,61670.0
1783008720000,61670.0,61722.4,61624.7,61669.1
1783008900000,61669.1,61669.1,61470.0,61470.0
1783009080000,61477.2,61506.4,61417.0,61427.1
1783009260000,61432.2,61460.6,61410.0,61443.9
1783009440000,61443.9,61496.2,61413.6,61432.7
1783009620000,61434.8,61440.6,61114.0,61164.8
1783009800000,61164.8,61304.7,61164.8,61266.4
1783009980000,61268.9,61275.4,61214.7,61262.1
1783010160000,61262.1,61289.6,61245.4,61279.9
1783010340000,61262.1,61417.0,61245.4,61373.4
1783010520000,61373.4,61420.9,61357.2,61413.0
1783010700000,61404.5,61547.7,61400.0,61543.6
1783010880000,61543.7,61754.0,61529.8,61621.0
1783011060000,61621.1,61698.9,61611.4,61639.1
1783011240000,61639.1,61663.4,61602.5,61602.6
1783011420000,61602.6,61652.8,61572.1,61646.8
1783011600000,61646.8,61669.7,61612.5,61622.5
1783011780000,61622.4,61754.6,61592.8,61754.5
1783011960000,61747.1,61788.0,61680.6,61720.0
1783012140000,61724.3,61732.8,61664.8,61683.2
1783012320000,61724.3,61768.7,61660.2,61756.2
1783012500000,61756.2,61788.0,61717.9,61775.1
1783012680000,61775.3,61864.2,61766.7,61838.0
1783012860000,61845.0,61900.0,61784.1,61875.8
1783013040000,61875.7,61874.1,61800.0,61800.1
1783013220000,61799.9,61867.2,61799.9,61841.5
1783013400000,61841.6,61841.6,61765.3,61800.8
1783013580000,61799.1,61799.0,61642.1,61663.1
1783013760000,61657.8,61689.7,61610.1,61679.3
1783013940000,61679.2,61779.3,61665.1,61770.6
1783014120000,61770.6,61802.9,61742.5,61753.7
1783014300000,61753.7,61780.0,61649.6,61652.2
1783014480000,61753.7,61780.0,61615.6,61658.5
1783014660000,61658.5,61670.4,61642.6,61660.9
1783014840000,61660.8,61718.0,61650.9,61659.0
1783015020000,61656.6,61663.6,61627.4,61643.0
1783015200000,61643.0,61699.7,61633.7,61677.9
1783015380000,61674.5,61738.8,61680.9,61713.9
1783015560000,61713.9,61798.0,61704.1,61785.5
1783015740000,61785.6,61808.6,61751.0,61773.5
1783015920000,61773.5,61830.3,61765.4,61801.1
1783016100000,61801.1,61801.1,61722.0,61733.0
1783016280000,61801.1,61801.1,61702.9,61778.0
1783016460000,61774.9,61796.7,61758.7,61773.1
1783016640000,61773.2,61794.6,61746.9,61756.7
1783016820000,61760.5,61838.9,61759.5,61834.6
1783017000000,61834.5,61835.2,61800.1,61810.4
1783017180000,61810.5,61831.5,61752.2,61753.5
1783017360000,61753.5,61781.8,61743.3,61769.7
1783017540000,61769.7,61778.5,61742.1,61745.3
1783017720000,61745.3,61770.0,61740.9,61740.9
1783017900000,61740.9,61765.7,61721.2,61763.2
1783018080000,61763.2,61847.2,61756.0,61777.7
1783018260000,61777.6,61789.2,61750.7,61781.6
1783018440000,61777.6,61789.2,61665.6,61684.4
1783018620000,61684.4,61736.6,61680.3,61733.5
1783018800000,61733.5,61739.7,61675.0,61699.0
1783018980000,61698.9,61711.0,61638.3,61645.1
1783019160000,61645.2,61672.8,61630.0,61639.4
1783019340000,61639.3,61639.4,61582.2,61602.1
1783019520000,61602.1,61647.4,61574.6,61641.0
1783019700000,61641.0,61640.9,61520.5,61532.8
1783019880000,61532.8,61543.9,61507.5,61517.9
1783020060000,61517.9,61525.8,61487.4,61519.8
1783020240000,61517.9,61559.9,61487.4,61559.8
1783020420000,61559.9,61605.8,61537.9,61587.5
1783020600000,61593.5,61625.4,61560.0,61582.4
1783020780000,61582.4,61615.4,61574.9,61609.2
1783020960000,61609.2,61609.2,61496.4,61509.6
1783021140000,61509.5,61574.8,61509.5,61560.0
1783021320000,61559.9,61570.0,61543.0,61553.8
1783021500000,61553.8,61584.4,61522.5,61522.5
1783021680000,61522.5,61630.8,61509.8,61630.8
1783021860000,61630.9,61669.3,61597.8,61613.9
1783022040000,61613.9,61654.7,61442.0,61540.6
1783022220000,61540.6,61558.3,61388.4,61454.8
1783022400000,61452.5,61484.9,61373.8,61381.5
1783022580000,61380.2,61448.3,61380.2,61425.0
1783022760000,61424.9,61518.9,61409.8,61502.5
1783022940000,61502.5,61510.4,61428.3,61428.3
1783023120000,61428.3,61432.4,61408.7,61413.3
1783023300000,61413.3,61491.7,61413.3,61425.9
1783023480000,61425.8,61446.7,61396.8,61396.9
1783023660000,61396.8,61421.7,61378.9,61406.1
1783023840000,61406.1,61410.2,61380.1,61380.1
1783024020000,61380.1,61382.9,61379.3,61380.8
1783024200000,61380.1,61395.2,61365.9,61395.0
1783024380000,61395.0,61414.8,61362.1,61385.6
1783024560000,61380.0,61391.1,61308.4,61329.8
1783024740000,61324.3,61369.3,61322.4,61369.3
1783024920000,61369.2,61378.1,61336.5,61343.6
1783025100000,61343.6,61379.0,61343.5,61378.9
1783025280000,61378.9,61470.4,61361.0,61449.1
1783025460000,61449.1,61455.9,61390.6,61390.7
1783025640000,61390.7,61417.8,61390.7,61405.5
1783025820000,61405.6,61576.8,61405.5,61555.4
1783026000000,61555.4,61634.2,61532.4,61536.8
1783026180000,61536.8,61536.8,61520.0,61528.7
1783026360000,61536.8,61536.8,61515.0,61519.2
1783026540000,61519.1,61526.9,61515.1,61526.3
1783026720000,61526.3,61526.6,61503.3,61503.4
1783026900000,61503.4,61525.7,61502.7,61519.4
1783027080000,61519.4,61525.6,61517.2,61517.4
1783027260000,61517.4,61520.0,61507.3,61507.4
1783027440000,61512.6,61515.0,61512.5,61514.9
1783027620000,61514.9,61515.0,61514.9,61514.9
1783027800000,61514.9,61515.0,61501.9,61504.6
1783027980000,61504.3,61508.8,61500.0,61504.7
1783028160000,61504.7,61531.3,61504.6,61526.3
1783028340000,61526.3,61526.3,61504.7,61504.8
1783028520000,61504.7,61505.0,61500.0,61500.1
1783028700000,61500.1,61502.5,61500.0,61502.5
1783028880000,61502.5,61502.5,61500.0,61500.1
1783029060000,61500.1,61590.3,61500.0,61549.9
1783029240000,61549.9,61554.7,61519.4,61522.0
1783029420000,61521.9,61570.7,61521.9,61570.5
1783029600000,61570.5,61570.6,61500.0,61543.1
1783029780000,61541.8,61541.7,61500.0,61500.1
1783029960000,61500.1,61519.1,61500.0,61504.6
1783030140000,61500.1,61529.8,61500.0,61510.1
1783030320000,61510.1,61515.9,61500.0,61508.4
1783030500000,61508.5,61521.7,61504.5,61515.6
1783030680000,61515.6,61545.6,61502.5,61502.5
1783030860000,61502.6,61519.4,61502.5,61514.9
1783031040000,61514.9,61526.3,61508.7,61508.8
1783031220000,61508.7,61508.8,61502.3,61502.3
1783031400000,61502.4,61506.5,61499.9,61506.5
1783031580000,61506.4,61521.7,61501.0,61521.6
1783031760000,61521.6,61527.0,61508.1,61516.2
1783031940000,61516.2,61519.2,61500.1,61512.1
1783032120000,61512.1,61512.1,61500.1,61502.9
1783032300000,61502.9,61506.1,61500.0,61500.1
1783032480000,61502.9,61506.1,61500.0,61500.1
1783032660000,61500.1,61518.5,61388.0,61500.7
1783032840000,61500.7,61536.4,61500.7,61522.3
1783033020000,61522.3,61522.3,61445.0,61445.0
1783033200000,61444.9,61444.9,61347.0,61352.7
1783033380000,61352.7,61354.9,61338.0,61338.2
1783033560000,61338.2,61352.0,61333.0,61339.2
1783033740000,61339.2,61387.1,61335.4,61337.2
1783033920000,61337.1,61349.0,61334.4,61334.4
1783034100000,61334.4,61388.0,61333.0,61374.5
1783034280000,61334.4,61425.1,61333.0,61404.7
1783034460000,61404.7,61464.3,61404.7,61418.7
1783034640000,61417.9,61520.0,61417.2,61515.5
1783034820000,61515.6,61515.6,61485.4,61485.4
1783035000000,61485.5,61530.6,61477.5,61524.9
1783035180000,61524.8,61588.3,61524.8,61535.1
1783035360000,61535.1,61535.0,61464.0,61489.1
1783035540000,61489.0,61489.1,61425.9,61425.9
1783035720000,61425.9,61470.6,61420.2,61455.3
1783035900000,61455.3,61513.1,61450.5,61508.9
1783036080000,61508.9,61543.3,61497.5,61541.1
1783036260000,61541.1,61582.7,61525.0,61551.0
1783036440000,61552.5,61567.4,61548.1,61560.0
1783036620000,61560.1,61560.1,61531.5,61540.5
1783036800000,61540.6,61558.8,61414.2,61416.9
1783036980000,61416.8,61491.9,61416.4,61429.7
1783037160000,61429.8,61453.5,61410.8,61432.0
1783037340000,61432.0,61434.5,61367.8,61390.9
1783037520000,61391.0,61443.0,61382.4,61400.3
1783037700000,61400.3,61438.4,61371.0,61378.4
1783037880000,61378.5,61417.6,61360.0,61417.5
1783038060000,61378.5,61440.0,61347.9,61367.0
1783038240000,61367.0,61367.1,61333.0,61343.7
1783038420000,61343.7,61347.0,61287.9,61288.1
1783038600000,61282.1,61325.0,61236.1,61310.0
1783038780000,61310.0,61309.9,61228.9,61262.3
1783038960000,61262.3,61349.4,61250.6,61331.5
1783039140000,61331.4,61348.2,61289.9,61313.5
1783039320000,61313.4,61320.4,61284.4,61319.1
1783039500000,61319.0,61387.0,61291.9,61385.2
1783039680000,61385.2,61394.7,61350.1,61377.5
1783039860000,61377.5,61377.6,61308.0,61314.0
1783040040000,61314.0,61347.2,61302.9,61326.2
1783040220000,61326.1,61326.1,61273.9,61284.0
1783040400000,61283.9,61313.4,61261.0,61308.3
1783040580000,61313.3,61484.1,61313.2,61471.5
1783040760000,61471.6,61511.9,61417.3,61498.2
1783040940000,61498.3,61532.2,61470.0,61493.1
1783041120000,61493.1,61710.1,61484.4,61614.3
1783041300000,61613.6,61636.0,61483.8,61494.4
1783041480000,61494.3,61555.9,61489.4,61551.4
1783041660000,61551.4,61582.5,61517.0,61559.8
1783041840000,61559.8,61618.2,61527.3,61538.2
1783042020000,61559.8,61618.2,61527.3,61542.0
1783042200000,61542.0,61570.3,61500.1,61552.9
1783042380000,61553.0,61652.7,61552.9,61649.8
1783042560000,61652.6,61709.3,61635.6,61660.9
1783042740000,61660.9,61710.2,61654.8,61689.6
1783042920000,61689.5,61710.6,61640.0,61643.5
1783043100000,61643.5,61651.2,61588.8,61595.4
1783043280000,61590.0,61649.5,61590.0,61617.6
1783043460000,61619.8,61630.4,61588.4,61610.0
1783043640000,61610.0,61627.5,61605.2,61614.4
1783043820000,61614.4,61615.2,61560.3,61564.1
1783044000000,61614.4,61615.2,61556.5,61586.5
1783044180000,61588.7,61599.4,61515.7,61581.8
1783044360000,61529.9,61581.6,61514.3,61572.0
1783044540000,61571.9,61647.0,61524.4,61525.7
1783044720000,61525.7,61527.7,61485.4,61501.6
1783044900000,61501.7,61539.5,61489.0,61529.4
1783045080000,61529.5,61533.0,61492.6,61523.5
1783045260000,61523.5,61567.8,61523.5,61557.2
1783045440000,61557.2,61567.1,61450.0,61456.2
1783045620000,61456.3,61459.8,61380.7,61380.7
1783045800000,61380.6,61393.9,61271.0,61335.6
1783045980000,61380.6,61409.4,61271.0,61407.3
1783046160000,61404.7,61442.3,61358.0,61382.8
1783046340000,61382.9,61395.0,61338.2,61357.5
1783046520000,61357.4,61362.0,61293.2,61346.9
1783046700000,61346.9,61347.0,61275.5,61301.4
1783046880000,61303.8,61404.4,61301.4,61355.4
1783047060000,61353.8,61421.1,61353.6,61407.2
1783047240000,61403.1,61412.2,61371.5,61393.2
1783047420000,61393.1,61438.5,61384.5,61411.9
1783047600000,61411.9,61411.9,61345.6,61381.5
1783047780000,61381.5,61433.8,61381.4,61408.4
1783047960000,61408.3,61420.9,61330.0,61330.1
1783048140000,61323.4,61366.7,61314.3,61319.7
1783048320000,61319.9,61334.5,61299.9,61306.4
1783048500000,61306.4,61390.7,61306.3,61387.0
1783048680000,61387.1,61516.7,61365.4,61516.6
1783048860000,61519.6,61556.7,61489.3,61543.8
1783049040000,61543.9,61557.0,61508.1,61512.5
1783049220000,61512.5,61533.0,61512.4,61515.5
1783049400000,61515.5,61520.0,61502.2,61513.8
1783049580000,61513.8,61522.9,61502.0,61508.3
1783049760000,61513.8,61522.9,61481.0,61494.8
1783049940000,61496.2,61496.3,61408.8,61408.8
1783050120000,61398.7,61398.7,61360.9,61370.5
1783050300000,61370.5,61393.1,61360.1,61369.7
1783050480000,61369.7,61382.9,61332.4,61347.4
1783050660000,61344.5,61362.7,61328.8,61328.8
1783050840000,61331.4,61360.3,61331.4,61353.2
1783051020000,61353.2,61430.7,61353.2,61407.6
1783051200000,61407.6,61444.5,61402.1,61422.0
1783051380000,61422.0,61434.2,61403.0,61407.4
1783051560000,61422.0,61434.2,61346.9,61355.6
1783051740000,61355.6,61389.1,61317.7,61389.1
1783051920000,61389.0,61413.6,61389.0,61407.0
1783052100000,61407.1,61407.1,61320.7,61345.6
1783052280000,61345.5,61377.4,61334.0,61364.9
1783052460000,61365.0,61392.5,61360.9,61386.4
1783052640000,61386.4,61407.1,61376.3,61384.2
1783052820000,61384.1,61415.5,61381.9,61415.4
1783053000000,61415.4,61460.0,61396.8,61441.9
1783053180000,61441.9,61441.5,61385.2,61390.8
1783053360000,61441.9,61487.4,61385.2,61473.7
1783053540000,61473.7,61504.6,61471.3,61495.3
1783053720000,61495.3,61495.3,61445.3,61474.8
1783053900000,61477.1,61488.8,61402.4,61408.6
1783054080000,61408.6,61413.7,61350.1,61362.1
1783054260000,61362.1,61413.0,61362.0,61390.2
1783054440000,61390.3,61392.0,61368.6,61386.9
1783054620000,61386.9,61484.7,61386.9,61420.5
1783054800000,61420.5,61504.1,61403.1,61473.2
1783054980000,61473.2,61523.4,61432.6,61513.9
1783055160000,61513.9,61537.3,61497.5,61522.2
1783055340000,61522.2,61540.7,61500.0,61514.3
1783055520000,61514.3,61520.7,61510.0,61514.9
1783055700000,61515.0,61544.3,61487.8,61544.3
1783055880000,61549.6,61624.2,61544.2,61589.1
1783056060000,61589.2,61604.3,61554.3,61580.1
1783056240000,61580.0,61645.9,61573.7,61645.9
1783056420000,61645.9,61660.0,61608.4,61611.2
1783056600000,61611.2,61665.0,61591.7,61660.2
1783056780000,61660.2,61785.7,61653.5,61721.9
1783056960000,61721.9,61743.9,61676.8,61700.1
1783057140000,61700.1,61700.2,61640.1,61646.2
1783057320000,61646.3,61678.2,61618.6,61676.4
1783057500000,61676.5,61676.5,61620.0,61644.5
1783057680000,61644.5,61717.7,61647.8,61684.7
1783057860000,61684.7,61700.0,61668.7,61699.9
1783058040000,61699.9,61727.2,61684.3,61699.3
1783058220000,61699.3,61703.4,61670.7,61674.8
1783058400000,61674.7,61709.2,61662.5,61709.1
1783058580000,61709.1,61825.1,61709.1,61792.3
1783058760000,61792.3,61808.2,61750.0,61788.0
1783058940000,61782.9,61800.0,61770.6,61779.6
1783059120000,61779.6,61788.6,61700.0,61702.4
1783059300000,61703.9,61785.5,61700.0,61767.7
1783059480000,61766.8,61766.8,61680.0,61680.1
1783059660000,61680.1,61691.4,61665.4,61668.8
1783059840000,61673.4,61708.9,61665.2,61687.9
1783060020000,61688.0,61694.9,61683.4,61693.5
1783060200000,61693.5,61755.5,61693.5,61738.0
1783060380000,61738.0,61743.0,61679.6,61692.8
1783060560000,61692.8,61705.4,61601.0,61614.9
1783060740000,61615.0,61616.2,61584.0,61608.0
1783060920000,61615.0,61664.2,61584.0,61616.1
1783061100000,61616.1,61663.0,61616.1,61639.9
1783061280000,61640.0,61657.5,61615.8,61651.6
1783061460000,61650.0,61722.7,61628.1,61705.8
1783061640000,61705.8,61749.3,61705.8,61707.2
1783061820000,61707.1,61717.5,61680.5,61680.5
1783062000000,61680.5,61707.2,61662.6,61707.2
1783062180000,61707.2,61719.2,61634.1,61654.1
1783062360000,61654.1,61755.7,61654.1,61722.5
1783062540000,61722.5,61731.2,61670.6,61673.9
1783062720000,61673.9,61692.9,61670.7,61676.5
1783062900000,61676.5,61706.8,61676.5,61686.7
1783063080000,61676.5,61736.3,61676.5,61723.2
1783063260000,61722.6,61729.1,61703.7,61725.0
1783063440000,61725.1,61734.8,61700.0,61700.1
1783063620000,61700.1,61736.4,61700.1,61736.3
1783063800000,61736.3,61780.0,61717.0,61731.4
1783063980000,61731.4,61819.0,61731.4,61819.0
1783064160000,61818.9,61818.9,61723.5,61744.3
1783064340000,61744.2,61779.7,61740.3,61779.7
1783064520000,61779.7,61810.9,61776.8,61800.4
1783064700000,61800.3,61849.7,61786.5,61821.6
1783064880000,61821.5,61825.7,61765.4,61800.0
1783065060000,61800.0,61816.4,61773.3,61794.8
1783065240000,61794.8,61794.8,61768.2,61768.3
1783065420000,61768.4,61768.4,61731.7,61733.6
1783065600000,61733.7,61813.1,61726.0,61786.4
1783065780000,61786.5,61786.4,61721.2,61730.0
1783065960000,61739.9,61771.0,61714.1,61719.9
1783066140000,61719.9,61754.4,61719.9,61722.8
1783066320000,61722.8,61743.0,61717.0,61726.2
1783066500000,61726.2,61776.2,61721.2,61724.3
1783066680000,61724.3,61743.2,61700.0,61700.1
1783066860000,61700.1,61723.9,61700.0,61700.1
1783067040000,61700.1,61779.6,61700.0,61779.6
1783067220000,61783.7,61804.9,61750.0,61760.6
1783067400000,61760.6,61760.7,61700.0,61740.8
1783067580000,61740.7,61760.4,61727.1,61733.7
1783067760000,61733.7,61759.5,61724.7,61728.0
1783067940000,61728.1,61743.9,61706.5,61734.8
1783068120000,61734.9,61875.3,61734.8,61843.9
1783068300000,61840.8,61843.9,61760.2,61780.4
1783068480000,61780.9,61781.8,61704.0,61704.1
1783068660000,61704.1,61714.6,61564.1,61590.1
1783068840000,61590.1,61593.3,61563.0,61574.8
1783069020000,61574.8,61575.0,61525.9,61553.8
1783069200000,61553.6,61588.9,61481.7,61579.1
1783069380000,61573.3,61613.7,61539.5,61586.9
1783069560000,61586.9,61627.9,61551.5,61620.1
1783069740000,61619.9,61630.5,61573.5,61622.4
1783069920000,61622.5,61685.7,61608.8,61680.9
1783070100000,61677.1,61714.9,61630.9,61646.4
1783070280000,61639.3,61660.5,61619.8,61660.5
1783070460000,61660.4,61694.9,61660.4,61672.2
1783070640000,61672.2,61678.5,61632.6,61632.7
1783070820000,61632.7,61663.5,61619.8,61660.9
1783071000000,61660.9,61664.3,61622.5,61653.6
1783071180000,61653.6,61657.2,61584.8,61590.0
1783071360000,61653.6,61657.2,61529.7,61574.4
1783071540000,61574.4,61591.4,61546.2,61591.3
1783071720000,61591.4,61633.5,61591.3,61633.4
1783071900000,61633.5,61760.0,61633.4,61724.9
1783072080000,61731.8,61750.0,61702.4,61726.8
1783072260000,61726.7,61726.8,61683.3,61696.6
1783072440000,61696.7,61720.4,61690.6,61706.8
1783072620000,61706.7,61706.9,61686.8,61686.9
1783072800000,61686.9,61742.0,61660.1,61660.1
1783072980000,61658.8,61700.2,61658.8,61694.7
1783073160000,61694.7,61706.9,61660.8,61685.9
1783073340000,61694.7,61706.9,61644.0,61660.1
1783073520000,61660.0,61747.2,61660.0,61700.2
1783073700000,61700.2,61703.5,61642.2,61655.9
1783073880000,61656.0,61666.6,61640.2,61653.4
1783074060000,61653.3,61743.5,61646.3,61717.0
1783074240000,61718.6,61720.4,61688.8,61715.6
1783074420000,61715.5,61727.7,61702.1,61715.7
1783074600000,61715.6,61720.8,61698.3,61719.2
1783074780000,61719.2,61765.4,61717.1,61750.8
1783074960000,61757.6,61835.9,61745.7,61835.8
1783075140000,61757.6,61840.9,61745.7,61795.7
1783075320000,61795.7,62017.7,61782.5,61981.5
1783075500000,61991.9,62000.0,61854.4,61910.0
1783075680000,61919.3,61949.9,61908.2,61920.3
1783075860000,61920.3,61967.4,61900.0,61937.9
1783076040000,61938.0,61952.5,61903.5,61927.9
1783076220000,61927.9,61932.7,61881.1,61886.6
1783076400000,61886.6,61900.0,61808.1,61899.9
1783076580000,61899.9,61982.9,61885.4,61954.9
1783076760000,61954.9,61985.6,61929.6,61955.9
1783076940000,61955.9,62050.0,61915.0,61932.7
1783077120000,61932.7,62005.4,61911.5,61992.3
1783077300000,61932.7,62039.4,61911.5,61950.1
1783077480000,61950.1,61964.1,61915.8,61964.1
1783077660000,61964.1,62043.8,61964.1,61992.5
1783077840000,61992.4,62028.7,61912.1,61912.1
1783078020000,61912.2,61981.4,61904.6,61958.4
1783078200000,61958.5,61972.1,61922.0,61967.1
1783078380000,61967.1,61999.0,61912.8,61923.8
1783078560000,61923.8,61923.8,61888.0,61899.9
1783078740000,61896.7,61896.7,61851.9,61866.7
1783078920000,61866.7,61868.8,61855.0,61861.8
1783079100000,61866.5,61947.0,61866.5,61941.3
1783079280000,61941.3,62040.0,61941.3,62027.5
1783079460000,62027.4,62078.6,61970.6,61975.2
1783079640000,61975.2,62012.7,61975.1,62000.0
1783079820000,62000.1,62019.0,61980.0,61992.8
1783080000000,61992.8,62137.9,61975.0,62110.5
1783080180000,62110.6,62124.1,62063.4,62080.4
1783080360000,62080.5,62149.3,62056.0,62071.3
1783080540000,62067.3,62138.7,62061.7,62130.4
1783080720000,62130.4,62132.8,62058.7,62130.0
1783080900000,62130.0,62147.0,62019.5,62031.0
1783081080000,62031.0,62041.1,61923.6,61944.9
1783081260000,61944.9,61979.9,61917.3,61966.5
1783081440000,61966.5,61965.4,61901.3,61901.8
1783081620000,61966.5,61965.4,61883.5,61929.9
1783081800000,61929.9,61947.7,61897.0,61907.9
1783081980000,61908.0,61928.3,61876.5,61888.3
1783082160000,61888.3,61896.3,61841.3,61896.2
1783082340000,61896.2,61923.2,61860.6,61909.1
1783082520000,61909.1,61949.7,61891.9,61899.8
1783082700000,61899.8,61956.7,61899.8,61948.5
1783082880000,61951.0,61966.2,61917.7,61962.0
1783083060000,61965.9,61978.0,61930.7,61956.5
1783083240000,61956.5,61969.7,61923.4,61923.8
1783083420000,61923.8,61954.5,61923.5,61952.6
1783083600000,61952.6,62016.0,61948.0,61986.8
1783083780000,61952.6,62016.0,61910.5,61929.9
1783083960000,61929.9,61998.8,61920.6,61994.7
1783084140000,61994.6,62002.2,61951.0,61992.1
1783084320000,61992.0,62047.3,61989.4,62029.6
1783084500000,62029.6,62076.9,62029.5,62036.9
1783084680000,62036.9,62041.5,61990.2,62009.1
1783084860000,62009.1,62048.2,62000.3,62012.3
1783085040000,62012.4,62028.7,61972.2,62023.8
1783085220000,62023.8,62099.9,62010.3,62067.0
1783085400000,62065.8,62079.6,62016.7,62055.8
1783085580000,62065.8,62079.6,62016.7,62016.8
1783085760000,62016.8,62030.9,61991.5,62000.1
1783085940000,62000.1,62119.9,61990.9,62118.0
1783086120000,62117.9,62163.2,62082.1,62127.6
1783086300000,62127.5,62138.0,62074.0,62111.5
1783086480000,62111.5,62142.0,62025.0,62063.7
1783086660000,62063.6,62259.5,62063.7,62172.9
1783086840000,62172.9,62172.9,62069.1,62078.5
1783087020000,62078.4,62110.0,62060.1,62083.9
1783087200000,62078.4,62110.0,61896.8,61927.4
1783087380000,61927.4,61994.0,61922.3,61968.8
1783087560000,61968.7,61993.5,61951.0,61969.3
1783087740000,61963.4,61981.1,61909.7,61920.6
1783087920000,61920.5,61920.6,61661.7,61735.4
1783088100000,61739.9,61849.9,61696.2,61840.0
1783088280000,61840.1,61842.8,61750.0,61789.7
1783088460000,61789.7,61871.9,61722.4,61863.7
1783088640000,61863.8,61869.6,61824.2,61850.0
1783088820000,61850.0,61902.5,61823.6,61898.7
1783089000000,61850.0,61926.1,61823.6,61903.5
1783089180000,61903.4,61925.9,61819.0,61849.7
1783089360000,61849.6,61913.3,61849.6,61868.4
1783089540000,61868.4,62042.9,61852.9,62031.6
1783089720000,62031.6,62039.2,61982.9,62039.1
1783089900000,62039.2,62088.4,61998.3,62051.4
1783090080000,62051.4,62070.5,62031.3,62067.9
1783090260000,62076.2,62140.2,62076.2,62093.2
1783090440000,62093.1,62256.9,62093.2,62181.5
1783090620000,62181.4,62186.7,62136.7,62142.9
1783090800000,62142.9,62206.8,62135.2,62192.8
1783090980000,62172.6,62184.0,62145.3,62172.2
1783091160000,62172.1,62379.8,62172.1,62311.1
1783091340000,62291.1,62318.4,62274.0,62311.7
1783091520000,62314.9,62315.4,62147.6,62168.4
1783091700000,62165.4,62198.8,62023.1,62071.5
1783091880000,62069.7,62134.0,62068.3,62089.4
1783092060000,62089.4,62089.4,61971.0,61971.1
1783092240000,61971.1,62010.0,61955.4,61991.2
1783092420000,61991.2,61991.3,61970.0,61980.3
1783092600000,61980.3,62081.6,61963.4,62049.6
1783092780000,62049.6,62053.5,61974.9,61987.1
1783092960000,61987.0,62025.4,61932.8,61943.6
1783093140000,61948.8,61984.9,61839.9,61839.9
1783093320000,61840.0,61861.3,61778.3,61815.9
1783093500000,61815.8,61888.0,61808.7,61821.8
1783093680000,61821.9,61844.0,61790.2,61839.9
1783093860000,61840.0,61917.9,61833.3,61915.2
1783094040000,61915.2,61940.0,61883.7,61894.7
1783094220000,61894.6,61900.0,61879.9,61895.2
1783094400000,61895.2,61934.9,61889.1,61904.0
1783094580000,61904.0,61963.2,61903.9,61936.4
1783094760000,61933.9,61953.5,61915.4,61929.5
1783094940000,61929.5,61958.6,61914.5,61956.4
1783095120000,61956.4,61956.4,61877.6,61900.3
1783095300000,61900.3,61958.3,61900.2,61935.8
1783095480000,61936.0,61954.7,61936.0,61954.6
1783095660000,61954.6,62067.2,61954.5,62057.3
1783095840000,62057.3,62086.5,61999.7,61999.7
1783096020000,61999.7,62048.7,61999.8,62039.2
1783096200000,61999.7,62099.0,61985.7,62001.8
1783096380000,62010.3,62067.2,61953.3,62032.2
1783096560000,62032.1,62042.0,62010.0,62017.9
1783096740000,62018.0,62036.4,62010.0,62023.8
1783096920000,62027.6,62048.2,62021.9,62021.9
1783097100000,62021.9,62033.1,61996.1,62000.1
1783097280000,62007.1,62033.6,61992.7,61995.3
1783097460000,61995.3,62065.8,61995.3,62058.6
1783097640000,62058.6,62103.5,62032.1,62100.2
1783097820000,62101.2,62101.2,62064.0,62085.2
1783098000000,62085.2,62148.1,62040.9,62108.9
1783098180000,62108.9,62198.4,62093.2,62192.4
1783098360000,62200.0,62266.8,62180.0,62230.4
1783098540000,62230.3,62266.0,62186.1,62198.0
1783098720000,62197.9,62213.5,62162.2,62162.2
1783098900000,62165.4,62189.3,62160.2,62165.1
1783099080000,62165.1,62219.2,62165.1,62208.4
1783099260000,62208.4,62215.8,62161.8,62161.8
1783099440000,62161.8,62161.9,62083.6,62160.8
1783099620000,62160.8,62167.8,62156.6,62156.7
1783099800000,62160.8,62167.9,62134.1,62143.0
1783099980000,62143.0,62215.6,62142.9,62215.5
1783100160000,62206.6,62223.0,62197.3,62204.7
1783100340000,62204.8,62221.9,62167.9,62221.9
1783100520000,62221.9,62249.9,62200.1,62200.1
1783100700000,62199.4,62223.2,62182.4,62190.1
1783100880000,62190.0,62190.2,62136.1,62150.3
1783101060000,62150.3,62188.2,62150.1,62178.3
1783101240000,62178.3,62184.3,62158.7,62184.3
1783101420000,62184.3,62190.0,62139.1,62165.1
1783101600000,62184.3,62190.0,62139.1,62148.4
1783101780000,62148.3,62154.0,62115.3,62118.8
1783101960000,62118.8,62118.9,62087.4,62107.8
1783102140000,62107.8,62142.3,62088.6,62142.2
1783102320000,62142.2,62142.3,62127.8,62133.6
1783102500000,62133.7,62176.0,62118.0,62141.2
1783102680000,62141.2,62141.2,62121.4,62124.2
1783102860000,62124.2,62141.0,62109.1,62120.7
1783103040000,62120.7,62127.0,62103.8,62120.3
1783103220000,62120.3,62153.6,62120.3,62153.6
1783103400000,62120.3,62175.7,62120.3,62175.4
1783103580000,62180.2,62196.9,62156.4,62180.4
1783103760000,62180.3,62207.0,62176.5,62200.8
1783103940000,62200.8,62215.7,62178.0,62215.6
1783104120000,62215.7,62215.7,62180.0,62197.3
1783104300000,62197.3,62204.5,62166.7,62172.1
1783104480000,62173.6,62188.8,62165.2,62188.7
1783104660000,62188.7,62200.0,62175.4,62186.3
1783104840000,62186.3,62223.7,62178.8,62210.5
1783105020000,62210.5,62210.5,62175.4,62180.3
1783105200000,62180.3,62186.4,62173.7,62184.2
1783105380000,62180.3,62231.7,62135.7,62135.7
1783105560000,62135.8,62161.2,62126.6,62137.6
1783105740000,62137.6,62172.2,62133.8,62139.9
1783105920000,62139.9,62191.2,62128.0,62156.9
1783106100000,62156.9,62277.5,62156.9,62242.7
1783106280000,62242.8,62250.8,62209.3,62238.6
1783106460000,62238.6,62241.3,62206.2,62206.3
1783106640000,62206.3,62227.9,62153.1,62184.9
1783106820000,62185.0,62207.4,62183.2,62195.3
1783107000000,62196.2,62206.0,62129.9,62141.8
1783107180000,62196.2,62225.8,62129.9,62168.5
1783107360000,62175.1,62292.4,62160.6,62243.4
1783107540000,62243.4,62267.4,62219.7,62231.4
1783107720000,62232.5,62244.5,62203.0,62203.2
1783107900000,62203.2,62203.2,62172.3,62178.0
1783108080000,62178.1,62229.4,62161.8,62216.5
1783108260000,62216.5,62231.7,62205.2,62205.3
1783108440000,62219.7,62218.6,62177.2,62187.8
1783108620000,62187.8,62211.5,62163.7,62178.4
1783108800000,62178.3,62198.3,62160.1,62160.2
1783108980000,62178.3,62198.3,62153.3,62186.7
1783109160000,62191.2,62478.2,62191.1,62397.6
1783109340000,62397.7,62397.8,62355.0,62366.2
1783109520000,62366.2,62422.3,62349.4,62405.4
1783109700000,62405.3,62424.6,62367.1,62402.6
1783109880000,62402.6,62644.1,62387.9,62620.0
1783110060000,62634.5,62634.5,62530.9,62537.6
1783110240000,62537.5,62673.0,62512.2,62647.6
1783110420000,62647.6,62664.0,62580.0,62600.1
1783110600000,62600.0,62657.8,62580.0,62634.9
1783110780000,62634.8,62717.4,62580.0,62691.6
1783110960000,62634.8,62896.0,62580.0,62701.0
1783111140000,62707.1,62710.0,62598.6,62628.7
1783111320000,62628.7,62716.3,62620.0,62685.1
1783111500000,62685.0,62797.3,62661.4,62745.5
1783111680000,62759.9,62847.1,62751.1,62759.8
1783111860000,62759.8,62794.4,62753.6,62792.9
1783112040000,62793.0,62809.5,62720.0,62720.1
1783112220000,62720.1,62772.0,62690.0,62759.2
1783112400000,62759.2,62818.2,62718.4,62734.8
1783112580000,62746.3,62808.6,62702.3,62702.3
1783112760000,62700.1,62772.9,62700.1,62738.3
1783112940000,62700.1,62807.3,62700.1,62807.3
1783113120000,62807.3,62950.1,62728.0,62734.7
1783113300000,62730.6,62779.9,62640.0,62643.7
1783113480000,62643.7,62649.0,62599.5,62646.9
1783113660000,62632.8,62687.0,62632.7,62633.1
1783113840000,62634.0,62664.0,62616.4,62638.0
1783114020000,62629.8,62629.9,62593.1,62608.3
1783114200000,62608.3,62615.0,62530.7,62533.4
1783114380000,62533.3,62579.4,62510.9,62567.6
1783114560000,62567.6,62579.3,62533.3,62544.9
1783114740000,62544.9,62558.6,62488.7,62543.6
1783114920000,62542.4,62616.5,62518.5,62589.3
1783115100000,62589.4,62662.9,62585.1,62662.8
1783115280000,62662.7,62689.3,62641.1,62651.6
1783115460000,62651.6,62709.2,62633.4,62707.2
1783115640000,62709.2,62813.7,62702.8,62738.1
1783115820000,62738.2,62738.2,62710.0,62710.3
1783116000000,62706.8,62726.0,62680.1,62700.6
1783116180000,62700.0,62699.8,62576.3,62584.3
1783116360000,62580.3,62641.9,62559.6,62609.8
1783116540000,62609.8,62620.6,62599.4,62600.1
1783116720000,62599.6,62606.3,62585.7,62606.3
1783116900000,62609.3,62625.0,62595.6,62624.9
1783117080000,62625.0,62649.0,62623.6,62644.2
1783117260000,62644.3,62658.5,62619.4,62619.5
1783117440000,62619.4,62687.5,62611.2,62629.8
1783117620000,62629.8,62631.6,62608.1,62608.1
1783117800000,62608.1,62611.6,62512.9,62560.4
1783117980000,62560.4,62583.2,62539.4,62583.1
1783118160000,62583.1,62599.9,62573.6,62595.6
1783118340000,62583.1,62603.5,62536.4,62536.5
1783118520000,62536.4,62594.4,62536.4,62594.3
1783118700000,62594.3,62648.4,62588.7,62588.7
1783118880000,62588.7,62588.8,62554.9,62571.1
1783119060000,62571.2,62582.8,62571.1,62571.2
1783119240000,62571.3,62578.4,62562.5,62574.2
1783119420000,62574.2,62576.5,62545.3,62549.3
1783119600000,62549.3,62581.0,62548.5,62576.4
1783119780000,62576.4,62576.4,62528.5,62528.5
1783119960000,62528.4,62546.8,62514.6,62514.6
1783120140000,62514.6,62535.9,62507.1,62535.9
1783120320000,62514.6,62549.3,62507.1,62546.4
1783120500000,62541.8,62621.2,62535.3,62605.9
1783120680000,62605.9,62662.1,62558.9,62649.2
1783120860000,62649.2,62649.3,62624.1,62624.1
1783121040000,62624.1,62643.1,62556.7,62556.7
1783121220000,62556.7,62602.8,62554.1,62602.8
1783121400000,62602.7,62657.4,62602.7,62650.2
1783121580000,62650.2,62666.5,62626.5,62650.8
1783121760000,62650.8,62675.9,62650.9,62655.1
1783121940000,62655.1,62688.0,62638.8,62666.9
1783122120000,62667.0,62670.4,62648.0,62656.2
1783122300000,62667.0,62670.4,62595.2,62597.5
1783122480000,62599.5,62613.1,62523.9,62565.2
1783122660000,62565.1,62584.8,62551.5,62572.9
1783122840000,62573.0,62582.2,62567.5,62576.8
1783123020000,62576.4,62591.8,62565.4,62565.4
1783123200000,62565.5,62589.3,62560.5,62574.8
1783123380000,62575.7,62640.0,62560.6,62618.7
1783123560000,62618.7,62864.8,62618.6,62843.1
1783123740000,62843.1,62926.1,62782.6,62834.4
1783123920000,62834.5,62919.0,62781.4,62804.1
1783124100000,62804.2,62830.0,62795.9,62812.7
1783124280000,62812.7,62819.9,62791.4,62810.8
1783124460000,62810.9,62810.9,62733.5,62738.4
1783124640000,62738.3,62766.9,62733.6,62733.6
1783124820000,62733.6,62740.0,62725.5,62739.9
1783125000000,62739.9,62787.1,62739.9,62750.0
1783125180000,62750.0,62763.3,62718.0,62718.0
1783125360000,62714.2,62720.0,62681.4,62690.3
1783125540000,62690.2,62711.0,62660.6,62710.9
1783125720000,62711.0,62720.0,62680.4,62688.4
1783125900000,62688.4,62756.8,62685.9,62745.6
1783126080000,62745.6,62792.8,62738.2,62751.0
1783126260000,62745.6,62792.8,62710.3,62713.9
1783126440000,62713.9,62750.0,62713.9,62741.0
1783126620000,62740.9,62741.0,62726.7,62735.6
1783126800000,62735.1,62735.1,62507.8,62518.1
1783126980000,62518.0,62572.2,62517.9,62530.0
1783127160000,62530.1,62567.4,62473.5,62567.4
1783127340000,62568.3,62568.3,62451.1,62516.2
1783127520000,62516.2,62515.1,62478.2,62493.4
1783127700000,62493.4,62544.7,62462.0,62539.1
1783127880000,62539.1,62569.8,62510.8,62510.8
1783128060000,62539.1,62569.8,62474.0,62485.8
1783128240000,62485.7,62485.8,62381.6,62441.7
1783128420000,62441.8,62470.7,62403.8,62470.7
1783128600000,62470.6,62524.5,62470.6,62495.9
1783128780000,62500.0,62511.9,62452.8,62473.5
1783128960000,62473.5,62494.0,62440.1,62447.6
1783129140000,62447.5,62460.9,62412.7,62432.9
1783129320000,62433.0,62447.1,62402.0,62424.9
1783129500000,62424.8,62449.6,62400.0,62410.7
1783129680000,62410.7,62432.8,62398.1,62418.4
1783129860000,62418.4,62472.0,62418.4,62449.9
1783130040000,62455.1,62465.5,62448.9,62455.1
1783130220000,62455.1,62486.0,62451.0,62451.0
1783130400000,62450.1,62508.6,62450.1,62508.6
1783130580000,62501.9,62502.0,62467.1,62497.9
1783130760000,62497.9,62529.9,62493.0,62510.0
1783130940000,62510.0,62535.6,62502.0,62531.9
1783131120000,62531.9,62544.0,62506.2,62506.2
1783131300000,62502.0,62505.5,62475.0,62490.7
1783131480000,62490.7,62490.7,62444.3,62467.4
1783131660000,62467.4,62470.0,62429.6,62432.4
1783131840000,62432.4,62469.0,62432.4,62461.5
1783132020000,62432.4,62469.0,62432.4,62466.6
1783132200000,62465.4,62484.5,62424.7,62436.1
1783132380000,62436.1,62436.1,62404.0,62429.1
1783132560000,62429.1,62462.9,62426.0,62462.9
1783132740000,62475.1,62475.1,62427.8,62471.1
1783132920000,62471.1,62473.2,62466.8,62472.6
1783133100000,62472.5,62500.0,62461.1,62465.1
1783133280000,62465.1,62487.8,62448.5,62487.8
1783133460000,62487.8,62556.5,62487.7,62540.0
1783133640000,62540.0,62543.2,62524.1,62526.6
1783133820000,62526.6,62527.0,62506.0,62514.1
1783134000000,62526.6,62558.0,62506.0,62550.4
1783134180000,62551.8,62551.8,62460.0,62483.9
1783134360000,62484.0,62498.0,62472.1,62489.9
1783134540000,62489.9,62503.4,62479.8,62503.3
1783134720000,62503.4,62549.9,62503.3,62537.9
1783134900000,62537.9,62565.8,62537.8,62559.9
1783135080000,62559.9,62564.0,62520.8,62534.8
1783135260000,62534.8,62548.0,62525.7,62535.2
1783135440000,62535.2,62544.6,62527.7,62544.6
1783135620000,62544.6,62544.6,62524.3,62544.5
1783135800000,62544.5,62563.3,62486.7,62563.2
1783135980000,62563.2,62712.2,62563.2,62694.4
1783136160000,62563.2,62729.9,62563.2,62699.9
1783136340000,62699.0,62699.1,62660.1,62673.0
1783136520000,62673.1,62707.2,62668.9,62685.0
1783136700000,62685.0,62695.9,62653.6,62665.8
1783136880000,62665.8,62679.9,62650.1,62653.5
1783137060000,62653.6,62664.9,62630.5,62633.3
1783137240000,62633.3,62635.0,62603.3,62610.0
1783137420000,62610.0,62625.3,62609.4,62609.6
1783137600000,62609.6,62625.2,62585.0,62587.8
1783137780000,62587.8,62622.5,62573.3,62600.0
1783137960000,62600.0,62666.6,62600.0,62645.0
1783138140000,62645.0,62690.4,62645.0,62675.8
1783138320000,62675.8,62682.5,62632.7,62632.8
1783138500000,62632.7,62632.8,62586.4,62586.4
1783138680000,62586.4,62586.5,62568.8,62581.8
1783138860000,62581.7,62684.4,62581.6,62684.4
1783139040000,62684.3,62700.0,62653.3,62680.0
1783139220000,62680.1,62682.0,62642.0,62642.1
1783139400000,62642.1,62678.7,62637.7,62678.7
1783139580000,62678.6,62729.1,62651.9,62659.9
1783139760000,62660.0,62704.9,62648.8,62668.8
1783139940000,62660.0,62704.9,62648.8,62669.9
1783140120000,62666.2,62666.2,62644.8,62658.0
1783140300000,62659.6,62698.2,62659.6,62680.8
1783140480000,62680.8,62704.4,62680.7,62704.4
1783140660000,62704.3,62719.9,62660.0,62660.1
1783140840000,62655.8,62666.0,62631.8,62632.1
1783141020000,62632.1,62677.8,62617.1,62661.5
1783141200000,62661.5,62661.6,62584.5,62599.7
1783141380000,62599.6,62603.7,62585.0,62585.0
1783141560000,62585.0,62590.3,62578.8,62580.7
1783141740000,62580.8,62580.8,62551.4,62560.2
1783141920000,62558.1,62564.6,62551.0,62554.5
1783142100000,62554.6,62556.0,62537.9,62537.9
1783142280000,62537.9,62537.9,62485.0,62485.1
1783142460000,62484.4,62491.9,62472.5,62483.4
1783142640000,62483.4,62494.1,62450.4,62477.1
1783142820000,62477.1,62519.0,62477.1,62494.9
1783143000000,62494.9,62504.9,62490.0,62494.0
1783143180000,62494.0,62517.5,62484.6,62501.6
1783143360000,62501.6,62509.1,62483.7,62496.7
1783143540000,62496.7,62528.7,62496.6,62528.6
1783143720000,62496.7,62550.0,62496.6,62542.8
1783143900000,62542.9,62576.3,62542.8,62559.4
1783144080000,62559.4,62559.4,62502.6,62502.6
1783144260000,62502.6,62530.1,62453.1,62457.0
1783144440000,62460.9,62468.6,62405.8,62430.9
1783144620000,62431.0,62449.9,62421.9,62445.7
1783144800000,62445.6,62472.4,62445.6,62455.3
1783144980000,62455.3,62497.4,62455.2,62497.3
1783145160000,62497.4,62538.6,62479.9,62479.9
1783145340000,62479.9,62503.7,62449.9,62461.2
1783145520000,62461.2,62461.3,62401.3,62409.6
1783145700000,62409.6,62426.9,62403.3,62426.6
1783145880000,62426.6,62431.9,62409.0,62412.5
1783146060000,62412.5,62412.5,62311.1,62327.3
1783146240000,62327.4,62350.0,62327.0,62349.9
1783146420000,62350.0,62426.1,62308.0,62395.0
1783146600000,62401.5,62511.6,62405.7,62463.8
1783146780000,62463.8,62471.0,62434.9,62441.9
1783146960000,62441.9,62450.2,62424.3,62424.4
1783147140000,62424.4,62462.8,62424.3,62462.7
1783147320000,62469.9,62469.9,62434.8,62435.4
1783147500000,62435.4,62473.7,62435.3,62473.6
1783147680000,62473.6,62500.0,62473.6,62480.4
1783147860000,62473.6,62508.0,62467.9,62471.7
1783148040000,62471.8,62495.9,62470.0,62478.3
1783148220000,62478.3,62478.6,62473.1,62473.1
1783148400000,62473.2,62478.5,62450.0,62453.2
1783148580000,62453.1,62478.2,62441.8,62441.8
1783148760000,62441.8,62460.3,62441.8,62442.6
1783148940000,62442.6,62533.8,62442.5,62519.3
1783149120000,62519.3,62523.1,62467.5,62522.0
1783149300000,62522.0,62518.1,62494.8,62501.5
1783149480000,62501.5,62530.0,62499.2,62523.1
1783149660000,62523.1,62572.4,62523.0,62570.9
1783149840000,62570.9,62611.6,62518.6,62519.9
1783150020000,62570.9,62611.6,62518.6,62521.6
1783150200000,62521.6,62530.4,62513.4,62521.2
1783150380000,62521.2,62539.4,62454.9,62469.9
1783150560000,62469.9,62479.0,62453.4,62470.4
1783150740000,62470.4,62507.9,62464.8,62493.7
1783150920000,62493.7,62493.7,62471.3,62477.7
1783151100000,62477.6,62547.3,62465.0,62547.2
1783151280000,62547.2,62566.5,62530.0,62548.7
1783151460000,62548.7,62568.0,62548.7,62560.5
1783151640000,62560.5,62560.5,62542.9,62551.4
1783151820000,62551.4,62568.7,62540.0,62550.1
1783152000000,62549.2,62559.5,62506.9,62506.9
1783152180000,62513.9,62518.2,62505.6,62505.7
1783152360000,62505.6,62528.8,62503.6,62516.3
1783152540000,62516.2,62516.3,62485.1,62492.2
1783152720000,62492.3,62521.4,62488.2,62521.4
1783152900000,62521.4,62521.4,62488.0,62498.7
1783153080000,62498.7,62533.4,62497.9,62533.4
1783153260000,62533.3,62557.3,62533.4,62550.4
1783153440000,62553.8,62555.5,62532.4,62541.4
1783153620000,62541.4,62547.1,62524.7,62524.7
1783153800000,62524.7,62539.5,62520.0,62539.5
1783153980000,62539.4,62584.7,62539.5,62584.7
1783154160000,62584.7,62607.9,62566.6,62588.3
1783154340000,62588.2,62654.1,62545.7,62575.4
1783154520000,62575.4,62575.5,62551.7,62568.3
1783154700000,62568.2,62602.5,62568.2,62602.5
1783154880000,62602.5,62638.1,62602.4,62613.8
1783155060000,62613.8,62624.7,62610.0,62624.6
1783155240000,62624.6,62624.7,62568.9,62574.7
1783155420000,62574.7,62574.7,62522.0,62528.0
1783155600000,62528.0,62559.3,62502.7,62508.2
1783155780000,62508.2,62508.3,62424.1,62475.9
1783155960000,62474.3,62532.2,62467.9,62491.0
1783156140000,62491.0,62529.7,62471.0,62529.6
1783156320000,62529.7,62529.7,62480.0,62480.0
1783156500000,62480.0,62480.1,62448.2,62462.1
1783156680000,62462.0,62484.7,62462.0,62469.8
1783156860000,62469.9,62469.9,62429.8,62438.6
1783157040000,62438.6,62448.7,62426.1,62438.1
1783157220000,62438.2,62454.0,62430.4,62453.9
1783157400000,62453.9,62459.1,62430.0,62444.4
1783157580000,62444.4,62444.4,62422.4,62442.4
1783157760000,62442.4,62442.4,62386.1,62420.4
1783157940000,62415.6,62427.5,62405.7,62414.6
1783158120000,62414.6,62435.4,62414.6,62426.6
1783158300000,62426.5,62470.5,62426.5,62465.3
1783158480000,62465.3,62477.0,62451.5,62470.9
1783158660000,62470.9,62482.5,62463.6,62465.1
1783158840000,62460.4,62487.3,62460.4,62487.2
1783159020000,62487.2,62487.3,62466.0,62466.1
1783159200000,62466.1,62469.9,62432.7,62441.0
1783159380000,62440.9,62472.3,62418.3,62472.2
1783159560000,62440.9,62472.3,62418.3,62444.6
1783159740000,62444.7,62444.7,62433.3,62433.7
1783159920000,62433.7,62459.4,62433.6,62434.8
1783160100000,62434.8,62470.5,62424.4,62470.5
1783160280000,62470.5,62471.7,62450.0,62450.1
1783160460000,62450.1,62474.9,62450.0,62466.6
1783160640000,62466.6,62485.5,62453.1,62485.4
1783160820000,62485.5,62497.5,62467.2,62471.9
1783161000000,62471.9,62471.9,62455.3,62458.0
1783161180000,62458.1,62465.9,62456.0,62465.9
1783161360000,62465.9,62465.9,62436.2,62436.3
1783161540000,62465.9,62465.9,62436.2,62455.3
1783161720000,62455.4,62461.2,62441.9,62461.2
1783161900000,62461.2,62465.0,62452.3,62452.8
1783162080000,62452.8,62470.6,62452.4,62458.1
1783162260000,62458.1,62480.1,62448.3,62480.1
1783162440000,62480.0,62514.2,62480.0,62514.2
1783162620000,62514.1,62518.8,62483.8,62483.9
1783162800000,62483.9,62483.9,62440.6,62463.2
1783162980000,62463.2,62463.7,62450.0,62454.9
1783163160000,62454.9,62491.2,62448.6,62491.1
1783163340000,62491.1,62504.6,62484.1,62484.1
1783163520000,62484.1,62499.8,62471.4,62499.8
1783163700000,62499.8,62530.2,62493.0,62497.0
1783163880000,62497.0,62497.0,62476.6,62476.6
1783164060000,62486.6,62500.0,62471.0,62479.8
1783164240000,62479.9,62480.3,62463.1,62465.4
1783164420000,62465.4,62465.4,62433.6,62459.1
1783164600000,62455.2,62476.1,62455.2,62476.0
1783164780000,62476.0,62539.6,62476.0,62513.2
1783164960000,62513.2,62513.2,62490.3,62490.3
1783165140000,62490.3,62494.6,62464.9,62465.1
1783165320000,62465.1,62485.5,62460.0,62466.3
1783165500000,62466.4,62481.0,62446.6,62455.5
1783165680000,62455.6,62472.1,62455.4,62468.1
1783165860000,62468.1,62473.5,62457.7,62457.7
1783166040000,62457.8,62485.4,62457.6,62485.4
1783166220000,62485.3,62485.4,62458.6,62458.6
1783166400000,62458.6,62517.2,62458.6,62500.2
1783166580000,62500.2,62561.6,62500.1,62532.1
1783166760000,62532.1,62538.6,62515.0,62524.5
1783166940000,62524.6,62542.4,62520.7,62541.2
1783167120000,62541.2,62544.0,62541.1,62541.3
1783167300000,62541.3,62546.1,62541.2,62541.4
1783167480000,62541.3,62552.0,62517.0,62527.3
1783167660000,62527.4,62542.5,62527.3,62533.5
1783167840000,62534.3,62540.2,62529.6,62540.2
1783168020000,62540.1,62593.4,62540.1,62560.3
1783168200000,62560.4,62582.2,62554.3,62571.3
1783168380000,62571.2,62620.0,62571.0,62590.1
1783168560000,62589.6,62589.6,62561.2,62586.4
1783168740000,62586.4,62599.1,62570.6,62584.5
1783168920000,62584.6,62598.2,62584.5,62597.6
1783169100000,62597.6,62600.0,62566.5,62571.8
1783169280000,62571.9,62571.9,62560.9,62568.1
1783169460000,62571.9,62580.0,62560.9,62579.9
1783169640000,62579.9,62600.0,62579.9,62595.0
1783169820000,62595.0,62671.5,62595.0,62634.1
1783170000000,62634.0,62634.1,62603.8,62608.4
1783170180000,62608.5,62608.5,62565.6,62572.8
1783170360000,62572.7,62580.0,62571.0,62577.1
1783170540000,62577.0,62590.5,62563.0,62567.3
1783170720000,62567.2,62587.9,62563.5,62585.1
1783170900000,62585.1,62621.1,62581.0,62618.5
1783171080000,62618.5,62750.1,62618.5,62750.0
1783171260000,62749.9,62750.1,62620.3,62636.7
1783171440000,62749.9,62750.1,62620.3,62651.4
1783171620000,62651.4,62651.4,62613.1,62630.9
1783171800000,62630.9,62631.0,62578.5,62583.0
1783171980000,62583.1,62583.1,62563.5,62563.5
1783172160000,62563.5,62564.9,62540.3,62564.9
1783172340000,62564.9,62581.6,62540.0,62540.1
1783172520000,62540.1,62576.5,62527.3,62555.2
1783172700000,62555.2,62555.1,62512.0,62518.2
1783172880000,62518.3,62552.3,62513.0,62552.2
1783173060000,62552.2,62552.4,62530.2,62531.9
1783173240000,62531.9,62546.7,62530.0,62546.6
1783173420000,62541.9,62566.1,62541.9,62563.0
1783173600000,62563.1,62632.9,62562.4,62609.7
1783173780000,62609.8,62609.8,62584.7,62584.8
1783173960000,62584.8,62625.0,62571.4,62571.5
1783174140000,62571.4,62629.0,62571.4,62620.3
1783174320000,62629.9,62669.8,62627.5,62640.9
1783174500000,62640.8,62719.4,62640.8,62660.1
1783174680000,62660.0,62666.3,62635.1,62640.8
1783174860000,62640.8,62659.8,62605.0,62658.4
1783175040000,62658.4,62662.4,62640.0,62641.2
1783175220000,62641.2,62647.2,62623.5,62647.2
1783175400000,62647.1,62653.3,62600.5,62607.9
1783175580000,62615.1,62638.0,62609.0,62637.9
1783175760000,62637.9,62637.9,62604.0,62610.1
1783175940000,62610.2,62648.8,62597.7,62648.8
1783176120000,62650.6,62669.8,62630.0,62656.3
1783176300000,62656.3,62692.0,62652.3,62680.9
1783176480000,62680.9,62681.0,62629.9,62649.6
1783176660000,62649.6,62669.6,62640.0,62654.6
1783176840000,62649.6,62669.6,62627.6,62637.4
1783177020000,62637.3,62671.9,62632.2,62671.8
1783177200000,62671.9,62695.1,62669.4,62685.0
1783177380000,62685.1,62725.0,62672.8,62693.6
1783177560000,62687.2,62700.0,62666.7,62697.7
1783177740000,62697.6,63064.6,62697.6,62804.1
1783177920000,62806.2,62836.0,62753.2,62804.0
1783178100000,62804.1,62811.5,62729.4,62747.0
1783178280000,62747.1,62787.7,62747.0,62780.2
1783178460000,62781.6,62849.8,62781.6,62827.9
1783178640000,62827.9,62908.3,62823.4,62841.5
1783178820000,62827.9,62908.3,62815.6,62879.4
1783179000000,62896.7,62896.8,62816.1,62865.7
1783179180000,62865.7,62999.9,62832.0,62922.8
1783179360000,62922.7,62922.8,62836.8,62864.1
1783179540000,62864.1,62888.6,62846.3,62879.2
1783179720000,62878.0,62901.8,62870.4,62900.5
1783179900000,62900.5,62990.6,62888.3,62970.5
1783180080000,62970.5,62970.5,62892.8,62903.2
1783180260000,62903.2,62905.0,62838.5,62904.9
1783180440000,62904.9,62924.2,62896.1,62910.0
1783180620000,62909.9,62923.0,62889.5,62908.7
1783180800000,62908.8,62912.6,62844.0,62912.5
1783180980000,62908.8,62942.9,62844.0,62930.1
1783181160000,62930.1,62930.1,62850.0,62854.0
1783181340000,62854.0,62898.8,62830.2,62844.8
1783181520000,62844.9,62844.9,62762.0,62762.0
1783181700000,62762.0,62795.4,62754.7,62781.8
1783181880000,62781.7,62834.9,62781.7,62813.0
1783182060000,62813.0,62855.4,62802.7,62834.1
1783182240000,62834.1,62840.1,62793.1,62840.1
1783182420000,62840.0,62853.2,62833.9,62838.1
1783182600000,62838.1,62887.7,62838.1,62887.6
1783182780000,62887.7,62905.0,62872.2,62873.8
1783182960000,62887.7,62905.0,62865.1,62870.0
1783183140000,62869.9,62920.0,62869.9,62888.7
1783183320000,62881.4,62901.0,62865.2,62878.6
1783183500000,62878.7,62880.0,62832.5,62844.1
1783183680000,62844.1,62897.1,62841.9,62894.6
1783183860000,62894.6,62940.0,62894.5,62907.2
1783184040000,62907.1,62909.7,62883.2,62883.2
1783184220000,62883.3,62902.6,62871.7,62895.2
1783184400000,62895.2,62895.2,62772.0,62825.4
1783184580000,62825.3,62888.0,62815.9,62848.8
1783184760000,62848.8,62897.1,62848.8,62894.4
1783184940000,62848.8,62926.3,62848.8,62899.9
1783185120000,62899.9,62900.0,62816.2,62836.7
1783185300000,62837.3,62904.9,62827.8,62861.6
1783185480000,62866.1,62893.6,62863.4,62893.4
1783185660000,62893.5,62900.1,62888.0,62897.4
1783185840000,62897.4,62950.0,62885.4,62950.0
1783186020000,62950.1,62960.9,62939.3,62957.9
1783186200000,62957.9,63049.8,62957.9,63031.8
1783186380000,63031.8,63177.0,63027.8,63089.5
1783186560000,63089.6,63176.2,63058.4,63157.8
1783186740000,63157.9,63160.4,63099.9,63103.7
1783186920000,63157.9,63160.4,63085.4,63155.6
1783187100000,63155.6,63174.4,63121.6,63136.1
1783187280000,63136.1,63285.3,63133.6,63277.4
1783187460000,63283.8,63414.4,63245.5,63320.4
1783187640000,63313.2,63337.7,63295.1,63314.9
1783187820000,63314.8,63326.1,63245.5,63245.5
1783188000000,63245.5,63258.0,63193.5,63204.0
1783188180000,63204.0,63227.2,63195.1,63222.1
1783188360000,63225.4,63300.0,63200.2,63215.0
1783188540000,63215.0,63244.1,63155.8,63224.1
1783188720000,63224.1,63316.0,63224.0,63294.9
1783188900000,63295.0,63324.8,63235.8,63283.4
1783189080000,63283.4,63283.4,63204.3,63229.6
1783189260000,63229.6,63229.7,63157.2,63157.2
1783189440000,63160.2,63172.4,63116.7,63154.0
1783189620000,63153.9,63158.9,63119.6,63153.2
1783189800000,63153.0,63153.1,63091.5,63103.2
1783189980000,63103.2,63119.6,63089.0,63089.5
1783190160000,63090.9,63123.2,63092.6,63102.0
1783190340000,63094.5,63109.3,63071.6,63106.9
1783190520000,63094.5,63124.6,63071.6,63093.8
1783190700000,63087.2,63134.8,63087.2,63134.8
1783190880000,63137.6,63137.7,63070.0,63078.8
1783191060000,63075.5,63153.4,63075.5,63153.4
1783191240000,63153.4,63155.0,63116.6,63141.3
1783191420000,63141.3,63141.3,63123.1,63137.5
1783191600000,63137.5,63214.6,63129.8,63205.6
1783191780000,63205.6,63213.7,63175.2,63181.0
1783191960000,63181.0,63200.1,63171.2,63197.2
1783192140000,63197.2,63206.6,63177.5,63188.2
1783192320000,63188.2,63200.0,63090.0,63147.7
1783192500000,63188.2,63211.0,63090.0,63189.2
1783192680000,63189.1,63245.0,63189.1,63231.8
1783192860000,63231.7,63299.4,63228.3,63290.8
1783193040000,63290.7,63303.8,63278.4,63283.7
1783193220000,63283.0,63357.2,63269.0,63344.1
1783193400000,63344.0,63344.1,63297.9,63335.0
1783193580000,63335.1,63446.4,63335.0,63354.1
1783193760000,63354.1,63354.1,63250.1,63277.9
1783193940000,63277.9,63310.5,63273.6,63310.5
1783194120000,63310.5,63345.4,63310.4,63341.1
1783194300000,63341.1,63341.0,63270.0,63294.3
1783194480000,63341.1,63341.0,63264.2,63298.8
1783194660000,63298.8,63299.9,63280.0,63295.1
1783194840000,63295.2,63299.4,63251.7,63265.9
1783195020000,63271.7,63297.9,63267.7,63268.1
1783195200000,63268.0,63354.0,63255.0,63347.8
1783195380000,63347.8,63367.0,63319.8,63319.8
1783195560000,63319.9,63348.5,63295.0,63319.9
1783195740000,63319.8,63324.0,63305.1,63310.3
1783195920000,63310.3,63337.7,63310.2,63312.8
1783196100000,63312.8,63318.7,63290.0,63295.8
1783196280000,63295.8,63295.8,63175.1,63190.2
1783196460000,63190.2,63194.9,63151.3,63162.3
1783196640000,63190.2,63194.9,63128.4,63149.2
1783196820000,63149.3,63157.7,63130.0,63144.1
1783197000000,63144.0,63194.4,63130.1,63192.4
1783197180000,63192.4,63230.0,63192.3,63229.0
1783197360000,63229.0,63249.5,63219.4,63234.0
1783197540000,63234.1,63298.4,63202.1,63235.8
1783197720000,63235.9,63266.0,63221.1,63266.0
1783197900000,63265.9,63297.3,63265.9,63275.6
1783198080000,63275.6,63300.0,63275.5,63299.9
1783198260000,63299.9,63300.0,63255.3,63264.6
1783198440000,63264.6,63307.8,63264.6,63267.0
1783198620000,63264.6,63307.8,63199.0,63208.8
1783198800000,63208.9,63208.9,63172.8,63205.9
1783198980000,63205.9,63233.9,63200.3,63225.8
1783199160000,63225.7,63225.7,63208.2,63211.9
1783199340000,63211.9,63241.2,63186.2,63241.2
1783199520000,63241.2,63345.2,63241.1,63324.2
1783199700000,63324.2,63359.7,63324.1,63343.6
1783199880000,63343.6,63399.7,63324.1,63399.6
1783200060000,63399.7,63424.5,63366.5,63415.2
1783200240000,63415.2,63415.2,63351.0,63368.3
1783200420000,63368.3,63410.0,63368.3,63409.9
1783200600000,63409.9,63430.0,63385.5,63426.8
1783200780000,63426.7,63426.8,63336.0,63339.2
1783200960000,63339.2,63349.2,63323.1,63349.1
1783201140000,63349.1,63349.1,63307.1,63307.2
1783201320000,63307.2,63322.3,63261.7,63268.0
1783201500000,63271.1,63284.0,63263.0,63266.6
1783201680000,63266.5,63280.0,63247.8,63261.6
1783201860000,63261.6,63300.0,63255.6,63290.1
1783202040000,63290.1,63308.0,63279.9,63300.1
1783202220000,63300.1,63304.1,63279.0,63279.0
1783202400000,63274.7,63286.4,63253.6,63253.7
1783202580000,63253.7,63263.4,63216.5,63230.8
1783202760000,63237.6,63245.6,63225.5,63245.6
1783202940000,63245.5,63257.5,63190.0,63204.6
1783203120000,63205.9,63247.0,63187.5,63227.8
1783203300000,63227.9,63270.0,63221.8,63270.0
1783203480000,63269.9,63284.0,63240.1,63240.1
1783203660000,63240.1,63240.0,63181.0,63185.3
1783203840000,63185.3,63197.7,63176.5,63182.3
1783204020000,63182.3,63188.9,63170.9,63188.9
1783204200000,63182.3,63205.2,63170.9,63197.3
1783204380000,63197.2,63219.0,63186.5,63219.0
1783204560000,63218.9,63219.0,63192.3,63192.3
1783204740000,63192.3,63192.4,63152.4,63176.6
1783204920000,63176.6,63193.6,63176.7,63182.2
1783205100000,63180.2,63180.2,63129.4,63139.9
1783205280000,63139.9,63178.4,63135.1,63164.9
1783205460000,63164.9,63206.9,63164.9,63186.0
1783205640000,63186.0,63186.0,63160.9,63161.0
1783205820000,63161.0,63166.2,63145.4,63166.2
1783206000000,63166.2,63172.6,63080.7,63099.9
1783206180000,63166.2,63186.7,63080.7,63146.0
1783206360000,63146.1,63214.9,63146.0,63186.9
1783206540000,63186.8,63199.9,63138.6,63139.9
1783206720000,63139.9,63140.0,62958.9,62959.1
1783206900000,62966.4,62987.9,62902.5,62987.9
1783207080000,62984.3,63033.3,62978.3,63032.8
1783207260000,63032.8,63066.0,63000.0,63043.1
1783207440000,63043.1,63066.8,63043.1,63065.9
1783207620000,63065.9,63072.9,63054.0,63071.9
1783207800000,63071.9,63126.0,63071.9,63117.6
1783207980000,63071.9,63141.2,63071.9,63118.3
1783208160000,63118.3,63121.9,63104.9,63104.9
1783208340000,63104.9,63129.4,63100.4,63126.7
1783208520000,63129.9,63197.9,63105.4,63179.9
1783208700000,63180.0,63209.8,63151.1,63151.1
1783208880000,63146.0,63186.8,63146.1,63169.5
1783209060000,63169.6,63170.5,63116.0,63130.6
1783209240000,63130.6,63181.8,63130.5,63138.0
1783209420000,63138.0,63138.0,63111.1,63115.7
1783209600000,63115.8,63114.9,62992.0,63041.3
1783209780000,63041.2,63052.6,63030.7,63044.6
1783209960000,63041.2,63058.8,63000.0,63008.7
1783210140000,63005.4,63014.8,62995.0,63001.5
1783210320000,63001.4,63031.2,62989.6,63027.7
1783210500000,63027.5,63026.1,63000.0,63017.0
1783210680000,63015.6,63015.5,62984.3,63013.9
1783210860000,63010.0,63020.0,62946.6,63005.3
1783211040000,63005.3,63020.0,62977.0,63020.0
1783211220000,63019.9,63026.7,62981.5,63026.7
1783211400000,63023.1,63032.4,62974.5,62992.3
1783211580000,62992.3,62993.6,62965.6,62975.2
1783211760000,62975.2,63033.0,62975.2,63033.0
1783211940000,62975.2,63097.0,62975.2,63077.7
1783212120000,63077.6,63090.0,63063.3,63063.4
1783212300000,63063.3,63080.0,63025.9,63025.9
1783212480000,63026.0,63026.0,63000.0,63000.0
1783212660000,63000.0,63006.7,62986.4,63004.0
1783212840000,62998.8,63016.4,62865.2,62894.8
1783213020000,62894.7,62962.6,62894.7,62962.6
1783213200000,62962.6,63000.8,62955.4,62990.7
1783213380000,62990.7,62990.8,62895.5,62905.2
1783213560000,62905.1,63022.6,62903.3,62986.3
1783213740000,62986.3,62991.0,62951.1,62966.8
1783213920000,62966.8,62980.0,62955.5,62955.6
1783214100000,62955.5,62955.6,62879.8,62881.6
1783214280000,62873.6,62888.8,62844.2,62872.0
1783214460000,62872.1,62872.1,62807.0,62830.8
1783214640000,62830.7,62872.2,62814.9,62870.0
1783214820000,62872.2,62947.1,62872.1,62916.0
1783215000000,62912.8,62912.8,62835.0,62840.5
1783215180000,62840.4,62849.2,62765.0,62819.7
1783215360000,62819.7,62828.4,62781.2,62789.9
1783215540000,62789.9,62840.6,62789.9,62836.5
1783215720000,62836.5,62858.0,62832.6,62836.7
1783215900000,62836.7,62886.5,62800.1,62808.2
1783216080000,62808.3,62847.5,62805.9,62847.5
1783216260000,62851.1,62876.2,62850.0,62866.3
1783216440000,62866.4,62879.9,62850.0,62870.0
1783216620000,62869.5,62875.0,62859.9,62859.9
1783216800000,62859.8,62902.6,62810.2,62826.9
1783216980000,62826.8,62826.9,62785.5,62794.0
1783217160000,62794.1,62799.8,62756.4,62760.0
1783217340000,62760.1,62784.1,62758.5,62765.9
1783217520000,62765.9,62766.3,62711.0,62720.0
1783217700000,62710.1,62728.1,62623.3,62640.8
1783217880000,62710.1,62762.5,62623.3,62751.6
1783218060000,62751.6,62754.3,62715.0,62715.2
1783218240000,62715.2,62727.8,62659.6,62697.8
1783218420000,62688.8,62731.8,62656.3,62731.7
1783218600000,62731.8,62736.3,62695.1,62736.3
1783218780000,62736.2,62772.6,62736.2,62753.8
1783218960000,62753.8,62758.8,62727.8,62727.9
1783219140000,62727.9,62764.5,62712.6,62754.3
1783219320000,62754.4,62754.4,62615.6,62615.6
1783219500000,62615.7,62666.6,62572.0,62631.0
1783219680000,62630.0,62645.0,62583.3,62631.5
1783219860000,62630.0,62645.0,62567.1,62614.0
1783220040000,62614.1,62658.6,62605.4,62658.6
1783220220000,62658.6,62673.8,62634.4,62673.7
1783220400000,62673.7,62701.2,62670.1,62700.4
1783220580000,62700.5,62730.9,62696.2,62722.0
1783220760000,62722.7,62743.6,62725.3,62743.6
1783220940000,62743.6,62754.0,62724.6,62737.0
1783221120000,62736.9,62761.7,62736.9,62738.0
1783221300000,62737.1,62747.0,62729.2,62733.0
1783221480000,62733.0,62733.1,62670.1,62687.9
1783221660000,62688.0,62687.9,62641.7,62664.1
1783221840000,62688.0,62700.0,62641.7,62659.3
1783222020000,62659.3,62662.2,62626.5,62644.5
1783222200000,62641.9,62714.4,62638.2,62658.6
1783222380000,62655.1,62696.3,62651.8,62696.3
1783222560000,62696.3,62728.7,62692.2,62721.5
1783222740000,62721.5,62744.9,62720.6,62741.0
1783222920000,62741.1,62741.1,62701.3,62709.7
1783223100000,62709.7,62743.5,62699.9,62740.0
1783223280000,62739.9,62740.4,62734.6,62740.3
1783223460000,62740.3,62764.8,62709.2,62709.3
1783223640000,62709.3,62765.9,62702.9,62756.5
1783223820000,62709.3,62765.9,62702.9,62739.2
1783224000000,62739.2,62749.9,62680.1,62686.6
1783224180000,62686.5,62744.2,62686.5,62714.7
1783224360000,62714.7,62750.0,62694.3,62750.0
1783224540000,62749.9,62783.3,62737.9,62782.2
1783224720000,62782.3,62799.8,62762.2,62762.3
1783224900000,62762.3,62779.8,62760.0,62775.0
1783225080000,62774.9,62809.5,62774.9,62808.6
1783225260000,62808.6,62830.2,62793.7,62809.1
1783225440000,62809.1,62849.9,62808.9,62826.5
1783225620000,62826.4,62836.2,62822.4,62835.0
1783225800000,62826.4,62922.8,62822.4,62915.5
1783225980000,62915.6,62915.6,62867.8,62892.7
1783226160000,62887.0,62895.3,62872.4,62895.3
1783226340000,62895.3,62916.6,62885.3,62913.7
1783226520000,62913.8,62928.0,62912.7,62912.9
1783226700000,62912.9,62912.9,62820.0,62829.6
1783226880000,62829.5,62839.8,62818.8,62824.9
1783227060000,62824.9,62827.9,62785.3,62795.8
1783227240000,62795.8,62808.4,62784.1,62803.3
1783227420000,62803.3,62815.3,62789.1,62789.1
1783227600000,62789.1,62789.0,62738.7,62738.7
1783227780000,62736.4,62766.2,62721.8,62766.1
1783227960000,62762.1,62762.2,62702.7,62716.6
1783228140000,62716.6,62748.6,62713.9,62736.9
1783228320000,62736.9,62738.7,62720.7,62720.7
1783228500000,62720.7,62741.0,62713.9,62727.5
1783228680000,62727.6,62766.2,62723.3,62757.4
1783228860000,62757.4,62757.5,62716.1,62726.3
1783229040000,62726.3,62744.9,62717.4,62741.3
1783229220000,62741.2,62756.0,62725.3,62730.0
1783229400000,62730.0,62788.4,62729.9,62775.0
1783229580000,62730.0,62788.4,62729.9,62768.3
1783229760000,62768.3,62769.7,62705.1,62707.8
1783229940000,62707.8,62733.8,62637.8,62667.9
1783230120000,62668.0,62675.3,62628.0,62644.9
1783230300000,62644.9,62675.1,62644.0,62667.8
1783230480000,62667.8,62705.0,62665.0,62687.9
1783230660000,62687.8,62743.4,62687.8,62732.1
1783230840000,62732.0,62740.0,62711.2,62735.5
1783231020000,62735.6,62742.9,62716.4,62716.4
1783231200000,62716.3,62722.2,62671.1,62682.1
1783231380000,62682.1,62700.0,62647.9,62700.0
1783231560000,62699.9,62705.9,62676.0,62680.3
1783231740000,62680.2,62686.4,62644.3,62686.3
1783231920000,62686.4,62697.6,62674.9,62697.6
1783232100000,62697.5,62742.2,62686.4,62686.5
1783232280000,62686.5,62760.6,62686.4,62760.3
1783232460000,62760.3,62780.0,62750.1,62766.6
1783232640000,62766.7,62769.0,62750.2,62754.2
1783232820000,62754.2,62774.6,62754.1,62772.0
1783233000000,62772.0,62778.3,62755.2,62778.2
1783233180000,62778.2,62800.0,62772.6,62772.6
1783233360000,62778.2,62800.0,62730.1,62731.4
1783233540000,62731.5,62742.1,62719.9,62729.4
1783233720000,62729.4,62738.3,62718.0,62729.9
1783233900000,62729.8,62742.0,62718.0,62740.3
1783234080000,62740.3,62751.7,62721.5,62746.4
1783234260000,62746.4,62763.7,62731.1,62763.6
1783234440000,62763.7,62774.8,62763.6,62768.8
1783234620000,62768.8,62764.7,62745.6,62749.8
1783234800000,62749.9,62774.2,62749.8,62771.5
1783234980000,62771.5,62771.5,62742.7,62763.7
1783235160000,62763.7,62763.7,62740.4,62746.2
1783235340000,62746.2,62763.7,62728.4,62746.8
1783235520000,62742.7,62746.7,62728.4,62728.7
1783235700000,62728.7,62746.7,62706.0,62746.6
1783235880000,62746.7,62761.2,62690.5,62690.5
1783236060000,62690.6,62808.3,62690.6,62749.9
1783236240000,62749.8,62759.3,62726.6,62726.7
1783236420000,62726.7,62726.7,62718.3,62726.4
1783236600000,62726.4,62778.0,62726.4,62777.9
1783236780000,62778.0,62856.2,62777.9,62848.8
1783236960000,62848.8,62885.4,62824.5,62867.8
1783237140000,62867.8,62892.9,62854.9,62876.1
1783237320000,62876.1,62920.1,62876.1,62895.1
1783237500000,62876.1,62920.1,62868.0,62889.7
1783237680000,62882.7,62937.6,62881.0,62937.4
1783237860000,62935.9,62978.9,62914.8,62968.1
1783238040000,62968.1,62987.5,62968.1,62987.0
1783238220000,62986.9,63039.3,62986.9,62995.2
1783238400000,62995.2,63084.0,62978.9,63025.8
1783238580000,63025.8,63033.0,62963.3,62963.5
1783238760000,62963.4,62986.8,62954.0,62955.0
1783238940000,62955.0,62961.9,62921.9,62932.2
1783239120000,62932.2,63007.9,62932.1,62983.9
1783239300000,62983.9,63023.3,62942.0,62942.0
1783239480000,62942.0,62965.0,62932.0,62960.9
1783239660000,62960.9,62964.0,62922.0,62928.9
1783239840000,62928.9,62929.0,62911.4,62919.9
1783240020000,62919.9,62920.0,62888.0,62910.4
1783240200000,62910.3,62971.9,62910.3,62960.0
1783240380000,62960.0,62960.1,62910.3,62914.6
1783240560000,62914.7,62936.1,62888.0,62936.0
1783240740000,62936.0,62942.0,62911.5,62936.0
1783240920000,62935.9,62936.0,62910.8,62910.8
1783241100000,62910.8,62926.9,62908.8,62926.9
1783241280000,62926.9,62963.9,62885.1,62885.1
1783241460000,62885.1,62900.0,62868.0,62897.0
1783241640000,62885.1,62912.2,62868.0,62912.2
1783241820000,62912.1,62927.8,62893.3,62893.3
1783242000000,62893.4,62908.7,62850.9,62874.6
1783242180000,62874.6,62879.4,62857.9,62874.9
1783242360000,62874.9,62874.9,62850.6,62860.5
1783242540000,62860.4,62880.0,62857.8,62877.9
1783242720000,62877.9,62879.9,62836.1,62851.2
1783242900000,62851.3,62855.4,62845.7,62845.7
1783243080000,62851.1,62851.1,62832.8,62835.2
1783243260000,62835.2,62835.3,62730.0,62745.5
1783243440000,62745.5,62746.3,62719.8,62735.1
1783243620000,62745.5,62746.3,62702.3,62709.6
1783243800000,62709.7,62758.8,62709.6,62710.9
1783243980000,62710.8,62723.3,62700.0,62700.1
1783244160000,62704.0,62720.0,62644.1,62649.9
1783244340000,62649.9,62671.6,62510.0,62545.4
1783244520000,62545.4,62583.2,62411.8,62509.8
1783244700000,62509.9,62580.1,62481.3,62580.0
1783244880000,62580.0,62583.0,62558.4,62583.0
1783245060000,62584.1,62613.8,62560.0,62560.0
1783245240000,62560.0,62615.2,62551.9,62601.9
1783245420000,62601.9,62609.0,62592.4,62609.0
1783245600000,62600.3,62600.3,62512.0,62562.7
1783245780000,62562.6,62638.0,62562.6,62611.1
1783245960000,62605.9,62663.7,62603.2,62640.6
1783246140000,62640.6,62710.4,62640.6,62685.8
1783246320000,62685.8,62685.9,62662.2,62662.2
1783246500000,62661.0,62661.1,62603.1,62636.8
1783246680000,62636.8,62715.3,62636.7,62709.3
1783246860000,62709.4,62709.5,62690.1,62696.9
1783247040000,62697.0,62697.0,62670.2,62680.0
1783247220000,62680.0,62690.1,62660.2,62670.9
1783247400000,62680.0,62712.1,62660.2,62662.0
1783247580000,62660.1,62660.1,62640.2,62653.2
1783247760000,62653.1,62680.0,62653.1,62661.5
1783247940000,62659.7,62680.0,62653.2,62670.7
1783248120000,62670.6,62670.4,62653.7,62662.9
1783248300000,62668.3,62714.6,62659.0,62705.7
1783248480000,62705.7,62728.2,62700.0,62727.8
1783248660000,62732.5,62733.0,62700.0,62730.0
1783248840000,62730.0,62737.9,62717.9,62730.0
1783249020000,62729.9,62738.0,62729.9,62737.6
1783249200000,62737.6,62799.4,62684.3,62703.0
1783249380000,62737.6,62799.4,62669.0,62683.0
1783249560000,62683.1,62694.3,62679.9,62686.3
1783249740000,62686.3,62686.9,62655.8,62670.4
1783249920000,62670.4,62693.3,62653.3,62678.8
1783250100000,62678.8,62678.7,62622.5,62635.8
1783250280000,62635.8,62647.8,62635.6,62647.2
1783250460000,62647.2,62653.7,62609.2,62610.6
1783250640000,62610.6,62614.5,62584.9,62584.9
1783250820000,62584.9,62622.6,62582.3,62602.7
1783251000000,62602.7,62671.3,62590.9,62666.0
1783251180000,62666.0,62698.4,62666.0,62690.4
1783251360000,62666.0,62699.1,62666.0,62680.9
1783251540000,62680.8,62680.9,62666.0,62670.0
1783251720000,62670.0,62687.6,62669.9,62683.5
1783251900000,62678.6,62709.1,62671.1,62697.7
1783252080000,62697.3,62697.4,62663.2,62663.8
1783252260000,62663.9,62669.9,62646.0,62650.8
1783252440000,62650.8,62650.8,62625.0,62645.9
1783252620000,62645.9,62649.2,62614.5,62626.9
1783252800000,62628.4,62632.9,62585.0,62587.2
1783252980000,62587.2,62587.2,62534.4,62583.9
1783253160000,62587.2,62604.3,62534.4,62591.5
1783253340000,62591.5,62599.7,62570.4,62597.8
1783253520000,62597.9,62603.0,62595.0,62598.2
1783253700000,62599.1,62661.1,62599.0,62617.4
1783253880000,62617.4,62635.1,62604.1,62626.8
1783254060000,62626.7,62679.9,62622.0,62668.3
1783254240000,62668.2,62732.3,62663.4,62722.1
1783254420000,62722.2,62728.3,62700.2,62728.2
1783254600000,62728.3,62752.1,62689.9,62693.9
1783254780000,62693.9,62699.9,62625.2,62676.6
1783254960000,62676.6,62732.0,62650.8,62723.7
1783255140000,62676.6,62732.0,62650.8,62692.3
1783255320000,62692.2,62692.3,62682.2,62682.3
1783255500000,62682.2,62712.4,62682.2,62712.4
1783255680000,62712.3,62712.4,62680.0,62680.5
1783255860000,62680.6,62708.3,62680.5,62701.7
1783256040000,62701.7,62706.6,62698.7,62698.8
1783256220000,62698.8,62718.3,62698.7,62718.3
1783256400000,62718.3,62718.3,62667.1,62696.0
1783256580000,62696.0,62722.2,62675.3,62722.2
1783256760000,62696.0,62770.5,62675.3,62768.5
1783256940000,62768.5,62795.2,62734.0,62739.7
1783257120000,62739.8,62739.8,62708.0,62708.1
1783257300000,62708.0,62708.0,62673.8,62703.4
1783257480000,62703.5,62717.3,62696.6,62716.3
1783257660000,62716.3,62716.3,62692.9,62709.9
1783257840000,62710.0,62743.0,62697.7,62705.4
1783258020000,62705.3,62705.4,62617.5,62665.0
1783258200000,62665.0,62705.0,62648.6,62691.4
1783258380000,62691.4,62691.4,62655.6,62666.2
1783258560000,62691.4,62691.4,62655.6,62681.3
1783258740000,62683.7,62705.0,62679.6,62701.0
1783258920000,62700.9,62732.6,62700.9,62721.3
1783259100000,62721.4,62797.9,62721.3,62766.2
1783259280000,62766.3,62780.5,62746.1,62766.0
1783259460000,62766.0,62773.6,62721.1,62761.2
1783259640000,62761.2,62772.2,62753.6,62754.6
1783259820000,62754.6,62769.9,62754.0,62769.8
1783260000000,62769.8,62793.6,62762.6,62762.6
1783260180000,62762.6,62762.7,62682.0,62706.5
1783260360000,62706.5,62721.6,62689.7,62721.3
1783260540000,62721.3,62731.4,62703.3,62708.9
1783260720000,62708.8,62719.0,62685.0,62719.0
1783260900000,62715.4,62715.5,62671.9,62679.7
1783261080000,62679.7,62688.0,62642.3,62665.9
1783261260000,62666.0,62690.4,62664.7,62671.5
1783261440000,62671.4,62687.1,62668.0,62683.8
1783261620000,62683.7,62699.9,62683.7,62684.9
1783261800000,62684.9,62710.0,62635.0,62641.7
1783261980000,62641.8,62666.0,62621.5,62636.6
1783262160000,62636.6,62725.0,62636.5,62724.9
1783262340000,62724.9,62737.9,62699.0,62703.4
1783262520000,62703.4,62759.9,62703.3,62707.5
1783262700000,62703.4,62759.9,62680.8,62696.8
1783262880000,62702.4,62714.2,62698.4,62698.5
1783263060000,62698.5,62709.9,62690.0,62695.1
1783263240000,62695.0,62767.1,62695.0,62767.0
1783263420000,62767.0,62791.4,62752.3,62785.3
1783263600000,62785.3,62791.1,62770.0,62780.8
1783263780000,62780.9,62915.6,62780.0,62857.1
1783263960000,62857.1,62920.0,62856.5,62856.5
1783264140000,62856.5,62866.0,62817.7,62837.3
1783264320000,62837.2,62837.2,62785.8,62785.9
1783264500000,62785.9,62797.0,62724.7,62782.7
1783264680000,62785.9,62797.0,62724.7,62765.1
1783264860000,62765.1,62769.1,62702.0,62733.4
1783265040000,62736.1,62755.4,62712.3,62755.4
1783265220000,62755.3,62767.8,62746.0,62746.0
1783265400000,62741.4,62799.7,62735.0,62789.0
1783265580000,62789.0,62808.3,62769.1,62806.1
1783265760000,62806.3,62877.6,62782.0,62782.0
1783265940000,62782.0,62790.0,62690.5,62709.9
1783266120000,62709.9,62709.9,62662.3,62670.2
1783266300000,62670.2,62720.5,62646.9,62688.3
1783266480000,62688.3,62719.9,62682.6,62719.9
1783266660000,62688.3,62732.0,62682.6,62720.5
1783266840000,62720.5,62735.4,62709.2,62732.1
1783267020000,62732.1,62732.1,62703.1,62711.9
1783267200000,62712.0,62735.9,62702.9,62716.3
1783267380000,62716.2,62740.6,62688.5,62691.8
1783267560000,62744.5,62740.5,62686.3,62690.0
1783267740000,62686.4,62704.9,62667.0,62703.7
1783267920000,62703.7,62709.0,62686.8,62686.8
1783268100000,62686.9,62702.8,62678.9,62678.9
1783268280000,62678.9,62690.3,62668.5,62681.4
1783268460000,62681.4,62681.5,62632.1,62669.8
1783268640000,62681.4,62690.3,62632.1,62650.1
1783268820000,62642.5,62656.9,62578.5,62596.8
1783269000000,62596.8,62639.6,62583.9,62629.1
1783269180000,62629.1,62639.7,62610.1,62639.7
1783269360000,62639.7,62641.4,62596.0,62599.3
1783269540000,62599.3,62617.2,62596.0,62617.2
1783269720000,62617.2,62617.2,62588.6,62599.9
1783269900000,62599.9,62614.2,62599.9,62606.5
1783270080000,62606.6,62620.0,62598.0,62598.1
1783270260000,62598.1,62601.8,62570.0,62601.7
1783270440000,62601.8,62630.7,62599.9,62610.3
1783270620000,62601.8,62634.5,62599.9,62616.2
1783270800000,62611.9,62665.8,62611.9,62657.6
1783270980000,62657.6,62717.7,62657.5,62682.9
1783271160000,62682.9,62699.5,62678.4,62694.8
1783271340000,62694.8,62700.0,62678.4,62691.4
1783271520000,62691.4,62692.4,62662.7,62688.6
1783271700000,62688.6,62701.8,62679.7,62701.7
1783271880000,62701.8,62701.8,62673.4,62686.1
1783272060000,62686.0,62796.4,62667.8,62774.9
1783272240000,62774.9,62778.2,62703.4,62708.1
1783272420000,62708.1,62708.1,62656.9,62662.1
1783272600000,62662.1,62685.2,62624.7,62656.9
1783272780000,62661.1,62684.6,62651.0,62651.1
1783272960000,62651.1,62678.7,62650.1,62666.8
1783273140000,62666.8,62680.1,62650.0,62655.3
1783273320000,62655.3,62655.3,62573.5,62577.1
1783273500000,62579.7,62626.0,62576.9,62626.0
1783273680000,62626.0,62647.3,62617.5,62621.2
1783273860000,62621.2,62621.2,62575.0,62585.4
1783274040000,62585.4,62591.7,62572.2,62589.0
1783274220000,62589.0,62612.2,62586.6,62601.3
1783274400000,62601.3,62616.1,62587.8,62616.0
1783274580000,62615.9,62650.9,62596.2,62641.3
1783274760000,62641.3,62665.1,62598.3,62607.3
1783274940000,62607.3,62651.5,62607.3,62640.6
1783275120000,62640.7,62640.7,62619.5,62629.8
1783275300000,62629.8,62685.1,62630.0,62660.1
1783275480000,62660.0,62665.5,62657.4,62665.5
1783275660000,62665.5,62672.2,62656.3,62668.8
1783275840000,62668.8,62697.0,62650.2,62689.3
1783276020000,62689.3,62693.4,62657.6,62657.6
1783276200000,62657.6,62676.0,62651.0,62656.6
1783276380000,62656.6,62695.0,62656.6,62687.4
1783276560000,62687.5,62699.0,62687.4,62698.9
1783276740000,62699.0,62738.0,62698.9,62723.7
1783276920000,62723.6,62734.5,62717.8,62734.5
1783277100000,62734.5,62734.5,62703.9,62712.2
1783277280000,62712.2,62760.0,62712.2,62755.3
1783277460000,62755.3,62857.7,62755.3,62814.0
1783277640000,62814.0,62814.0,62765.5,62790.0
1783277820000,62790.0,62800.0,62781.6,62787.6
1783278000000,62787.6,62787.6,62745.0,62786.2
1783278180000,62786.1,62820.5,62773.2,62777.3
1783278360000,62780.6,62780.7,62755.4,62772.5
1783278540000,62772.5,62788.0,62764.1,62787.6
1783278720000,62787.6,62839.9,62787.6,62812.8
1783278900000,62812.8,62848.5,62811.8,62811.9
1783279080000,62811.9,62812.5,62795.6,62795.6
1783279260000,62795.7,62798.3,62760.1,62765.4
1783279440000,62765.3,62765.4,62691.3,62731.9
1783279620000,62731.9,62760.2,62725.5,62757.0
1783279800000,62731.9,62806.3,62725.5,62783.4
1783279980000,62783.4,62790.8,62757.1,62757.1
1783280160000,62783.4,62790.8,62757.1,62774.9
1783280340000,62774.8,62774.9,62746.7,62746.7
1783280520000,62746.8,62764.5,62742.0,62764.5
1783280700000,62772.9,62800.8,62763.7,62800.8
1783280880000,62801.3,62806.0,62742.4,62742.5
1783281060000,62742.4,62750.5,62732.9,62733.0
1783281240000,62732.9,62751.0,62732.9,62742.6
1783281420000,62742.7,62750.2,62742.6,62747.2
1783281600000,62744.0,62774.3,62738.4,62760.1
1783281780000,62760.1,62763.7,62742.3,62756.3
1783281960000,62756.3,62780.2,62756.2,62778.8
1783282140000,62756.3,62815.1,62756.2,62793.1
1783282320000,62793.1,62793.1,62787.0,62793.0
1783282500000,62793.1,62796.6,62766.7,62766.7
1783282680000,62766.7,62766.8,62704.7,62729.9
1783282860000,62729.8,62745.1,62724.6,62737.1
1783283040000,62737.1,62737.1,62691.0,62696.8
1783283220000,62696.8,62698.6,62671.5,62698.6
1783283400000,62698.5,62698.6,62675.4,62686.4
1783283580000,62686.4,62705.1,62670.0,62692.2
1783283760000,62692.2,62703.3,62688.3,62697.3
1783283940000,62697.3,62717.6,62697.3,62710.0
1783284120000,62710.0,62716.1,62709.9,62716.1
1783284300000,62716.1,62732.3,62716.1,62724.1
1783284480000,62724.1,62734.4,62713.3,62727.2
1783284660000,62727.3,62734.7,62723.7,62726.8
1783284840000,62726.8,62726.9,62706.8,62721.1
1783285020000,62721.1,62721.2,62704.7,62704.7
1783285200000,62704.7,62704.8,62641.9,62650.8
1783285380000,62650.7,62656.7,62627.9,62630.0
1783285560000,62630.0,62630.1,62580.0,62591.9
1783285740000,62591.9,62657.3,62591.9,62656.0
1783285920000,62656.0,62734.6,62655.9,62712.0
1783286100000,62712.0,62727.0,62695.4,62726.8
1783286280000,62726.8,62877.3,62726.7,62855.1
1783286460000,62855.1,62912.5,62825.1,62891.4
1783286640000,62891.4,62891.4,62834.0,62860.2
1783286820000,62860.3,62908.3,62850.3,62889.5
1783287000000,62889.6,63025.1,62889.5,62913.0
1783287180000,62913.1,62920.8,62863.5,62879.9
1783287360000,62879.9,62948.7,62879.9,62924.9
1783287540000,62925.0,62943.3,62896.8,62926.1
1783287720000,62926.0,63005.7,62912.0,63003.4
1783287900000,63003.4,63025.0,62955.8,62973.3
1783288080000,62973.3,62973.3,62929.8,62943.2
1783288260000,62973.3,62973.3,62914.6,62927.1
1783288440000,62927.1,63201.1,62927.0,63177.0
1783288620000,63178.5,63182.7,63062.0,63070.5
1783288800000,63070.4,63086.2,62979.3,63052.4
1783288980000,63052.4,63133.3,62976.5,63058.4
1783289160000,63063.1,63085.8,62991.8,63007.6
1783289340000,63007.6,63170.0,63007.6,63127.6
1783289520000,63127.6,63200.1,63101.1,63200.1
1783289700000,63200.0,63377.0,63168.8,63333.6
1783289880000,63333.6,63627.0,63330.0,63561.5
1783290060000,63333.6,63627.0,63330.0,63503.1
1783290240000,63503.0,63561.3,63481.1,63520.0
1783290420000,63518.4,63720.3,63518.4,63684.8
1783290600000,63695.0,63939.5,63687.9,63719.9
1783290780000,63719.9,63720.0,63534.0,63610.7
1783290960000,63606.5,63683.3,63560.0,63578.6
1783291140000,63578.5,63636.9,63571.0,63580.0
1783291320000,63580.1,63580.1,63520.3,63545.8
1783291500000,63545.9,63689.5,63545.8,63662.4
1783291680000,63662.4,63662.5,63540.0,63579.6
1783291860000,63579.7,63625.9,63559.7,63605.1
1783292040000,63605.1,63640.0,63582.2,63593.3
1783292220000,63605.1,63727.3,63562.5,63719.9
1783292400000,63717.1,63790.2,63689.2,63749.4
1783292580000,63749.4,63838.4,63728.5,63822.0
1783292760000,63822.1,63830.7,63728.4,63807.1
1783292940000,63807.1,63863.9,63753.0,63832.9
1783293120000,63832.9,63969.7,63820.7,63955.9
1783293300000,63953.3,63985.1,63867.7,63895.3
1783293480000,63895.3,63935.6,63820.0,63820.0
1783293660000,63820.1,63891.6,63777.4,63781.2
1783293840000,63781.2,63780.6,63657.0,63699.9
1783294020000,63699.9,63743.5,63646.2,63648.1
1783294200000,63648.1,63690.1,63622.6,63633.5
1783294380000,63648.1,63690.1,63592.1,63610.0
1783294560000,63609.9,63665.8,63604.9,63627.2
1783294740000,63627.1,63678.0,63620.0,63677.9
1783294920000,63677.9,63700.0,63650.8,63669.3
1783295100000,63669.3,63669.3,63601.0,63601.1
1783295280000,63601.0,63626.5,63556.5,63626.5
1783295460000,63628.1,63639.7,63549.7,63555.0
1783295640000,63555.0,63576.7,63542.8,63549.9
1783295820000,63549.9,63634.2,63548.4,63617.2
1783296000000,63617.2,63635.2,63533.5,63625.9
1783296180000,63636.7,63683.2,63606.0,63624.4
1783296360000,63624.5,63649.1,63504.8,63504.8
1783296540000,63504.8,63549.7,63453.2,63517.2
1783296720000,63517.2,63560.8,63504.8,63560.7
1783296900000,63575.8,63687.0,63563.6,63597.9
1783297080000,63597.9,63619.0,63470.0,63499.9
1783297260000,63499.9,63538.9,63465.1,63504.1
1783297440000,63504.1,63506.9,63414.0,63454.4
1783297620000,63454.4,63469.0,63377.4,63384.1
1783297800000,63382.7,63494.6,63311.9,63462.4
1783297980000,63460.8,63460.8,63385.0,63458.1
1783298160000,63458.1,63545.4,63430.8,63536.3
1783298340000,63458.1,63600.2,63430.8,63599.9
1783298520000,63611.8,63627.6,63555.4,63577.2
1783298700000,63577.2,63675.7,63577.2,63588.6
1783298880000,63588.6,63752.7,63580.8,63710.2
1783299060000,63710.1,63725.2,63633.5,63654.6
1783299240000,63654.6,63665.9,63594.9,63649.9
1783299420000,63649.9,63736.3,63649.9,63728.4
1783299600000,63728.4,63755.3,63658.3,63734.3
1783299780000,63727.5,63733.3,63670.5,63693.0
1783299960000,63692.9,63835.2,63663.6,63814.9
1783300140000,63817.7,63823.2,63743.5,63743.5
1783300320000,63743.6,63820.0,63743.5,63782.1
1783300500000,63743.6,63826.6,63735.1,63779.2
1783300680000,63779.2,63807.0,63752.6,63791.0
1783300860000,63791.0,63791.1,63702.7,63716.3
1783301040000,63716.3,63716.4,63591.7,63606.6
1783301220000,63603.8,63715.4,63575.0,63709.1
1783301400000,63709.0,63861.9,63663.0,63839.8
1783301580000,63829.2,63897.6,63774.5,63828.6
1783301760000,63828.5,63863.2,63772.3,63772.3
1783301940000,63772.4,63774.9,63728.3,63761.6
1783302120000,63761.6,63761.5,63690.6,63690.6
1783302300000,63690.0,63690.1,63626.4,63626.5
1783302480000,63626.5,63626.4,63556.4,63569.6
1783302660000,63569.6,63590.0,63550.0,63556.2
1783302840000,63552.1,63573.7,63520.0,63571.3
1783303020000,63571.3,63584.2,63535.7,63544.2
1783303200000,63544.2,63633.5,63544.1,63633.4
1783303380000,63638.0,63644.1,63544.3,63553.3
1783303560000,63553.3,63553.4,63408.0,63451.5
1783303740000,63449.1,63462.3,63381.4,63423.7
1783303920000,63423.7,63439.2,63384.0,63426.0
1783304100000,63425.4,63465.1,63410.0,63441.8
1783304280000,63441.8,63526.1,63431.1,63526.1
1783304460000,63526.1,63635.9,63519.4,63584.4
1783304640000,63584.4,63596.7,63552.9,63580.0
1783304820000,63581.7,63590.0,63489.6,63496.1
1783305000000,63496.2,63604.8,63464.0,63561.8
1783305180000,63561.8,63557.6,63467.1,63499.5
1783305360000,63499.5,63530.0,63466.2,63529.9
1783305540000,63529.9,63540.6,63358.9,63396.1
1783305720000,63396.1,63430.9,63356.5,63363.1
1783305900000,63363.0,63438.3,63363.1,63381.2
1783306080000,63381.1,63396.4,63366.9,63375.4
1783306260000,63375.4,63400.0,63340.4,63377.3
1783306440000,63377.3,63429.7,63363.1,63365.9
1783306620000,63377.3,63464.3,63363.1,63434.3
1783306800000,63425.1,63448.3,63413.2,63434.4
1783306980000,63434.4,63477.5,63415.2,63415.3
1783307160000,63415.3,63431.8,63377.9,63394.6
1783307340000,63394.7,63429.1,63387.6,63422.2
1783307520000,63422.3,63422.3,63367.8,63384.9
1783307700000,63384.9,63400.9,63350.0,63376.6
1783307880000,63382.0,63384.5,63361.6,63373.9
1783308060000,63373.9,63379.3,63219.0,63220.1
1783308240000,63215.3,63261.7,63167.0,63238.1
1783308420000,63238.1,63258.6,63166.2,63198.9
1783308600000,63198.9,63208.5,63101.3,63157.3
1783308780000,63161.8,63230.8,63133.4,63220.7
1783308960000,63220.7,63296.9,63213.0,63266.3
1783309140000,63266.3,63271.5,63211.8,63211.8
1783309320000,63208.8,63221.6,63162.7,63180.5
1783309500000,63180.6,63238.8,63173.4,63212.1
1783309680000,63212.2,63235.3,63168.4,63209.7
1783309860000,63209.7,63210.0,63160.0,63210.0
1783310040000,63210.0,63225.8,63187.3,63219.9
1783310220000,63219.9,63273.0,63213.0,63272.9
1783310400000,63272.9,63292.9,63250.0,63271.2
1783310580000,63271.2,63362.8,63260.6,63303.7
1783310760000,63303.7,63303.7,63242.0,63254.0
1783310940000,63254.0,63289.6,63203.6,63285.2
1783311120000,63285.2,63325.6,63276.2,63312.1
1783311300000,63312.1,63314.9,63280.6,63283.4
1783311480000,63283.4,63337.4,63280.1,63331.1
1783311660000,63331.0,63331.1,63282.1,63288.6
1783311840000,63284.7,63293.0,63191.7,63191.7
1783312020000,63191.8,63213.3,63154.6,63200.2
1783312200000,63200.2,63238.1,63163.1,63211.6
1783312380000,63211.6,63277.0,63211.6,63264.4
1783312560000,63264.4,63301.0,63256.2,63296.1
1783312740000,63296.1,63368.3,63296.1,63343.5
1783312920000,63296.1,63368.3,63280.1,63280.2
1783313100000,63280.1,63291.6,63264.7,63282.2
1783313280000,63287.4,63329.3,63280.0,63303.9
1783313460000,63303.8,63326.1,63294.9,63306.7
1783313640000,63306.7,63315.1,63295.0,63307.0
1783313820000,63306.9,63307.0,63200.1,63242.9
1783314000000,63242.9,63242.9,63200.1,63232.2
1783314180000,63232.2,63231.2,63171.3,63193.0
1783314360000,63193.1,63200.0,63153.7,63160.0
1783314540000,63156.8,63222.4,63133.5,63215.7
1783314720000,63215.7,63215.7,63174.4,63174.5
1783314900000,63215.7,63215.7,63114.4,63200.1
1783315080000,63200.1,63200.1,63149.1,63166.6
1783315260000,63166.5,63166.5,63126.0,63138.7
1783315440000,63138.7,63154.8,63121.1,63143.8
1783315620000,63143.8,63143.8,62962.1,62979.1
1783315800000,62977.4,63010.3,62914.8,63010.3
1783315980000,63007.9,63050.9,62950.0,63036.4
1783316160000,63036.4,63117.9,63024.3,63106.5
1783316340000,63106.5,63120.1,63079.4,63093.9
1783316520000,63093.9,63135.1,63066.1,63078.1
1783316700000,63093.9,63135.1,63054.0,63063.8
1783316880000,63063.8,63102.5,63055.1,63097.7
1783317060000,63097.7,63120.5,63080.1,63117.2
1783317240000,63117.2,63142.9,63117.1,63118.8
1783317420000,63118.8,63125.2,63086.0,63086.0
1783317600000,63086.0,63125.6,63058.4,63070.0
1783317780000,63070.1,63110.4,63057.2,63067.3
1783317960000,63067.3,63067.5,63011.1,63041.7
1783318140000,63041.7,63080.2,63032.6,63061.2
1783318320000,63061.1,63092.8,63050.6,63092.7
1783318500000,63061.1,63121.9,63050.6,63071.6
1783318680000,63071.6,63071.6,63000.1,63000.1
1783318860000,63000.1,63028.1,62971.7,63028.1
1783319040000,63028.2,63028.1,62976.5,62985.8
1783319220000,62985.8,63010.9,62962.0,63003.2
1783319400000,63003.3,63010.5,62991.2,62997.6
